node_id,pca_1,pca_2,true_label,model
81488,0.9504914,4.61138,17,GCN
114492,1.0726295,-2.4533272,28,GCN
132203,0.69990396,2.2455182,25,GCN
3867,-3.133886,0.2952404,16,GCN
52939,-3.4645576,-1.9810691,16,GCN
160111,-0.47448397,2.7639217,24,GCN
44984,2.6218987,4.793255,30,GCN
160023,-2.1951013,-1.0204773,3,GCN
117684,-2.101232,-1.3519102,24,GCN
117718,1.4187951,6.0333495,6,GCN
74283,0.27974463,-2.79183,5,GCN
64911,1.4743905,4.0926375,10,GCN
11454,-4.0793824,-1.1676819,25,GCN
48985,-0.15793061,-4.1303067,28,GCN
53787,11.85493,-2.921514,4,GCN
134296,-1.5814526,-2.8533583,8,GCN
105362,3.0587568,-1.7375867,2,GCN
104755,-0.2704556,0.83076906,24,GCN
14253,3.5662613,-1.7636868,26,GCN
70290,0.1794424,-1.9414803,28,GCN
23798,1.4592719,2.7608738,24,GCN
84601,-0.56768775,-3.392928,5,GCN
154196,-3.5805132,-2.116533,16,GCN
100460,4.48501,1.9070902,11,GCN
108307,-0.6742768,1.8529954,24,GCN
15290,1.271544,-1.6640534,10,GCN
40873,2.1878247,-1.717817,8,GCN
19763,3.4192667,-4.1596475,5,GCN
144966,0.60361147,-2.1150336,4,GCN
75032,-4.217916,-1.3882133,16,GCN
96562,2.0616274,1.2888088,24,GCN
92437,4.763713,-2.179666,34,GCN
38250,0.75634575,-1.6061612,8,GCN
122835,-2.7221835,0.70024204,30,GCN
133339,5.4548826,14.712231,16,GCN
159613,-0.46697307,-4.2896967,28,GCN
59521,-2.2392476,2.7454014,16,GCN
102760,-1.7196872,0.5936518,16,GCN
134447,2.7909436,2.6110902,24,GCN
148082,1.4724097,-2.218503,4,GCN
34186,1.1019478,0.32450128,24,GCN
15697,-2.4167213,-1.2154602,30,GCN
114936,-1.5452316,2.8005934,16,GCN
81749,-0.6941693,1.5076475,24,GCN
146965,-1.6277735,-0.41724586,16,GCN
92596,1.5749683,-0.11972451,10,GCN
72787,-3.7169304,-1.3050356,1,GCN
113688,-3.3950207,-3.2310312,24,GCN
34387,0.76776695,-1.0636601,4,GCN
59212,0.7115741,-0.4847579,24,GCN
27661,-0.057863712,-1.8118125,3,GCN
151587,1.9575348,2.243013,20,GCN
58135,1.4875035,2.1515718,24,GCN
3767,1.9171414,4.162557,30,GCN
114857,-2.6267176,1.4324775,16,GCN
158664,1.3014641,-4.7698736,28,GCN
151568,0.41587496,-3.5539412,8,GCN
165229,-3.5336025,0.59465766,16,GCN
167899,-0.2625606,2.6107616,24,GCN
85400,3.6168175,-2.7955475,34,GCN
80151,3.177732,-3.1206121,2,GCN
113199,1.43857,-2.210339,37,GCN
74181,3.060233,-5.38101,29,GCN
81961,0.9536991,-2.8839796,28,GCN
133049,6.017352,-1.0083928,28,GCN
29019,-2.7455583,1.5498037,16,GCN
114470,11.5295925,17.542576,24,GCN
109700,-0.6813166,-1.8426821,10,GCN
11632,-1.9854355,0.19938564,27,GCN
161432,0.22451639,-0.030441284,3,GCN
115911,0.5185118,-1.9881771,2,GCN
103872,2.4134483,-0.5676968,26,GCN
24606,1.0030799,3.3149576,30,GCN
78895,-1.5272923,2.3630357,16,GCN
89769,2.7410364,-2.5393248,19,GCN
99969,-1.113939,1.2279506,30,GCN
65712,1.7424679,1.0072613,24,GCN
161342,-2.9712873,-0.36090207,4,GCN
96415,-1.425031,1.7632403,30,GCN
146797,-2.3957253,0.77132916,30,GCN
96374,2.5038552,2.48319,24,GCN
9752,2.7225714,5.0522246,3,GCN
133103,-0.933516,-0.55105615,24,GCN
162240,-0.003314495,1.0777597,24,GCN
12543,-2.6016202,-2.0175877,30,GCN
163484,5.8356466,-0.9170072,19,GCN
85942,2.5134025,3.4779606,24,GCN
30263,-1.8424404,-0.6616292,24,GCN
151747,-1.3288934,5.474335,16,GCN
36884,3.7895236,-3.7343762,34,GCN
141474,3.689836,4.9524636,10,GCN
31156,-2.5372877,-0.1995449,24,GCN
151638,-1.6570466,-0.44093657,30,GCN
112109,-1.6351671,3.0965233,24,GCN
119745,1.2330728,0.02318573,24,GCN
136232,-3.10245,-0.39926457,16,GCN
2244,2.3718038,-0.7660079,28,GCN
80142,2.0235066,-0.7598467,24,GCN
149028,-1.9054534,-0.49557424,24,GCN
81461,-1.8667984,1.4331794,16,GCN
144955,3.544292,-1.461434,5,GCN
47726,-0.4582262,-2.8793468,28,GCN
3102,-4.239215,-1.3717804,16,GCN
83272,2.9846358,-2.2900946,28,GCN
145437,-0.75822616,0.9580922,25,GCN
95235,-2.8701925,-0.99760437,30,GCN
31685,4.07012,-0.21230006,28,GCN
68392,0.35715246,2.4246206,27,GCN
144999,1.2963338,-2.6190143,2,GCN
88664,1.5968075,0.27530646,24,GCN
129102,3.0288067,1.8656616,4,GCN
22340,-1.8495841,-2.1980429,24,GCN
28294,-1.6113839,3.2484345,16,GCN
13046,-2.8793244,0.38613176,16,GCN
64899,1.7285194,4.830886,27,GCN
25931,-3.29152,-0.3648529,31,GCN
71458,0.9028759,2.2939558,24,GCN
90018,-1.5053084,0.5287614,16,GCN
35521,-1.4233551,0.39771152,24,GCN
135623,-3.5400069,-1.4030377,16,GCN
6442,-0.56519437,0.50751185,24,GCN
28533,-3.7127275,0.09411597,16,GCN
39142,2.340807,6.181768,24,GCN
108466,2.4083333,3.8292346,3,GCN
94730,-1.6434588,1.6921201,25,GCN
97365,-2.3413758,1.0506449,24,GCN
74966,2.2657466,-3.9543958,28,GCN
135627,1.8974795,-0.10112524,10,GCN
16613,1.0433226,-2.1725993,2,GCN
7481,-0.8126061,0.91150856,30,GCN
111626,-4.1008286,-0.25474358,16,GCN
35178,-3.0051646,-0.10758948,30,GCN
126884,4.931341,-1.5043005,9,GCN
81917,-0.49109006,0.741384,24,GCN
121598,-2.4920986,-0.044499397,24,GCN
99060,1.4616799,-2.381271,9,GCN
95996,0.5484576,0.6997874,16,GCN
39246,0.8891983,1.6641297,24,GCN
100536,-2.5781887,1.3814883,16,GCN
85398,-0.30984497,3.713323,16,GCN
68854,-2.8227851,-1.5087854,24,GCN
51543,-1.165101,0.38649893,24,GCN
3316,2.2518024,-3.3033347,28,GCN
56666,1.0447688,1.475203,24,GCN
111117,-1.9261293,-2.4514608,30,GCN
75572,-1.1324067,-0.15728045,30,GCN
55615,-3.2393517,-1.0492184,24,GCN
162756,1.4624348,-0.6339233,5,GCN
7487,-3.656175,-1.0386894,16,GCN
115003,0.15505743,1.9033866,24,GCN
35567,-3.530103,-1.7706419,30,GCN
116170,-3.433669,0.27826118,25,GCN
56843,-2.059164,0.2926979,31,GCN
121129,-2.738472,0.61258006,24,GCN
163533,-2.9256988,0.48917198,1,GCN
144130,-3.164647,-0.67213154,16,GCN
169304,0.94756603,3.0320187,31,GCN
88050,2.6580963,-2.4485788,28,GCN
77828,1.1714644,5.3772244,16,GCN
136207,4.285784,-3.8029196,4,GCN
149416,-0.66085124,0.77130485,16,GCN
150342,-0.26133847,-2.4638839,26,GCN
169208,1.2910604,-2.2052999,26,GCN
31218,-2.853218,0.43534493,16,GCN
113621,-1.1135335,-0.18150616,24,GCN
22405,-2.817518,1.4216924,16,GCN
103731,4.2900724,3.6933765,0,GCN
126808,1.9176631,-1.4627362,8,GCN
32431,0.97515345,3.5928931,27,GCN
140204,4.0976095,9.378456,27,GCN
23795,3.5980215,0.25392294,26,GCN
106966,-0.07121134,2.3321538,24,GCN
85954,0.9966965,-1.4954101,22,GCN
53093,-3.0975728,-1.4250536,31,GCN
141461,1.861217,-2.513551,26,GCN
93416,1.3513565,1.5795074,19,GCN
28562,-2.127789,-1.5602554,24,GCN
85895,-2.5695775,3.6986327,16,GCN
2079,-0.7200844,-0.9581127,8,GCN
20434,-0.12656617,4.576594,25,GCN
140019,-1.7786832,3.34839,16,GCN
98611,0.7135906,4.4858274,16,GCN
125638,-3.9144204,-2.4839735,16,GCN
71084,-4.0282226,-1.9404991,16,GCN
11492,-3.9162989,-1.057615,16,GCN
60459,3.7679815,-1.7647645,8,GCN
69727,-2.9684796,1.5182381,16,GCN
105692,-0.34064698,-0.8155544,24,GCN
70037,3.3052578,-1.7001768,39,GCN
36485,-0.9429734,2.8942823,16,GCN
95195,2.970367,-3.3845525,4,GCN
81631,0.06911564,1.9880967,30,GCN
24949,0.3746934,2.2622752,16,GCN
16611,-1.7058887,1.1342978,30,GCN
167479,1.4324503,-4.5162067,5,GCN
3721,0.7171645,-0.003247738,37,GCN
3698,-3.111216,-0.40641952,16,GCN
126425,-0.8638003,1.7083936,30,GCN
91249,3.70406,-3.6096964,5,GCN
144964,-3.1008182,1.4436059,16,GCN
8833,-3.3222256,-2.2701738,31,GCN
2036,-2.6853576,0.6558559,16,GCN
10249,-3.6899507,-2.1644366,4,GCN
107930,3.8555493,1.1479115,32,GCN
43650,3.198358,-1.1589514,34,GCN
139977,-1.3296411,2.9878888,16,GCN
102986,-1.4857607,0.8701234,24,GCN
40516,3.3428779,2.5263176,13,GCN
28491,-0.9485252,2.4235086,4,GCN
18008,-2.8914387,-0.24166226,30,GCN
50224,1.2539706,-3.6900063,8,GCN
152938,-3.0143285,0.3881116,16,GCN
3670,-4.0166507,-1.336284,16,GCN
28485,2.051947,1.853271,27,GCN
87130,-3.827713,-1.2638683,16,GCN
154275,-0.9735508,3.555593,24,GCN
118993,1.3911409,0.7605827,34,GCN
17019,-1.5761166,0.2947898,24,GCN
35741,-1.4510963,-1.1325911,10,GCN
8897,2.1068878,0.7740476,33,GCN
159587,5.550269,-0.65669966,34,GCN
154470,-0.8878994,6.271648,16,GCN
133503,1.2989683,3.1860127,16,GCN
83328,0.79951096,-0.7220299,6,GCN
30165,-2.6537576,-0.81339717,24,GCN
165128,3.07516,-2.4547124,2,GCN
20611,-2.4693437,-1.6724079,30,GCN
83031,2.5445294,-2.5062866,19,GCN
52518,3.5177026,-2.1530216,4,GCN
66338,-1.558456,0.012798071,27,GCN
52949,-3.2397764,-0.40497565,16,GCN
165343,-0.7972286,-3.3625727,8,GCN
117645,1.8084683,0.3837464,8,GCN
106606,3.3527117,4.349722,24,GCN
64432,-2.1676133,1.9523959,16,GCN
64887,4.3569994,-1.2036049,36,GCN
100010,-3.9069238,-1.1545378,16,GCN
90744,-1.173945,-0.59729147,24,GCN
79409,3.9840899,-2.1062806,28,GCN
27676,-1.7569697,2.453742,24,GCN
88279,-3.430142,-2.9480906,30,GCN
12937,-1.3651426,-2.7073755,28,GCN
85891,1.2468576,4.1210165,24,GCN
100024,-2.3459644,1.7937689,24,GCN
50439,3.0964494,-2.4637017,8,GCN
6226,1.7772512,-2.6567435,4,GCN
42398,-2.110785,-1.5231906,16,GCN
150697,0.057436466,-0.53435683,24,GCN
125497,0.43174553,0.58866763,10,GCN
91287,0.8936815,-2.7228513,34,GCN
142332,-0.9716816,2.2836103,24,GCN
144144,-2.7534385,-0.3888836,30,GCN
154564,-0.75160646,2.1629725,24,GCN
70310,-0.3215692,2.088204,24,GCN
154619,-3.0424328,0.3792901,16,GCN
38298,-2.1982276,-0.5550842,24,GCN
68933,-3.8444333,0.52717996,16,GCN
147641,2.0066557,4.4893093,24,GCN
47755,-1.0471573,-1.7896786,28,GCN
35613,3.2262115,2.8053837,10,GCN
130840,2.0729952,-3.3791463,28,GCN
105173,-2.6164322,-1.2148737,24,GCN
83174,-1.6494052,0.32564878,16,GCN
59652,-1.0939682,1.384274,23,GCN
32502,-4.188977,-2.061677,16,GCN
51196,0.8266244,-0.2831986,19,GCN
146478,4.6829615,-2.8801718,39,GCN
63467,2.049632,-1.6753753,5,GCN
134892,-0.026089191,0.9197011,24,GCN
113559,-2.890458,-0.07612467,16,GCN
100395,3.6330938,-1.1199582,4,GCN
54061,1.9880567,-0.41430402,31,GCN
82942,-2.2910295,-1.675034,24,GCN
17236,1.3123388,-2.7857687,28,GCN
154851,0.734694,1.1074591,7,GCN
1875,-2.9240437,0.85062456,16,GCN
166709,-3.757185,-0.9265928,16,GCN
118181,3.7534304,-3.403546,34,GCN
91331,-1.5461583,3.042348,24,GCN
157368,1.4403882,-2.7729485,2,GCN
41812,2.4232564,-0.5747168,23,GCN
107068,1.0580788,-1.9280739,36,GCN
165164,-1.7364597,1.805727,27,GCN
55448,-2.595899,0.11865711,16,GCN
45785,-1.5202162,1.6535592,24,GCN
113743,1.9515638,4.03654,24,GCN
35577,2.6263618,-2.8724177,4,GCN
163849,-0.58217764,7.4148774,16,GCN
156142,5.0812664,1.7041254,18,GCN
56908,-0.4630263,2.1810389,24,GCN
133526,-1.6800466,1.2677889,16,GCN
77671,-3.2454934,-1.3302397,24,GCN
118901,-3.8271613,-1.1134815,16,GCN
25013,-3.3537378,-0.23210883,24,GCN
78937,0.39263773,0.11100769,4,GCN
148225,2.340948,-3.1197364,4,GCN
142360,1.56179,2.7138238,24,GCN
160064,-1.313513,-0.6014633,30,GCN
36773,-0.46470046,-1.9219778,26,GCN
24617,1.7982774,1.488419,24,GCN
119751,-0.095944405,1.542758,19,GCN
46049,-0.1988275,3.93087,24,GCN
64901,-3.6562228,-1.9961877,24,GCN
48983,-4.217255,-1.5213356,16,GCN
100533,1.2962317,1.2260284,24,GCN
62256,3.9733453,-2.9460924,28,GCN
51639,-2.414643,-0.09861684,16,GCN
31155,1.4049654,2.330768,27,GCN
98689,3.4236965,0.34717274,36,GCN
63471,-2.735816,-1.7618843,24,GCN
26434,2.1530833,-1.0991542,5,GCN
151946,2.4000506,-1.8311819,4,GCN
148081,-1.7212338,1.9470811,30,GCN
17067,0.11039162,3.277957,1,GCN
24917,3.508368,-2.424498,28,GCN
153294,5.1813784,-3.5387928,4,GCN
157260,-1.6206036,-2.507277,24,GCN
34261,-2.9505744,-1.0401471,27,GCN
5109,-2.97402,0.052103758,16,GCN
111852,2.902659,4.518329,27,GCN
115116,-1.804281,2.1093554,24,GCN
84604,-4.5541606,-1.609814,16,GCN
161372,1.484292,0.4645965,30,GCN
58010,3.2291584,0.6722388,31,GCN
68223,-2.70528,-2.0595136,7,GCN
162654,-0.6476474,1.4491463,24,GCN
700,0.7751074,-2.123002,28,GCN
92488,3.7636023,1.709631,27,GCN
15433,1.0795035,2.4290047,16,GCN
23279,0.39901257,-0.2694037,24,GCN
34328,2.3785424,4.8145757,24,GCN
67136,1.2298813,0.7004156,24,GCN
28954,2.5204663,4.3150268,24,GCN
92580,-2.210693,-0.5443933,24,GCN
71094,-0.37455153,3.765222,10,GCN
80703,3.4325595,2.7425642,11,GCN
150862,-2.6934376,1.2217441,16,GCN
152037,-3.6443632,-1.6790094,24,GCN
74123,-0.47037387,-0.8450446,24,GCN
88055,1.0164981,-2.3455968,4,GCN
77989,-2.8803058,-0.5837469,30,GCN
53049,-0.87115765,0.27344942,10,GCN
145037,1.3901591,2.3201966,17,GCN
81415,3.6144857,3.0024805,24,GCN
76285,3.7434945,-0.71463966,10,GCN
105253,5.137986,0.70953727,18,GCN
81471,0.07566881,0.87513685,24,GCN
64812,-2.4412608,-2.0912728,24,GCN
161894,1.3609824,-2.959961,21,GCN
19334,0.46669865,1.9241228,24,GCN
116272,3.4084163,-3.8959587,5,GCN
156878,2.5438852,-0.78725934,26,GCN
95086,-0.3017707,3.6110349,16,GCN
101247,1.8769965,2.0899239,10,GCN
83228,-3.9512413,-1.0428495,16,GCN
150732,1.5124655,1.9203334,31,GCN
77781,-0.49849558,-0.016821623,37,GCN
146409,2.2602592,-3.3192172,9,GCN
145604,-2.061285,-0.8600385,24,GCN
113611,-2.1810107,0.49919462,24,GCN
97740,0.8499479,-0.47874498,6,GCN
13042,1.2490711,-1.9872302,14,GCN
78925,2.2947798,-0.6196165,2,GCN
85375,2.9246068,-2.0149896,5,GCN
74968,-3.978513,-1.388586,16,GCN
150832,-2.1156082,0.3222952,30,GCN
169230,-3.198021,-1.4317014,30,GCN
6093,-2.9909844,1.959517,16,GCN
85893,1.7128491,-4.491829,28,GCN
72935,-1.8723953,-0.52040195,16,GCN
130793,2.9822035,-3.0704381,9,GCN
133379,-1.7920227,3.5048833,16,GCN
37838,-3.5473943,-1.4002315,16,GCN
121526,-3.0071235,1.3172317,16,GCN
117182,-4.0348907,-1.4437265,16,GCN
130923,-0.25498056,2.6822786,1,GCN
69726,0.95372105,5.8065734,24,GCN
159582,-1.4947319,4.428502,27,GCN
35524,-3.7575324,-1.3481432,16,GCN
156110,4.9540186,-3.037547,36,GCN
14197,0.45179272,-0.6807687,10,GCN
68777,-3.571168,0.34277177,16,GCN
64788,2.272852,-3.1387537,28,GCN
8415,-2.8527932,1.6334786,16,GCN
70273,0.4573722,0.7314513,24,GCN
118511,0.6379256,3.9539971,24,GCN
11613,-1.584558,0.5231092,30,GCN
96361,-4.002251,-1.4216774,16,GCN
107716,-0.375144,2.805348,24,GCN
88459,1.8337688,-4.3530397,9,GCN
106535,6.270378,-2.997011,8,GCN
97377,-2.1068437,-1.1431174,24,GCN
109253,0.8674331,0.26150274,24,GCN
51723,2.5066576,-0.84552956,28,GCN
21905,-2.8450513,0.69682884,16,GCN
166507,0.29640484,-4.407216,5,GCN
98531,1.8221211,-4.0965943,8,GCN
24968,-1.3891757,3.6656895,16,GCN
96414,4.827944,-4.1464334,5,GCN
70208,1.5202456,-4.259077,2,GCN
97863,4.656847,-3.988507,34,GCN
45073,3.7688026,-0.06492686,3,GCN
87253,3.321951,-1.7321144,28,GCN
53899,-0.057094574,3.681831,16,GCN
46256,-1.8102262,2.3218966,24,GCN
167908,2.43748,0.13160396,21,GCN
89897,-2.5411506,0.61537766,16,GCN
154738,-0.9935868,-0.9893999,11,GCN
47179,-2.8802056,0.4292314,16,GCN
18009,-4.1746683,-1.1902313,16,GCN
142917,1.7312241,0.61145425,6,GCN
102612,0.33275127,1.7157531,24,GCN
108396,-0.13939905,6.263285,16,GCN
71482,1.0035748,-0.82069206,23,GCN
34334,-1.6900222,2.7684703,16,GCN
118838,-1.4761221,-2.316746,24,GCN
49000,-2.0069494,3.3347297,16,GCN
32917,-0.61230254,1.9986725,16,GCN
121032,4.9384575,0.067579746,4,GCN
138783,1.007124,0.25663328,10,GCN
12625,-3.0915625,-1.7113206,30,GCN
138782,-3.8817472,-0.11055875,16,GCN
134863,-2.3241544,1.1860442,16,GCN
101749,-2.7488375,0.5715101,16,GCN
108274,-2.4492955,0.86634827,24,GCN
150287,2.1401978,0.8363502,8,GCN
162620,1.8274708,-3.5123873,20,GCN
108416,0.07165289,3.051505,16,GCN
133047,2.1694465,-0.41409612,20,GCN
126357,0.3133626,5.205704,16,GCN
39284,-1.5707729,0.41989946,30,GCN
118972,-3.0126348,-0.51306796,23,GCN
24899,-2.2372518,2.7492766,16,GCN
66328,-0.6856935,0.28693247,10,GCN
41734,2.148415,-0.84721684,26,GCN
123656,3.6120439,-2.9635122,34,GCN
167882,1.9166174,3.8640046,16,GCN
66275,4.238036,3.3983622,24,GCN
27221,-2.1041055,-1.2779742,30,GCN
11087,-2.76713,2.2509294,16,GCN
74141,2.1666698,1.0217938,13,GCN
27138,3.2752533,-2.2926302,34,GCN
55170,1.4508977,-1.808445,19,GCN
111020,-4.218613,-2.8731859,24,GCN
70846,2.603385,-0.8058562,23,GCN
65746,3.2457519,-2.0668812,34,GCN
112345,-3.337317,-1.1974365,24,GCN
148107,-2.193907,0.8872163,24,GCN
82726,-3.0367608,-1.0622773,16,GCN
69715,3.054387,-3.1347249,34,GCN
100487,1.6568031,-2.1056676,28,GCN
49004,-0.73444104,1.7708421,16,GCN
138843,3.0113363,-1.7926693,9,GCN
64831,-3.543873,-0.31764054,16,GCN
99235,-1.0626514,1.7639737,24,GCN
6152,2.1857119,-1.7108595,27,GCN
122477,4.009405,-2.6382742,5,GCN
13843,6.970007,-4.292121,34,GCN
91336,-3.2607257,-0.59145474,16,GCN
115985,-1.9822888,2.4323273,24,GCN
130755,2.8448472,-0.88375354,8,GCN
83252,4.8444567,-0.27047348,13,GCN
21137,5.2293015,4.9466453,24,GCN
5021,-2.618484,-0.7937553,16,GCN
11618,1.1547871,-1.7075937,20,GCN
14261,2.3338346,-2.8283691,4,GCN
155903,0.23267174,0.29325056,24,GCN
9818,4.75564,-2.9934013,5,GCN
11490,4.4587584,-1.8485031,33,GCN
60468,-0.21989274,-3.656603,5,GCN
19398,0.4709444,1.1562581,10,GCN
30152,0.49771452,-0.27627516,28,GCN
14369,-3.3762712,-0.5638604,1,GCN
21166,-2.6661038,-0.66867805,24,GCN
33828,-1.4163566,1.4571371,24,GCN
46328,-1.4869967,-3.0817602,28,GCN
27201,-0.6224847,3.1855073,16,GCN
130798,-2.3929563,0.77927923,24,GCN
52970,-0.62349486,-2.4535012,24,GCN
160067,-3.1461854,-1.3251307,16,GCN
145440,1.6169515,-4.090302,8,GCN
107014,-0.5033548,0.39235353,24,GCN
142629,-0.29831266,-3.8212597,28,GCN
27224,-4.0166373,-2.5686815,16,GCN
153315,1.1647673,4.409224,16,GCN
41964,-0.3153906,1.6362057,27,GCN
158621,2.811119,-2.5765805,2,GCN
20949,-3.0133147,0.4063115,30,GCN
91280,-0.31200743,1.6633968,16,GCN
153272,-2.12852,-0.061936855,27,GCN
55617,-1.7401068,-1.0235224,5,GCN
8999,-0.3191166,-0.47551465,24,GCN
160877,2.3704576,-0.6948478,24,GCN
132236,-2.1299326,-1.9494919,24,GCN
166062,7.0834837,3.8133159,10,GCN
2615,2.051186,1.3956304,27,GCN
32441,-1.9834607,0.5489392,24,GCN
49152,1.3394861,-4.6562576,5,GCN
101269,-2.2550728,1.1733818,16,GCN
9813,3.9010863,2.3966103,19,GCN
71285,-4.714111,-1.7816912,16,GCN
169220,-3.651888,-2.3905058,30,GCN
75476,-3.1991558,-2.2548294,30,GCN
16657,-2.6846843,1.2153773,16,GCN
84112,-1.9780302,-0.022650957,24,GCN
146496,-1.6016912,1.489574,24,GCN
117616,0.32538748,-1.3641994,24,GCN
59134,-2.5413918,1.2356305,16,GCN
159919,-2.443809,0.91043615,24,GCN
17197,-0.41158056,3.42873,16,GCN
112266,0.86128044,4.9505267,26,GCN
158725,-3.8581977,-1.0838056,30,GCN
150865,-0.57080007,1.9411302,16,GCN
54262,-2.6691499,2.3997726,16,GCN
4644,-2.333406,3.136561,16,GCN
64779,1.5511584,-4.158991,5,GCN
36899,2.9308805,-1.1229875,36,GCN
125581,-0.5884695,5.9112334,16,GCN
39252,2.509616,3.4899044,24,GCN
126408,-1.5738935,0.7784653,24,GCN
122948,-1.3658779,2.472238,24,GCN
167505,-2.9559474,0.9496484,16,GCN
84108,1.6567807,-2.310682,2,GCN
86743,-1.1976714,0.18239903,24,GCN
34326,-2.0767617,2.4987888,16,GCN
47593,3.2620597,4.9048295,24,GCN
163999,-3.708099,-0.8915174,16,GCN
116278,2.682218,-2.8022168,26,GCN
117730,0.24868679,0.3647561,30,GCN
35602,1.5282764,-0.8604746,24,GCN
136976,0.5961871,3.6244135,25,GCN
83146,-0.23790765,1.7029576,6,GCN
41004,-0.78203416,-0.31321836,8,GCN
85392,3.1460037,-1.2592611,19,GCN
118734,-4.2865977,-2.8233976,16,GCN
56989,0.89521027,2.3464413,24,GCN
8396,3.480914,-3.3865738,28,GCN
137013,-2.3783498,-0.118818045,24,GCN
149414,-2.0085523,0.5457108,24,GCN
169246,1.8973947,-1.7314711,8,GCN
63067,-2.6317043,0.20802164,24,GCN
133107,-2.2694678,0.55410933,30,GCN
5059,-3.0609045,-0.5578985,30,GCN
118833,-4.1406283,-1.7207887,16,GCN
136917,-1.6429787,1.9599991,24,GCN
129460,-2.080899,-0.51155806,24,GCN
55576,-3.1870942,0.6154933,24,GCN
71546,0.28391457,0.9347677,24,GCN
8864,-1.6929231,0.19444108,24,GCN
157451,2.0897346,-2.8767233,22,GCN
164006,1.0144739,-3.6173525,28,GCN
96028,-1.5799866,1.0919847,24,GCN
89453,1.9557133,-1.7562875,24,GCN
51188,2.1037354,-2.2383456,34,GCN
112387,-3.344619,-0.97145844,30,GCN
145062,0.358984,4.3905168,18,GCN
35207,-2.6188903,0.26955104,24,GCN
72334,4.850443,-1.1861609,20,GCN
3832,-3.1487188,-1.1619935,24,GCN
149566,-3.272193,-0.9283924,16,GCN
131515,1.6714153,0.321867,26,GCN
147793,2.5639806,-0.71812224,8,GCN
104247,-4.0070777,-1.4609036,16,GCN
47185,0.7172637,3.0492654,24,GCN
96083,-1.6589599,1.4565792,16,GCN
37808,-4.085453,-1.3575218,16,GCN
53846,-0.92260957,0.08603096,16,GCN
159984,-3.9375796,-1.2669889,16,GCN
122288,-2.679431,3.2971406,16,GCN
39720,-3.5145066,-1.7849963,16,GCN
47764,-3.109014,-0.3312695,16,GCN
123698,-0.70437646,5.4428363,16,GCN
139670,4.201579,-2.981125,33,GCN
76328,0.10186911,5.899424,24,GCN
154681,-0.5558915,4.2371874,27,GCN
96509,0.8691344,1.7287822,30,GCN
60867,0.61699057,2.475348,24,GCN
95162,0.30484915,2.8598137,6,GCN
125009,1.1949458,6.1310277,24,GCN
81903,-2.7551591,1.260539,27,GCN
45102,1.4382453,0.25800657,13,GCN
15723,-3.7439897,-0.76002645,16,GCN
138380,0.8985405,-3.9368896,8,GCN
97684,-0.53509307,1.348918,24,GCN
65704,3.2834597,-2.3438272,11,GCN
94736,3.7394586,1.2168212,28,GCN
15287,-1.8268714,-0.38230014,24,GCN
35561,-3.3908782,-0.8974166,30,GCN
155793,-0.52098656,-0.6020355,10,GCN
11487,-1.5658824,-0.34976172,24,GCN
75415,4.516364,-4.2650275,34,GCN
104307,-2.7136717,3.0496874,16,GCN
101228,3.5319571,-0.58936405,34,GCN
56683,-3.3940942,0.6712923,16,GCN
55770,5.162031,3.307045,24,GCN
62233,1.8615646,-3.7663467,4,GCN
155536,1.9513845,0.6931367,13,GCN
158317,-0.6494639,0.24713111,24,GCN
145314,5.272855,-2.1547565,34,GCN
129038,0.81201553,3.5502806,25,GCN
114505,2.1279163,-1.1836098,24,GCN
1297,-2.5130959,-1.3471193,11,GCN
151949,2.960607,1.9976754,24,GCN
71633,-2.395946,2.0649204,16,GCN
125636,0.04212284,1.897306,24,GCN
53865,4.096444,-4.0509214,9,GCN
30231,-2.547741,-2.221085,30,GCN
126373,1.1205025,1.33776,13,GCN
83011,0.28853893,1.3881836,24,GCN
40515,2.542882,-3.7542982,36,GCN
107100,4.4836426,-1.3536114,39,GCN
46301,3.5314064,-0.5364561,8,GCN
116426,-1.6380823,2.803266,13,GCN
122792,0.50046825,0.23850393,8,GCN
39604,3.4402127,-3.9888334,34,GCN
126498,-3.248536,1.2744765,24,GCN
144202,0.10748625,-0.060259104,24,GCN
151985,4.452243,-1.3610401,34,GCN
124998,1.9790263,-1.9509025,28,GCN
167506,1.3001246,0.1504705,30,GCN
63038,0.8190098,-1.1583412,34,GCN
135797,-2.537826,-1.165777,24,GCN
92461,2.5399709,3.7623572,24,GCN
80226,-4.1769958,-0.38159418,16,GCN
80233,-4.234597,-2.1607556,16,GCN
106592,4.3498,3.2247634,24,GCN
80121,3.333198,0.0042979717,19,GCN
49112,0.7598553,4.4491954,27,GCN
38242,-3.04479,-0.23004222,16,GCN
155929,-3.7926722,0.24831223,16,GCN
19267,-4.0079193,-0.6835153,16,GCN
67419,-3.1089764,0.12334061,16,GCN
46227,2.466948,-3.073149,2,GCN
98633,-2.0320525,3.7653775,16,GCN
118854,1.2912836,1.0703564,27,GCN
26071,-2.3854706,0.5862,30,GCN
130355,-2.0156858,2.2273836,16,GCN
7532,-2.6557727,1.0883293,16,GCN
117753,-3.6833243,-0.05110383,16,GCN
155595,1.3578482,-3.3179982,22,GCN
83326,-3.0922627,-0.50115323,16,GCN
30180,-1.6871533,2.8788695,16,GCN
138760,-2.7636244,0.5912328,30,GCN
8940,1.7386174,6.8753543,11,GCN
70132,0.1304903,-3.640624,34,GCN
154270,1.9134192,4.6564236,27,GCN
115124,0.7638917,-0.3141973,30,GCN
161273,0.7820034,4.187078,30,GCN
148290,-0.55883574,1.5643854,24,GCN
25866,-0.050813198,0.89936495,3,GCN
124079,0.4157591,3.8660455,24,GCN
19733,2.4458427,1.3760834,24,GCN
20963,3.4183674,-2.8917212,34,GCN
95822,6.219325,-3.3472626,28,GCN
120332,2.6382103,-2.8285472,8,GCN
85405,4.442052,-4.128362,5,GCN
97889,0.24009371,-4.078491,29,GCN
15807,-3.3242233,-0.63068247,16,GCN
163898,-1.6567376,0.59288955,16,GCN
85854,-2.069795,-1.2198027,27,GCN
137366,7.611635,-4.141239,5,GCN
136054,2.6887884,2.1878085,24,GCN
8387,0.5790801,-0.9228883,28,GCN
83134,0.95203924,8.933058,16,GCN
36540,-0.29060292,-0.66762185,16,GCN
11560,0.5420928,-2.4176328,20,GCN
134571,2.0095568,-2.8504286,23,GCN
39684,4.7198687,-4.8015924,4,GCN
134829,5.2455273,5.66134,24,GCN
97624,-2.9336064,-0.0014748573,22,GCN
145411,4.9243364,-0.4241128,28,GCN
62285,-3.2439666,1.4472976,25,GCN
33832,-1.7113135,-1.1497443,30,GCN
25964,-2.8238797,1.0138702,16,GCN
124196,2.685967,-3.5067863,34,GCN
68829,-3.8137865,-1.1976928,16,GCN
101474,3.9516692,4.396929,19,GCN
125033,-0.051440716,-0.6651468,24,GCN
26248,-2.687705,0.9007392,24,GCN
13864,2.932684,-0.09753275,6,GCN
5894,-0.3728187,-0.41173553,10,GCN
40961,1.097188,6.562629,27,GCN
63508,-2.3355093,1.6223183,25,GCN
100342,-0.47100282,-1.3187187,26,GCN
165255,5.463995,1.1434069,24,GCN
64366,3.3593268,-2.302217,10,GCN
35704,1.0695624,2.0338893,24,GCN
147682,1.409441,-3.665418,8,GCN
64180,1.036859,6.635102,6,GCN
81675,0.4948573,-2.3933284,26,GCN
149500,3.4543738,-2.7142446,22,GCN
3794,0.6947756,2.8121705,24,GCN
21943,-4.168769,-1.5305797,16,GCN
43812,-2.5564146,3.2932234,16,GCN
40910,-1.5619574,3.9194655,16,GCN
19310,3.2488718,2.4600692,24,GCN
43745,1.494905,-1.4654213,2,GCN
95268,7.1850586,0.95469713,36,GCN
42379,-2.5652463,1.3784375,16,GCN
101033,2.3071418,8.892374,16,GCN
127634,2.8995662,-2.2469168,28,GCN
85539,0.36681175,-0.0033335686,31,GCN
144022,-3.1250033,-1.9913001,23,GCN
34164,5.668742,-4.7580886,33,GCN
126420,-2.6169708,2.181363,24,GCN
31093,3.1147695,-3.9732323,39,GCN
46326,-3.2319505,-1.6037061,30,GCN
38245,-0.50557184,1.8496132,24,GCN
74086,2.060461,-3.7146523,8,GCN
64408,5.0275145,-4.080818,34,GCN
29916,-1.8805518,-0.5012913,30,GCN
27731,0.069954395,-0.7814307,5,GCN
32440,1.1814628,1.3334389,24,GCN
21097,0.1643033,-0.4398737,3,GCN
74298,2.5036364,2.4068537,24,GCN
66049,1.2691331,-3.5439887,37,GCN
15757,2.602168,1.7716947,30,GCN
153416,-2.4073434,1.7802839,17,GCN
120129,-1.181355,3.4353824,16,GCN
14251,-2.4234707,-0.28424692,30,GCN
115944,-3.3632863,-0.31280303,16,GCN
157257,3.6061177,-0.50935984,5,GCN
39591,2.9189634,1.4668207,24,GCN
11519,1.3573875,-0.13621593,24,GCN
146460,-0.29791427,-0.25548172,31,GCN
39181,-1.4992952,1.8492389,24,GCN
64407,-4.1552796,-1.5333041,16,GCN
167590,-1.7504973,0.360332,31,GCN
65740,-2.0088267,-0.018834114,27,GCN
26388,0.76993704,7.368851,25,GCN
155614,-1.9405785,-0.55115247,30,GCN
21913,5.1720247,5.9526734,27,GCN
109602,1.0194626,-2.8673203,37,GCN
117342,0.89625454,2.680427,10,GCN
101788,-3.2131932,0.5109079,24,GCN
83330,-1.7720165,0.90496683,27,GCN
136937,2.1777525,4.3914113,27,GCN
117656,-0.53056455,1.3420997,16,GCN
76405,1.2761669,6.348493,16,GCN
68941,2.2496696,-0.9217131,36,GCN
64982,0.8402457,2.6048064,30,GCN
89885,-3.0941465,-1.151639,16,GCN
164013,-2.8010278,1.5208158,16,GCN
27694,1.9615645,7.7155604,16,GCN
30271,-1.1635892,1.7578058,16,GCN
38178,2.141296,-2.4048986,24,GCN
59355,-3.4405057,-1.3672833,24,GCN
25078,-2.788237,1.2370543,13,GCN
118835,4.739545,-4.9866004,4,GCN
54251,1.155273,-3.4967682,5,GCN
63098,2.442411,-4.838208,9,GCN
22459,0.6173234,-2.501073,28,GCN
14351,4.58587,-1.1979282,24,GCN
122315,0.9908562,7.407911,16,GCN
128887,4.0079203,-2.981147,28,GCN
115927,-1.7793257,1.8246045,30,GCN
82745,3.2413883,1.29426,31,GCN
142667,0.67294025,1.7350059,24,GCN
33057,-3.7746964,-0.848454,16,GCN
33751,-2.6998382,-1.6281086,16,GCN
6288,-4.5010448,-1.0343077,16,GCN
140081,-2.7774968,-0.5267248,24,GCN
157354,2.84268,2.5418205,24,GCN
58164,3.39361,2.9230046,28,GCN
91074,1.3401065,11.407631,16,GCN
91136,0.7390609,1.146647,13,GCN
1131,1.0819721,0.19854283,23,GCN
107144,2.572651,-3.6638083,34,GCN
34248,-2.9653563,0.5225694,16,GCN
133541,1.2066259,-2.9524274,37,GCN
133018,4.7715645,7.1353087,16,GCN
117300,4.865657,7.145223,24,GCN
60489,4.6180315,-3.5016673,8,GCN
92105,-2.433055,-0.7361529,30,GCN
122806,1.2980633,-4.236887,5,GCN
96553,-2.8550038,-1.1270959,24,GCN
123669,-1.9228723,-0.32180762,30,GCN
123660,2.5987015,3.0364113,24,GCN
40588,-2.3225234,0.5200579,16,GCN
111028,2.8717003,-2.7364638,28,GCN
68832,-2.8425913,-0.88903904,24,GCN
156048,2.5513563,3.2368627,24,GCN
68414,3.5418935,1.2183042,24,GCN
1179,-1.9626398,-0.86016345,30,GCN
42335,3.1382036,-3.5615869,4,GCN
89503,4.9355955,0.9420409,27,GCN
153162,-1.5150015,-1.1500437,24,GCN
54441,-2.856388,0.45410156,17,GCN
44493,4.010318,-3.2269766,8,GCN
152125,-3.4951952,-0.41779017,16,GCN
37855,2.6649375,-2.366267,34,GCN
67057,1.5668488,2.273941,16,GCN
129491,1.0485506,4.6490555,27,GCN
158441,-2.630587,2.5333672,16,GCN
107903,2.9489808,-2.4461956,34,GCN
47746,-1.0334637,-0.24704695,24,GCN
22453,-1.2126305,-0.40662456,24,GCN
122702,2.495438,-3.42845,34,GCN
145094,-1.863086,0.17329836,24,GCN
146436,-2.719785,-0.5203335,24,GCN
42344,3.7805529,-3.4395144,5,GCN
155505,-3.608062,-1.4748975,16,GCN
129234,0.97355604,-2.7966018,33,GCN
36477,-0.3823433,-1.0501368,22,GCN
28528,-2.8062344,0.28128505,16,GCN
117652,3.0619087,-2.1384227,20,GCN
31099,1.2615123,-3.5214877,33,GCN
106836,-1.7398894,-1.0716507,24,GCN
108325,1.3798418,-2.0888214,26,GCN
906,-0.9162016,0.082375765,31,GCN
133006,2.7074208,-0.35823202,34,GCN
9749,-1.9123137,2.963276,16,GCN
64421,4.0446568,1.9413943,13,GCN
122130,0.8429704,1.698906,16,GCN
150734,2.3714595,-0.7801857,34,GCN
100141,0.67357016,-0.80390763,24,GCN
9009,-2.8300004,1.5673947,16,GCN
118871,-1.498445,1.8066692,16,GCN
31545,-2.0610151,1.0324154,16,GCN
35681,2.240838,-2.9876826,3,GCN
27559,1.160171,1.9080601,13,GCN
34369,2.5435367,0.21533966,10,GCN
167981,1.2547865,-1.7579423,26,GCN
97795,1.9900064,-2.727166,4,GCN
88593,-2.9468405,0.044704437,16,GCN
157439,2.5678053,-1.4486473,5,GCN
55241,2.4508524,1.4740267,26,GCN
68822,-1.025321,-3.1686707,28,GCN
149398,1.460783,-1.3456172,37,GCN
166109,-0.72269607,1.1368351,24,GCN
96494,-3.0929291,-1.3212442,16,GCN
130832,-2.2485015,-0.9849565,30,GCN
43206,-2.1307373,-1.79386,6,GCN
118992,-0.61460114,-0.50346494,26,GCN
64371,-1.6175287,0.5852151,30,GCN
20982,1.9694853,2.0845113,24,GCN
50331,0.21987009,-2.6488447,26,GCN
26036,-1.6462967,2.6238518,24,GCN
141422,-2.0561597,0.5371866,30,GCN
160070,-2.0891893,-1.5426524,30,GCN
138762,-3.6776764,0.0767746,16,GCN
106530,4.2662325,-4.7468033,9,GCN
157468,-3.5051994,-0.91116786,24,GCN
122799,-1.1787851,4.4756265,24,GCN
134835,3.380599,-1.4514955,19,GCN
11211,4.758525,1.6500335,24,GCN
126395,2.4713717,-2.5243728,34,GCN
31626,-2.9616785,-2.0455048,24,GCN
36465,7.4585257,-3.6900525,23,GCN
113577,0.1551466,1.2533712,24,GCN
17925,-1.7361019,5.442559,16,GCN
156963,-2.7359624,-1.6020192,24,GCN
133398,2.1831765,4.0197387,6,GCN
102537,3.3347383,-3.3319633,34,GCN
165173,2.546618,3.6360083,30,GCN
165256,-2.5894763,2.0249424,16,GCN
90760,-1.0701699,1.9524302,30,GCN
72101,2.7748508,8.118814,24,GCN
64908,0.10835123,-0.6893003,16,GCN
78837,-3.1094494,0.46035528,24,GCN
78952,-0.7284434,3.2857828,16,GCN
75030,3.3140125,-2.9104238,19,GCN
76338,-0.66888213,2.6664324,30,GCN
92511,0.123113155,0.67481804,13,GCN
2552,-3.2103903,0.21359992,25,GCN
113225,-2.401641,-0.83149004,24,GCN
13016,-0.92496514,-1.8168933,31,GCN
121413,3.6323528,-0.44180012,28,GCN
73747,5.0741606,1.3313956,24,GCN
57064,-2.4647923,-1.3686923,24,GCN
126342,4.884902,-1.4168115,34,GCN
80574,0.77600527,-0.4578581,26,GCN
144229,3.1086454,-0.17444849,28,GCN
132335,2.8282418,2.8145065,23,GCN
160101,-2.0251367,1.8842583,16,GCN
70229,-1.8720934,3.3300242,16,GCN
97778,3.463574,-1.7725765,8,GCN
75442,-4.0768175,-1.7375196,16,GCN
158653,2.5296445,-3.5860374,34,GCN
99170,-2.7759848,2.2065248,16,GCN
138253,-3.3367007,-2.1549506,16,GCN
3801,4.858796,1.7756271,24,GCN
102578,0.7837477,-2.852995,5,GCN
100121,1.2338738,5.3653226,16,GCN
168027,-3.1528764,-0.24916673,17,GCN
58282,-3.803981,-1.0503769,16,GCN
148119,-1.6736789,-3.6627667,28,GCN
9659,0.9985633,-0.6251943,23,GCN
121570,3.9268098,-3.740061,28,GCN
85882,-0.82705164,0.0505116,26,GCN
38192,-3.5752063,-1.5274146,16,GCN
143641,4.4716625,-0.7342472,13,GCN
59175,2.569726,-3.0754597,19,GCN
137011,2.3344703,1.000423,3,GCN
48901,-3.8356886,-1.6079239,16,GCN
111877,5.714307,0.7870829,23,GCN
70134,-3.3569193,-1.9407805,16,GCN
2490,-0.4419675,0.57768893,24,GCN
21118,-0.88061166,0.1502614,24,GCN
58312,-3.6635485,-0.46298718,16,GCN
43740,-3.3296525,-2.4917312,30,GCN
29812,3.173778,-2.4667737,34,GCN
50329,-2.0652196,2.983832,16,GCN
28510,1.1062226,-2.7942102,28,GCN
120147,0.7653966,0.41383386,24,GCN
145018,-2.5121047,-0.20126891,24,GCN
38429,-1.4026248,-2.0956216,4,GCN
114739,0.6864176,-0.33513522,34,GCN
62903,5.253496,-1.5240277,19,GCN
55211,-4.099745,-1.3055573,16,GCN
160034,-1.0809753,1.5363746,24,GCN
37021,-3.524419,-1.3578415,30,GCN
28672,-1.874913,-1.3072615,30,GCN
29098,1.0991855,1.0515614,24,GCN
57821,-1.400162,3.1728106,16,GCN
54366,-3.7651436,-1.62124,16,GCN
38424,1.5625515,4.2155943,27,GCN
44561,-1.2581973,1.5874939,16,GCN
130829,0.36435556,3.5539784,24,GCN
70170,-2.8145816,1.7651205,16,GCN
159823,1.17348,-4.4166555,34,GCN
33004,-2.0665336,-2.0978553,16,GCN
130342,-0.95894074,4.3861003,16,GCN
17950,-0.07589769,5.0246806,27,GCN
119014,1.9602008,-2.7693083,4,GCN
92592,3.478447,-0.53675914,28,GCN
125029,0.110396385,0.90803146,10,GCN
38403,-3.1676323,0.5301225,24,GCN
76802,-2.4649239,2.3782883,16,GCN
67525,1.8213005,0.92417955,31,GCN
11460,3.2736607,-4.2190714,28,GCN
24527,5.5861855,-3.288156,5,GCN
112340,-2.6975636,-2.1521974,24,GCN
132243,1.283009,-4.09789,8,GCN
88062,-3.2685392,1.001596,16,GCN
112438,-2.0238628,1.2018094,24,GCN
20952,-0.13723278,0.8427601,31,GCN
60991,2.8097544,-1.805851,20,GCN
49837,-3.4786816,-0.5619185,16,GCN
39762,4.24096,0.9871712,10,GCN
43780,1.3244295,-0.7434373,14,GCN
62223,-3.3094664,-1.8848999,24,GCN
23792,3.0856004,0.3256228,24,GCN
128077,-3.1859348,0.6090169,16,GCN
76686,0.3265133,1.9816251,26,GCN
125559,-3.2655554,0.07176089,16,GCN
57041,-1.7321672,0.3353939,24,GCN
120156,-3.6071784,-1.0312183,16,GCN
28541,2.7008567,-1.597368,26,GCN
133471,-1.0354121,-0.9483597,24,GCN
113178,-2.2934995,0.8351536,27,GCN
27570,-1.929549,1.4057503,16,GCN
121498,-3.4627185,-1.5778307,30,GCN
116267,-0.208606,-1.4762757,34,GCN
140871,-1.0581028,0.2720375,24,GCN
30322,1.6526494,-3.6580024,8,GCN
84519,-1.8331711,0.06425142,10,GCN
52940,3.0090814,-4.692808,34,GCN
47169,-3.4331138,0.010592699,16,GCN
63429,-0.3739183,-0.34294415,30,GCN
31689,0.9267955,-1.4026654,13,GCN
45787,2.8737903,3.1888285,31,GCN
25028,2.3048406,-1.0806212,23,GCN
128103,0.96784115,1.391151,23,GCN
169245,3.1961842,2.6629486,30,GCN
16558,-2.5386155,-1.0557013,30,GCN
18144,2.43786,0.62807083,10,GCN
89961,-3.6398025,0.3833599,16,GCN
43749,-1.4013009,1.9225173,16,GCN
117146,0.8980403,2.1264238,37,GCN
142732,-1.3432183,-2.1587412,24,GCN
36467,2.0419426,4.756069,24,GCN
119017,7.5623703,6.9108014,4,GCN
18433,0.70883036,0.69975257,24,GCN
100031,-0.39153957,-1.0916622,31,GCN
59685,-2.3808584,0.25086784,24,GCN
31734,0.6257825,1.8950343,24,GCN
62132,-3.9455209,-1.1407909,16,GCN
21142,2.0326738,2.9693308,8,GCN
55798,-2.958242,-0.54833555,16,GCN
118926,2.2134042,-1.2558271,24,GCN
95284,-3.595658,-1.4264729,16,GCN
34406,2.5936217,3.360776,1,GCN
84675,0.2401843,0.9088998,3,GCN
73745,2.058021,-1.8679632,2,GCN
78143,0.8634238,2.5226073,3,GCN
117635,1.1992712,-3.6593406,9,GCN
7516,-3.740836,-0.054077625,16,GCN
80702,-3.1746306,-0.5285163,30,GCN
59240,2.6150794,0.094664335,5,GCN
129545,-2.1533928,2.6137338,16,GCN
100403,2.2398543,-1.2736208,11,GCN
67656,-0.36050057,3.1024995,27,GCN
96003,-1.542294,2.5997658,16,GCN
59552,1.290544,-4.2423644,15,GCN
112381,-2.2994032,1.2318311,24,GCN
153273,1.8679175,1.0763259,23,GCN
148224,-0.76592946,2.5858955,24,GCN
107084,1.6881003,0.424726,20,GCN
124228,3.167242,3.9739332,24,GCN
105677,-3.0234542,-0.74784017,30,GCN
69729,4.9866905,4.503604,27,GCN
161013,-2.3692093,0.5381372,24,GCN
48604,-0.07045913,-1.6975306,23,GCN
100503,-1.5387354,0.9941964,24,GCN
122926,-2.605507,-1.533514,30,GCN
136910,0.24304724,0.01398778,24,GCN
31380,-2.9227295,-0.9776323,30,GCN
101767,-1.4954727,-0.1650815,25,GCN
72876,3.3553538,-2.739908,8,GCN
68520,1.6314654,-3.291802,34,GCN
144115,-3.096479,-0.59885836,24,GCN
125075,0.16684484,4.570045,13,GCN
119743,-2.1951318,2.566656,16,GCN
103835,3.633295,2.484054,24,GCN
114993,-2.7861228,1.4364147,24,GCN
131686,3.6584373,-0.34948182,26,GCN
128085,1.2899113,2.7306452,26,GCN
9808,-2.1848168,0.4395368,16,GCN
114697,-2.4180436,2.169568,13,GCN
76339,3.214787,3.2858005,16,GCN
45815,1.2404985,-0.37690973,30,GCN
142879,-3.5521321,-2.4754634,24,GCN
79296,3.0359201,1.6792827,22,GCN
75396,-2.7421713,1.6556902,16,GCN
2625,-3.0728264,-0.94628406,16,GCN
156082,3.0802665,1.5022902,24,GCN
95969,-2.2856455,1.4188814,24,GCN
8420,-3.0515869,-1.6929287,24,GCN
97764,3.8157501,-1.6186905,4,GCN
101766,-2.3846805,2.0519962,16,GCN
115006,-3.1356702,-1.0785532,30,GCN
36891,-2.5204167,1.8086958,16,GCN
39136,2.1874595,-1.0812693,4,GCN
95084,-3.7074363,-2.7707696,24,GCN
117543,1.5406914,-4.501675,39,GCN
11063,-2.7072701,1.9696727,24,GCN
154832,2.031721,2.8699827,24,GCN
67524,3.5065665,3.4692354,27,GCN
146952,-2.750473,2.011139,24,GCN
76711,0.13388062,-0.15511274,10,GCN
81960,-3.9321263,-1.894927,16,GCN
78005,2.4812808,-4.640705,34,GCN
15846,2.6007595,-3.4032595,28,GCN
158635,0.40716028,0.1861422,31,GCN
44895,-1.3735101,0.47480464,24,GCN
70094,4.5897493,-0.7484579,20,GCN
149515,3.411376,-2.6834233,4,GCN
81491,2.1025763,4.424927,16,GCN
5102,-2.4416618,-0.40624404,30,GCN
83180,-2.5754535,0.17377806,24,GCN
84648,2.842845,-0.6930175,24,GCN
79462,-1.9817281,-1.6200567,5,GCN
93955,-2.9786372,1.1732755,16,GCN
17228,0.84712267,1.2291565,24,GCN
131719,-3.0409958,-1.9741954,30,GCN
30288,-0.32196093,-1.2301953,24,GCN
122343,-3.5196948,0.5526242,17,GCN
149523,1.9163871,-2.5316668,22,GCN
114531,2.8876414,-5.208071,15,GCN
27557,-3.7773163,-1.0035706,3,GCN
144128,0.19076157,1.9011192,24,GCN
115132,-0.6999595,-1.980485,26,GCN
122837,-3.870854,-2.2843122,27,GCN
36930,-2.6989038,1.8161955,25,GCN
129416,2.2062807,4.0042853,30,GCN
69747,-1.1439626,-0.35691237,4,GCN
26319,-0.6630218,5.3236766,16,GCN
107865,1.8625846,1.1879487,31,GCN
28517,5.3458786,3.9136248,19,GCN
104344,2.3285222,-3.309175,2,GCN
30183,-3.0213258,-2.8055117,26,GCN
51637,3.050724,-1.6232667,2,GCN
98703,-3.3809617,0.33311534,16,GCN
29810,-2.8370047,0.6942835,16,GCN
67596,0.94032955,0.8516824,24,GCN
86716,2.7156892,0.12760258,28,GCN
20426,-4.0542192,-2.635521,16,GCN
123674,0.6642499,-0.40896964,5,GCN
52567,-1.1075804,1.2650032,30,GCN
60855,-1.4101887,3.2840405,25,GCN
135950,1.597857,-0.17845774,34,GCN
150825,-3.1246412,-0.45515537,16,GCN
99176,3.4760747,1.4602046,14,GCN
70173,-2.8719559,-1.8680533,24,GCN
64991,-1.6885431,3.0613503,16,GCN
36559,-3.4492328,-2.6661255,24,GCN
75565,-2.9464586,1.07477,16,GCN
14452,0.370286,1.1322885,24,GCN
167802,-3.0741525,-0.7584722,16,GCN
55755,0.41038465,3.2671018,16,GCN
166646,-0.49481177,-3.5126016,34,GCN
151632,4.6690483,-2.8476412,5,GCN
100016,-0.43157482,2.7689424,27,GCN
138301,3.0664024,-3.187207,33,GCN
104301,-0.544827,1.1670947,30,GCN
99036,-1.8167653,-0.9073975,24,GCN
138250,-1.6897149,0.7977607,16,GCN
128128,0.51392126,-2.4418247,26,GCN
165230,3.8311768,-2.3483138,37,GCN
32845,-1.2246897,3.3979,16,GCN
127667,-1.8246202,0.5513015,30,GCN
100330,-3.5235212,-0.5700424,16,GCN
105634,-2.5961976,-1.100693,24,GCN
85903,-3.8522162,-1.6924652,16,GCN
42244,1.1812363,-2.9605904,4,GCN
145589,-3.9994469,-2.785428,24,GCN
58336,2.1455078,-0.15259695,4,GCN
91177,-1.33918,0.18313146,10,GCN
24533,2.740913,-2.408225,28,GCN
31602,-1.2573822,3.733913,25,GCN
24525,3.0561075,-2.357324,28,GCN
10234,3.8582392,-2.4974318,2,GCN
149397,0.32594538,-2.5845912,5,GCN
25014,2.2211285,-0.2867391,20,GCN
56992,2.4885268,2.6060963,24,GCN
7682,-2.7456274,-0.45078993,24,GCN
90036,3.3437853,-0.9497163,31,GCN
38268,-0.8662014,2.5574412,24,GCN
6396,2.607417,-2.808809,28,GCN
155977,3.7899003,-3.4586942,34,GCN
139580,0.4089489,3.2906842,27,GCN
149561,0.4013996,2.194345,10,GCN
106553,0.03584099,6.4225764,16,GCN
82793,-3.0224364,1.426949,16,GCN
61787,1.3713727,5.546264,24,GCN
35523,-2.1623423,2.785059,16,GCN
167660,2.9979157,2.8944507,27,GCN
167423,2.2356486,2.5766735,27,GCN
45839,2.7839088,-2.5634558,34,GCN
33034,-0.8176379,-0.26078415,24,GCN
137453,-3.5365589,-1.5511067,10,GCN
25874,-0.26823783,2.0645075,16,GCN
168041,-0.72147727,0.80187607,24,GCN
5913,0.5203872,3.2777243,27,GCN
14279,-3.0548642,1.7760348,16,GCN
97879,-0.5587938,2.598928,24,GCN
133581,-1.1353965,-1.0821083,30,GCN
149046,2.6881604,4.5482593,27,GCN
31537,0.32524538,-2.2844725,10,GCN
71522,1.1727657,2.5868692,27,GCN
116219,1.0280733,2.2635221,24,GCN
125090,-3.1644278,0.9794388,24,GCN
91180,-3.936355,-2.2337508,16,GCN
12863,4.8460293,0.77739525,39,GCN
115984,-1.6642289,2.476142,30,GCN
14420,-0.5644784,5.9862514,25,GCN
18485,1.2127409,-2.499338,2,GCN
63085,-3.1708667,0.019299269,16,GCN
31599,-1.4214206,1.5053186,17,GCN
58225,2.498289,-3.9618278,4,GCN
45075,0.61937094,-1.5816338,24,GCN
62179,-2.6228719,-0.08777809,24,GCN
138278,3.1940613,-3.00957,32,GCN
73659,-0.5801308,2.2120595,10,GCN
73680,-0.83731246,3.2774162,30,GCN
77678,1.8251119,-2.3774004,39,GCN
122750,-3.3181512,0.34258914,16,GCN
113173,3.2982564,0.09955597,19,GCN
70211,4.361883,-3.6049657,5,GCN
155522,2.2380757,0.36301184,19,GCN
35127,-1.9238989,1.5545835,16,GCN
144045,4.798086,2.3287148,30,GCN
154554,5.556491,-4.337084,5,GCN
87179,-0.39771628,2.1152377,27,GCN
62266,-1.9675548,-2.3378255,30,GCN
87282,1.5775328,-0.28852463,28,GCN
48587,1.4312215,-2.238,34,GCN
127693,-3.0098398,1.446775,24,GCN
147867,-3.2455535,-1.0718441,30,GCN
20967,1.0866752,-2.1492207,28,GCN
100391,0.99601364,0.45143676,30,GCN
150805,1.6512399,-0.13072515,2,GCN
58250,-3.4742022,-0.5397587,16,GCN
134855,-3.7071085,-0.3549273,16,GCN
99148,1.8573351,3.5456061,24,GCN
167956,0.21628761,4.2079206,24,GCN
20970,2.8583975,3.8233333,27,GCN
133144,-2.886126,-0.91929436,16,GCN
86788,-1.5356858,2.1427503,16,GCN
160043,2.528757,0.5762043,34,GCN
20996,-2.2346811,1.6693192,24,GCN
138805,4.805029,5.0291,31,GCN
108237,3.6311874,-1.4379466,34,GCN
15642,-3.4455814,-0.73650646,16,GCN
32509,-2.9147434,1.2661982,16,GCN
154362,0.20024967,0.69707394,10,GCN
32406,-2.2333388,0.036013603,24,GCN
46310,3.9164977,3.3867354,24,GCN
168811,-3.318149,-2.3854077,16,GCN
31042,-1.9342496,0.5201011,24,GCN
126858,-2.697215,0.55611634,30,GCN
166340,-0.54790425,-2.4377432,23,GCN
46441,4.925494,-5.446212,5,GCN
154775,-0.87521195,4.343421,24,GCN
166078,-1.5691421,1.0600681,24,GCN
10229,0.25796127,-3.603479,10,GCN
158243,-3.1338606,1.0946126,16,GCN
71498,4.6510124,-2.685625,34,GCN
126939,-2.3763843,-1.9440352,30,GCN
63626,1.4403186,2.3869982,10,GCN
113597,-1.9306512,0.4407146,24,GCN
91179,-1.3848438,1.721911,30,GCN
139663,-2.0866706,-0.34971786,24,GCN
146825,0.35039568,-0.369848,30,GCN
11447,-0.48347616,2.8854098,30,GCN
85849,3.8930736,2.5685034,27,GCN
115950,-2.4201775,0.81850314,16,GCN
167937,-1.0754273,-0.0069532394,26,GCN
150305,-2.8998642,-1.0613482,30,GCN
166568,2.1702833,0.9779177,34,GCN
1152,-3.1054862,-1.3093013,24,GCN
9796,-2.0428135,0.65441585,31,GCN
45865,-1.6783891,-0.055472612,24,GCN
19323,0.19475412,0.9887829,16,GCN
146372,2.0331573,-3.2884495,36,GCN
134448,-2.4479442,1.1302824,16,GCN
166149,1.6530776,1.7747202,17,GCN
149638,0.25065565,-1.9284405,14,GCN
50297,2.9700947,-0.34151077,24,GCN
7503,2.3968253,-1.6493154,23,GCN
62318,-3.4075015,-2.741219,24,GCN
144990,-2.8954227,-2.5627646,5,GCN
84058,1.7003565,-0.94054365,6,GCN
48978,5.0867634,-3.9507415,39,GCN
87289,-1.8228397,3.382557,16,GCN
113424,-1.0160124,0.9073448,30,GCN
32944,1.8605494,0.5432739,6,GCN
6389,0.11869812,0.9167099,27,GCN
105747,2.0496616,-0.11499977,11,GCN
153418,3.5662236,-4.279046,4,GCN
76829,-3.4805908,-0.5697541,16,GCN
158771,6.363901,-4.7455688,34,GCN
59569,-1.933373,-1.8454396,24,GCN
85851,-1.775584,1.8362689,24,GCN
32993,0.9597359,-0.7121949,24,GCN
5950,-0.33464432,-0.7498684,24,GCN
58388,0.2419219,4.7355456,16,GCN
68965,-0.4166615,3.1813283,24,GCN
22017,-1.91062,2.8446174,16,GCN
68872,-0.5839894,5.234752,16,GCN
58169,2.5064492,-0.77710104,1,GCN
101746,-3.3195755,-1.797228,16,GCN
141522,1.6642699,-2.7527783,28,GCN
139945,1.660202,-2.7735715,27,GCN
158649,-4.473151,-1.6644353,16,GCN
104390,2.7423468,-4.4388447,28,GCN
93774,-3.1253865,0.92999506,16,GCN
13027,5.315219,-1.6543047,34,GCN
39691,2.9989228,-4.466144,34,GCN
155976,-2.4933338,-0.29848957,30,GCN
66950,0.4149418,1.2090445,16,GCN
130258,-1.132828,3.744008,25,GCN
36534,-0.27534175,-3.8269043,8,GCN
162235,-3.2533092,-1.3587935,24,GCN
32468,1.0271263,2.257907,16,GCN
151969,-2.6644363,0.21926093,30,GCN
82048,5.3506784,0.24930167,24,GCN
15765,-1.5032415,1.9740667,16,GCN
162707,-1.7641804,2.814457,30,GCN
55637,-1.7434106,1.3456621,30,GCN
79317,-3.439948,1.9771924,16,GCN
30354,-3.4237072,0.61608505,16,GCN
92449,-2.0277274,-0.5038419,30,GCN
23204,0.59941196,-3.6627262,28,GCN
72044,-2.0482001,4.0545754,16,GCN
35015,2.585271,-3.4601712,4,GCN
149480,5.2510366,0.7633662,8,GCN
84089,-0.5809486,-1.4179844,8,GCN
154224,2.2195635,6.43193,16,GCN
74259,0.07094669,-2.6095798,4,GCN
93728,1.9251266,-1.2198497,23,GCN
6377,-0.04854369,-0.028626204,24,GCN
22350,-3.9277658,-1.1854403,24,GCN
99193,2.7126164,2.1318474,24,GCN
126892,-2.939517,-1.3219907,16,GCN
60857,-2.7451255,-1.5781974,30,GCN
18477,-4.1375184,-0.8678858,16,GCN
107111,4.0182934,-3.0252864,4,GCN
100473,-4.0324526,-2.5018713,16,GCN
26414,-2.6811304,-0.21728683,16,GCN
93419,-1.0603845,0.29608154,24,GCN
110949,1.697453,-0.6047156,26,GCN
69804,1.7459092,3.9534984,24,GCN
74997,-3.0970976,-1.8892306,4,GCN
81583,-2.073364,4.232468,16,GCN
84012,1.8293567,1.9521375,16,GCN
150756,0.96975803,4.2774663,27,GCN
169168,1.3235435,0.2123406,24,GCN
11044,-1.0693796,-3.1525397,24,GCN
140152,1.573019,-2.966723,32,GCN
117580,-3.231291,-1.24418,16,GCN
49094,5.5075226,-2.177283,28,GCN
113580,-2.5930572,-0.83048964,30,GCN
46265,1.8945227,-2.0309725,2,GCN
11435,1.7340808,1.9719629,16,GCN
134751,0.8402152,-0.09037733,4,GCN
35680,1.873941,-4.7733564,28,GCN
128015,-0.46843576,0.27800345,13,GCN
141434,-3.9152725,-0.25007057,16,GCN
19628,-2.0590541,4.0214515,24,GCN
21071,2.422834,7.688809,24,GCN
67443,0.104970455,-1.1159468,24,GCN
162708,-0.14575982,-3.7199883,8,GCN
59625,3.2507267,-0.76426244,28,GCN
150302,1.847323,0.5061004,8,GCN
68410,-0.11741495,6.049421,30,GCN
146387,0.18670177,4.8772936,13,GCN
97753,1.1851597,3.8532953,27,GCN
117432,-1.1461134,-0.21080637,30,GCN
157351,-2.1573505,0.3160236,24,GCN
102642,2.1827254,-1.922726,28,GCN
91081,2.2625823,0.24081874,36,GCN
39674,0.3295889,-0.21808076,23,GCN
77897,-2.8640623,-2.020152,16,GCN
81495,3.401064,-2.1764634,4,GCN
130676,-2.0431156,1.8988371,6,GCN
63066,-4.2311263,-1.323827,16,GCN
16661,-3.4990137,-1.3193071,30,GCN
19326,5.6614637,1.7613482,34,GCN
60520,-3.1809752,-1.2763445,24,GCN
93437,-3.7292194,-0.89007926,24,GCN
141104,-4.001942,-0.66716814,16,GCN
154571,0.8636842,7.1323752,24,GCN
166506,-2.9811842,0.8973303,16,GCN
149516,0.98215437,1.7034888,24,GCN
30325,1.7010093,-3.960956,31,GCN
136973,1.5269308,-3.1679587,28,GCN
137404,-2.9658575,-0.6606972,10,GCN
127641,2.7336965,1.211854,27,GCN
154668,-3.1110368,0.38122106,16,GCN
12840,-0.63853836,2.4821105,24,GCN
154756,2.6848173,-0.6380403,6,GCN
39221,4.7703733,-3.50657,28,GCN
85997,-1.4827387,3.106194,16,GCN
35133,-2.815504,1.7883196,16,GCN
80193,1.6201391,-0.7723036,36,GCN
24636,1.5404382,0.25543094,20,GCN
125015,-2.4905105,-1.4251143,16,GCN
70140,4.0756407,-0.69578266,24,GCN
26295,-0.17209673,-2.0763137,28,GCN
108260,-3.8615818,0.64426994,16,GCN
43748,-1.7872853,2.966516,16,GCN
9527,2.1175284,-1.3511374,10,GCN
91150,-1.0135972,-0.98343277,38,GCN
136960,3.2084928,2.5732374,27,GCN
60463,1.4725218,3.8465986,30,GCN
158641,-2.7226253,-0.8638892,24,GCN
141364,-0.4336431,4.7932887,16,GCN
141450,0.13586235,2.1280088,16,GCN
53827,2.5423212,-0.030319452,19,GCN
150550,-2.6518927,-0.4832878,16,GCN
126772,-0.7034497,1.6709385,31,GCN
91284,-4.0332594,-1.6972431,16,GCN
1189,-3.8528492,-2.0999403,24,GCN
72855,-2.4281702,-1.5270561,24,GCN
75403,-1.919575,-0.8730099,30,GCN
32954,-2.8562589,-0.604223,16,GCN
80196,-2.699703,1.4432678,16,GCN
39168,1.3283195,1.4355474,10,GCN
137031,-1.4041867,2.7584066,16,GCN
24930,6.1664553,-2.943426,36,GCN
119849,1.7552156,-2.2055163,36,GCN
54332,0.6740842,-3.7129052,28,GCN
161368,-2.730835,-0.0468812,30,GCN
13839,4.676717,-1.8410921,8,GCN
90797,0.83807707,0.95473623,19,GCN
146869,-2.0392022,1.1668653,16,GCN
109581,4.830021,-2.9996579,28,GCN
150426,-3.2187188,0.16603589,24,GCN
6306,3.1895785,-4.84863,2,GCN
99154,-2.062348,1.6117516,16,GCN
165179,2.5000343,2.3570886,24,GCN
157256,-1.9542713,1.4081903,16,GCN
93439,-1.385365,0.8891406,37,GCN
148178,-3.431458,-0.87594295,16,GCN
148301,-1.9748075,3.5418906,16,GCN
17105,-2.831048,-1.8580797,30,GCN
63477,-2.9670706,-2.0329292,30,GCN
136163,0.18457222,-2.7753441,4,GCN
152007,-0.063188314,-2.2822478,8,GCN
105656,-0.61198545,4.3294616,27,GCN
8762,2.0506024,-3.3309257,8,GCN
159531,2.6410246,-2.790017,2,GCN
107900,4.7929363,-1.8631922,37,GCN
17137,4.785198,-1.0000582,20,GCN
96422,4.0282354,14.530613,16,GCN
29805,-0.6370201,4.88222,25,GCN
149404,4.0578957,4.0505686,7,GCN
155938,-3.142736,0.9242077,16,GCN
133395,3.1358395,3.5951638,16,GCN
84602,2.623301,-1.7934577,10,GCN
163106,1.5507517,0.11521983,13,GCN
85836,-3.267976,-2.6539028,3,GCN
162589,-0.24354386,1.8192153,16,GCN
122378,3.5079293,-2.2663574,36,GCN
90814,2.2897472,-1.5332261,4,GCN
125589,-0.47235513,-2.2976604,28,GCN
35132,-1.7417719,2.0405765,16,GCN
138808,-0.31131935,-3.625877,28,GCN
63071,-0.36334252,-2.132481,5,GCN
155606,0.5632324,-1.8117505,26,GCN
116390,-3.1637812,0.86177254,16,GCN
80677,-0.61682343,-1.1147523,23,GCN
27217,-1.4368417,-0.24355578,6,GCN
49859,3.1133208,2.1380758,4,GCN
15679,-0.13921475,0.69327307,16,GCN
85830,-3.3390033,-0.95044804,24,GCN
60994,-2.4133072,2.2878785,16,GCN
11521,-2.287778,-0.06652355,30,GCN
55767,-0.44491267,2.017517,25,GCN
155940,-0.29512453,1.3322968,25,GCN
51749,-0.47143912,-0.6643717,16,GCN
59659,6.1057224,-4.521672,9,GCN
89522,-3.026477,-0.1500156,30,GCN
56873,-2.5145793,1.3995261,16,GCN
161300,4.0396433,-0.8945751,4,GCN
47544,0.67398834,-1.2082654,37,GCN
165291,3.5877976,-4.42028,5,GCN
62159,-2.2993984,0.24787402,30,GCN
91328,-3.162809,-1.252325,30,GCN
155904,-0.5314152,-1.1300088,26,GCN
72832,-0.24841475,-2.5734956,28,GCN
43797,1.6283803,-2.1390386,11,GCN
53775,-3.163495,-1.1673906,25,GCN
124933,0.38581324,0.4129908,30,GCN
163953,0.8122673,-0.41351986,7,GCN
117681,-4.1047425,-2.0723238,16,GCN
150318,1.5868855,-2.9455645,35,GCN
129437,3.060432,-1.7348975,20,GCN
149409,-1.3784454,4.2895627,16,GCN
61024,-3.3118815,-0.051448107,24,GCN
101818,1.1564445,2.571074,24,GCN
166564,2.838121,-2.0109577,28,GCN
69759,4.5543556,0.70659757,34,GCN
71088,-3.7411306,-0.6363659,16,GCN
66141,1.0298405,4.467045,27,GCN
107143,1.1574974,-1.108838,8,GCN
58193,-2.1134448,-1.6211802,26,GCN
93403,4.096504,0.52283454,24,GCN
95160,2.6328096,2.371467,27,GCN
5094,2.6948934,-1.0197484,2,GCN
139635,3.3947563,-2.7013495,8,GCN
128998,-0.17390299,5.433726,16,GCN
17081,-4.1018972,-0.5679362,16,GCN
157472,1.1666946,1.5527515,27,GCN
31579,2.1764445,-0.75963473,36,GCN
35506,-3.505073,-1.602767,10,GCN
52380,1.2634449,5.605067,16,GCN
105608,-2.6294713,0.4021132,30,GCN
21057,-2.3189335,-0.011639595,30,GCN
76292,-0.11894035,1.4897127,18,GCN
94671,-2.5621738,-1.1316344,30,GCN
128147,-1.2411726,1.668477,30,GCN
64434,2.8335147,-1.9655831,3,GCN
129610,-1.5614893,1.6944699,24,GCN
61784,-2.3816547,1.0037627,16,GCN
154194,-2.531034,1.7524905,24,GCN
168829,-3.9443169,-0.8664279,16,GCN
47251,4.5519505,-3.530535,5,GCN
80077,-2.5570204,2.2241354,16,GCN
85798,3.6170387,-2.3168683,10,GCN
80613,1.8243814,-1.5493387,24,GCN
53015,3.6717196,-1.9168807,34,GCN
157340,-0.30947876,1.9876194,24,GCN
129433,2.774619,-2.3338478,28,GCN
27705,2.2847471,6.033623,13,GCN
149089,0.32182693,2.5774035,24,GCN
130380,3.2797704,-2.438787,24,GCN
147759,-1.5242455,2.344356,16,GCN
93395,-3.7072551,-2.2933364,16,GCN
14290,4.598443,-3.1514764,8,GCN
152902,-3.5355825,-0.46548796,16,GCN
75584,2.2253008,-3.4871044,4,GCN
52920,-2.4538145,0.53543735,24,GCN
162747,0.95307875,2.9469833,24,GCN
64879,-3.096791,-0.509989,30,GCN
34256,1.7180929,5.4937387,24,GCN
7366,1.4810243,-2.9905653,22,GCN
71513,0.8194046,-1.5361892,24,GCN
160078,-0.80058575,1.2062068,4,GCN
23678,-2.6441107,-0.39214253,30,GCN
84646,2.7886505,1.2454405,13,GCN
111874,-1.8133442,2.7419038,24,GCN
132264,-2.6588342,-2.7053087,24,GCN
17092,-3.7503245,-1.5882543,16,GCN
121617,2.9572358,1.695725,24,GCN
154777,1.1890926,-3.4679615,4,GCN
137391,-2.8965158,-1.7573825,30,GCN
32539,-2.10112,-1.1679649,30,GCN
19850,-4.0809765,-1.6949115,16,GCN
66099,-2.7805178,2.2440314,16,GCN
100021,4.602537,3.192747,24,GCN
74274,-2.8831575,-0.108867645,16,GCN
19251,-2.0361648,0.56098294,24,GCN
8446,2.369636,4.822785,3,GCN
17938,-3.8487735,-2.1118019,16,GCN
121574,-2.414528,-1.5063581,30,GCN
16617,1.8156943,-0.8109069,37,GCN
113164,1.0301366,-2.4168491,34,GCN
149616,-0.5123682,1.2017365,24,GCN
5155,1.8419313,-4.2018538,28,GCN
143600,4.782363,-1.708932,34,GCN
129454,0.4731965,7.61923,24,GCN
33748,-1.561959,-0.10252595,24,GCN
67579,-0.99824834,2.239049,30,GCN
98695,-0.8791976,3.0651069,16,GCN
149607,-3.688505,-0.39889312,16,GCN
43236,-2.6014538,-0.45034432,16,GCN
55636,3.8930907,-1.7312213,23,GCN
58150,-3.4880233,-1.9716772,24,GCN
84618,3.839797,-2.394924,28,GCN
8922,2.0108438,-3.658657,28,GCN
39716,-0.49469805,-2.9454234,28,GCN
58318,-1.370954,-2.4560118,24,GCN
55715,-1.074506,3.2302494,30,GCN
51767,0.32956457,0.024178982,7,GCN
29772,-3.8638477,-1.408659,16,GCN
138771,0.4247818,-3.1849105,28,GCN
105251,2.160531,-3.7001297,9,GCN
22306,-0.26114583,1.0910158,31,GCN
12912,1.0689545,-2.5030978,28,GCN
28950,-1.2595286,1.774035,10,GCN
84450,0.6802077,-2.1870677,23,GCN
68398,4.111581,-2.3030775,29,GCN
17156,1.3879247,2.1508803,16,GCN
33830,-3.3328109,-0.21391678,16,GCN
67111,4.8102674,-0.76294446,5,GCN
161376,-2.4996176,1.4716425,16,GCN
144072,-3.0578172,0.104328156,24,GCN
35139,-2.172844,1.7391739,24,GCN
4662,-0.5359559,5.66587,16,GCN
109652,2.920959,1.7934542,21,GCN
49043,1.6763153,6.4650884,24,GCN
31702,-2.548752,-0.698406,30,GCN
75400,1.9445529,-0.16935587,24,GCN
94810,-3.2103868,-0.24547338,24,GCN
76772,3.4191132,-0.30032206,24,GCN
35193,-0.5605409,-0.59151316,11,GCN
55317,4.2536135,0.42785192,32,GCN
9800,6.007511,-2.5120482,34,GCN
76799,-3.3230414,-0.28948236,27,GCN
150791,0.3900156,-1.5473217,38,GCN
135765,1.9033556,1.1706538,37,GCN
76867,-0.25795507,1.223064,24,GCN
134377,-2.1975336,-1.1395754,16,GCN
76329,4.353753,-3.1816754,8,GCN
168035,-0.87611413,1.7781577,30,GCN
143901,-3.4962845,0.20815516,16,GCN
135713,-0.8032577,-2.0699048,24,GCN
28496,-3.1200025,0.9494486,16,GCN
125602,-3.050281,-0.525481,25,GCN
104341,-3.833032,0.74604845,25,GCN
125226,6.3819914,0.6264727,24,GCN
144198,-2.2963142,0.679868,24,GCN
96558,0.74773645,0.42850494,37,GCN
34381,-2.2909696,1.282445,24,GCN
164015,-0.88464403,1.6479435,24,GCN
724,-3.2166202,-0.05407715,16,GCN
59093,-1.3983576,2.2537184,16,GCN
11064,2.5557094,3.2661033,27,GCN
136184,4.691618,-0.40260625,28,GCN
109434,-3.9611635,-0.11259556,16,GCN
103117,-3.4046876,-1.5548651,30,GCN
91230,-1.6493247,0.84216857,16,GCN
72871,3.7111006,-1.4982076,28,GCN
51311,-2.0454068,-1.5124894,24,GCN
26419,1.769052,0.5136192,4,GCN
84498,-1.4103506,0.22174692,30,GCN
162542,1.5204692,1.0501509,24,GCN
43826,2.1151505,-3.0562031,8,GCN
122346,-2.010711,-2.7817538,24,GCN
62300,0.277421,1.367631,24,GCN
26016,2.4992633,-2.145226,20,GCN
91094,-1.3971467,-2.0703115,26,GCN
163480,1.8091002,-0.52615595,20,GCN
133552,-2.20258,0.7188158,16,GCN
17121,-3.8768048,-2.335987,16,GCN
122782,-3.4325042,-0.5450442,24,GCN
42265,0.413599,2.1651573,31,GCN
67609,-0.007519245,-2.371046,10,GCN
47222,-2.965066,-2.4654872,30,GCN
42342,-3.586795,-0.21117401,17,GCN
100277,-2.734147,0.1383779,24,GCN
78935,1.2766337,2.3267803,13,GCN
60506,2.7210336,1.8630733,17,GCN
97442,5.2634172,-3.007186,9,GCN
150384,-2.3167596,1.0540447,24,GCN
8384,-3.9896433,-1.0525546,24,GCN
85852,-4.2347894,-2.7330842,16,GCN
4645,0.9557562,1.9990902,27,GCN
75439,-0.2513318,-3.2275205,24,GCN
114987,1.0027947,2.0753984,24,GCN
60461,-4.0300784,-0.8434725,16,GCN
134346,0.5088396,-4.45536,28,GCN
62241,2.2566729,-1.1015446,29,GCN
89459,-0.7918122,-1.1350739,24,GCN
121054,-0.9663062,5.426824,16,GCN
92002,2.1804953,-3.734396,4,GCN
1236,-2.0255132,2.13276,16,GCN
118903,3.2210236,1.1540198,24,GCN
41017,-3.7207685,-0.9422388,24,GCN
47260,-0.8210678,0.7955277,27,GCN
166075,2.6331258,0.81189704,24,GCN
105780,3.089275,0.9041648,16,GCN
76760,-1.3895419,2.7894783,16,GCN
35731,2.4591565,-0.70966554,36,GCN
99977,5.5913677,-0.6838269,26,GCN
31566,-1.6323662,-0.2671795,30,GCN
73863,2.0526023,-1.912259,28,GCN
141186,2.5095124,-1.4317238,8,GCN
154430,-2.3415585,0.5890429,30,GCN
157345,-3.8013334,-0.2560196,16,GCN
154180,1.3935113,2.5482478,13,GCN
141428,0.9618721,-3.7197318,28,GCN
30194,-0.2557435,0.9490633,30,GCN
63592,2.9508238,-1.5486073,2,GCN
148246,0.15584564,-0.034107685,27,GCN
72814,4.3274603,-3.4168985,34,GCN
29757,-3.5579808,-1.6972136,16,GCN
105673,1.9930906,0.08794069,24,GCN
159556,-1.3016403,4.9574656,24,GCN
22437,-3.6192605,-2.2977214,24,GCN
138275,-1.7685449,0.050933838,28,GCN
159928,-1.2400734,0.40467906,24,GCN
113242,-2.1823215,2.132351,16,GCN
64810,1.5956626,3.0923548,27,GCN
10161,0.9583292,-4.456953,34,GCN
133428,-0.7648728,0.4085176,30,GCN
7336,-3.8732698,-1.6366233,16,GCN
28932,0.53813887,0.78412056,24,GCN
26420,0.718133,-1.7038317,24,GCN
28977,-2.7579703,-1.0866334,27,GCN
55175,-0.71375847,3.8417535,27,GCN
14286,1.613605,-0.5327811,20,GCN
122913,-0.08488536,4.897145,30,GCN
19721,-3.4742532,-0.29583454,16,GCN
155526,-1.1086018,-1.7039866,2,GCN
121603,-3.7280693,-1.2652997,24,GCN
105194,4.685708,1.1204085,19,GCN
34217,-2.7780485,2.0315328,16,GCN
101305,-3.156208,1.182076,17,GCN
35662,1.0307884,-3.7147396,26,GCN
67009,-2.4965565,0.8070018,24,GCN
59656,-2.953057,-0.491107,24,GCN
50347,3.3803163,-4.696228,4,GCN
75491,2.935597,-3.8765936,28,GCN
115902,-2.1297984,-1.3849142,24,GCN
121554,-0.8594341,-0.39586353,16,GCN
87225,-3.7012494,-1.1531632,17,GCN
81882,-0.045310974,2.8069305,24,GCN
32938,-0.66917443,0.7232866,28,GCN
122297,-2.9240942,0.25069165,16,GCN
53444,4.693781,0.33044195,7,GCN
42232,3.8622875,3.0703745,24,GCN
162598,-0.24772,4.332013,13,GCN
119771,-1.611501,0.9879012,24,GCN
88527,-3.4927316,0.22719026,25,GCN
64370,-0.8416989,1.1560707,16,GCN
68789,-1.0969505,0.94974136,30,GCN
15573,1.090848,-3.1551435,28,GCN
7184,3.8010411,0.6937852,19,GCN
133027,5.8938465,-0.07310772,19,GCN
165211,2.507393,0.25032163,26,GCN
167415,-3.471791,-0.76241016,16,GCN
161447,-1.4181888,-1.3159395,24,GCN
133463,3.6253052,0.061466694,34,GCN
43746,-2.5114555,1.6466289,16,GCN
139578,3.5802388,-1.9489958,8,GCN
11012,2.2282887,2.8727536,30,GCN
24536,-0.66262126,2.3754497,24,GCN
4637,-1.8097346,2.5963316,16,GCN
27630,4.2312984,-3.5677202,28,GCN
55694,1.7982974,-3.271169,28,GCN
133470,6.3758564,-1.2319648,5,GCN
121376,2.8766737,-2.4435725,36,GCN
105650,-3.6767943,-1.8047583,16,GCN
55231,3.7521539,-0.50152874,28,GCN
5917,-3.778385,0.25271797,16,GCN
166638,-1.6255765,0.2233398,30,GCN
125538,-1.6305039,0.11998129,24,GCN
137482,-1.5139716,2.2953157,24,GCN
71038,2.5731416,-1.1779774,22,GCN
14330,-2.7840042,-1.0478191,30,GCN
699,3.9138875,-4.114766,8,GCN
36983,2.1193151,-0.1576581,34,GCN
8815,-1.0065486,3.7735329,16,GCN
82818,-1.9529662,0.05646658,24,GCN
11238,0.19242287,-1.3391837,28,GCN
45902,-4.09961,-0.6118498,16,GCN
86742,-0.22456169,0.05045128,24,GCN
50300,1.1394811,-2.615901,34,GCN
25100,-3.492549,-2.1551628,7,GCN
53085,-2.9941678,-0.35680985,16,GCN
15775,-2.86279,1.00663,16,GCN
148215,1.9130459,-1.99153,20,GCN
142582,0.15147877,3.3539963,30,GCN
92496,1.5740066,-0.99470186,24,GCN
23740,-0.04217744,-2.910561,28,GCN
43708,-1.7489166,0.71153116,30,GCN
144956,5.707281,-1.9218829,5,GCN
36511,2.8813505,2.9295502,13,GCN
80126,2.714851,-1.3589512,34,GCN
27605,1.6417704,4.0770593,27,GCN
130346,-3.8043375,-0.7374604,16,GCN
115952,-3.630292,-1.4527032,16,GCN
121528,1.7721701,4.1093917,16,GCN
38358,1.4011259,-3.6485984,28,GCN
52585,3.2407198,-0.94332695,34,GCN
64401,-3.7034929,-0.42736506,16,GCN
67571,-0.28518224,2.3958569,30,GCN
151681,0.6340089,3.2150006,27,GCN
133408,0.7635541,2.8674445,4,GCN
146845,0.9844556,-0.81548166,28,GCN
134845,2.3895354,1.8695722,28,GCN
110543,-1.4361899,4.7837973,6,GCN
165329,-2.0052624,0.12737155,30,GCN
52992,2.3051438,-1.918828,4,GCN
57760,-2.5132418,0.1578443,24,GCN
124092,-2.606368,-1.3153489,23,GCN
109187,0.958199,4.2682285,30,GCN
59723,-0.015745163,1.0371146,30,GCN
8485,3.7114635,-3.5154235,37,GCN
34309,4.4894714,5.5883384,24,GCN
68883,-0.5083833,1.2092538,30,GCN
29067,0.4536395,0.06445384,24,GCN
75100,1.5906534,-1.0608082,36,GCN
48607,-1.7432425,1.908031,25,GCN
51738,3.6655421,-0.77439857,26,GCN
52541,-0.0400846,0.44601607,24,GCN
158141,-3.5240545,-0.9291208,24,GCN
19700,3.167862,1.6051598,27,GCN
118433,0.780293,-0.30779886,28,GCN
110948,-3.4288652,-1.0270789,16,GCN
15737,-3.7684088,-0.9875505,30,GCN
17239,5.6801405,-0.09077859,20,GCN
84065,0.47736454,0.16351962,10,GCN
164011,-0.6471031,-1.7138159,8,GCN
161411,4.968611,-1.4385568,4,GCN
3829,-3.241304,-2.0666757,24,GCN
160126,0.062297344,-0.5550113,24,GCN
732,3.9623108,0.1457932,19,GCN
105714,0.41865826,1.905335,24,GCN
129430,0.6164117,-3.0823965,28,GCN
111085,2.1605453,-1.81073,8,GCN
48521,-4.0328984,-1.8159014,30,GCN
81502,-3.605194,-0.07588768,16,GCN
167481,-2.9580076,-2.920828,24,GCN
89888,-1.5139878,-1.0618751,24,GCN
82039,2.783937,3.461451,13,GCN
166521,2.5011477,-2.8081977,28,GCN
25889,0.16134691,-2.4753792,24,GCN
29001,-3.8681104,-1.2970525,16,GCN
93749,2.5931392,-0.47398114,6,GCN
134898,-1.4976783,0.90122604,16,GCN
115121,-1.6761448,0.25289917,24,GCN
18450,-2.9603882,-2.3907542,24,GCN
73770,1.39289,0.8259754,24,GCN
107896,3.2337794,4.919254,20,GCN
36851,-1.7997715,0.7062602,24,GCN
163886,-3.4587626,0.27983332,16,GCN
77656,1.6229429,-1.4299493,4,GCN
44504,-2.2733145,-1.3051778,24,GCN
40939,-0.45437455,-1.13641,31,GCN
128206,4.805297,5.7335134,24,GCN
95979,0.6701021,-3.1103992,3,GCN
23198,3.7665086,-2.5377917,2,GCN
152045,-2.616587,-0.05938506,30,GCN
11506,-1.7130558,1.20822,30,GCN
102930,-4.3057165,-1.3178668,16,GCN
158710,1.8805513,-2.7562203,5,GCN
47579,-2.3890495,-1.6522195,30,GCN
151533,3.1892471,-2.4256926,28,GCN
142626,0.7254276,1.1014609,24,GCN
100458,0.01923132,-0.6361773,24,GCN
64990,0.29890442,3.7624512,16,GCN
68811,0.17944002,-0.37584424,24,GCN
4642,3.9912262,1.8672614,34,GCN
25134,0.088424206,0.44787836,4,GCN
153350,-2.1145434,0.63348055,24,GCN
31616,-1.9174445,-1.0498395,30,GCN
47189,2.9240117,-0.87537503,5,GCN
161417,-1.789403,-0.8509021,24,GCN
73685,1.8349915,2.5234876,24,GCN
63525,-1.5335205,0.8828144,30,GCN
19289,1.9824486,1.1849461,10,GCN
19307,-3.861112,-1.7170721,16,GCN
98578,3.4382343,-2.7742836,2,GCN
125608,-1.8805678,0.38895464,24,GCN
113643,-4.0164847,-2.642784,24,GCN
23220,3.3355327,-3.1181028,28,GCN
38344,4.5417433,-3.765663,4,GCN
136141,1.8966885,-3.9318974,5,GCN
22325,3.6979399,0.44556618,36,GCN
129520,-2.2427716,-0.79616714,16,GCN
74163,2.2659907,-3.4522064,4,GCN
55178,-1.2452574,-1.9179934,37,GCN
6353,-3.5239673,0.26632428,16,GCN
1286,1.54529,2.7752867,24,GCN
59623,0.45237923,-2.7606578,4,GCN
27637,0.62670565,0.89053035,16,GCN
92610,2.332624,5.590284,24,GCN
139773,-2.8403072,-1.407933,30,GCN
47640,1.5769362,-1.3986402,24,GCN
132953,-4.3726506,-2.3950124,16,GCN
106953,-2.7140355,0.66352177,16,GCN
35684,-2.5850115,1.0107989,16,GCN
47194,3.517992,-4.1762815,39,GCN
66983,4.2554455,6.751946,24,GCN
59204,-1.3161895,-3.983383,28,GCN
95222,-3.6421082,-0.57834816,16,GCN
75431,0.5670185,-1.6227566,24,GCN
42291,-2.5989656,1.7722192,16,GCN
50221,-1.7085426,3.2953396,16,GCN
47576,-2.7059662,2.9332008,16,GCN
103019,-3.4078758,0.13013554,16,GCN
104443,1.9614172,-1.8805295,36,GCN
98687,1.6537681,2.36726,6,GCN
39599,-0.4674766,-1.2666773,23,GCN
113661,3.417872,0.55921364,27,GCN
74268,4.8865986,-1.9519371,14,GCN
101741,-2.4333167,1.4571347,16,GCN
78123,4.6148777,0.67525697,26,GCN
17215,2.9474626,-1.493803,37,GCN
124153,0.16926241,6.4723716,30,GCN
38288,-1.7978363,-1.0964084,30,GCN
124251,1.2150898,-0.008337736,28,GCN
161373,4.8410378,-2.3987358,8,GCN
121441,-1.8882883,-0.6038592,16,GCN
3695,-0.98522186,2.4157243,16,GCN
158646,-3.0645418,1.4423661,16,GCN
151996,-1.7523308,1.2831335,24,GCN
137023,0.5818763,8.435141,30,GCN
51665,1.5174251,3.9530854,24,GCN
150281,-3.9902365,-0.8319938,16,GCN
154731,-2.3488526,2.9206414,16,GCN
148202,-4.462835,-1.5168447,16,GCN
65778,3.4293284,-2.549322,34,GCN
39792,-3.391664,-0.39560914,16,GCN
131759,-3.0097718,-2.0467913,30,GCN
54425,0.14529705,1.364172,4,GCN
132239,-0.05662775,2.1569653,16,GCN
102959,1.7375402,2.4148855,6,GCN
72331,4.2151175,0.18209314,24,GCN
80129,-2.4570076,0.23473239,24,GCN
114803,2.3744783,2.1643252,24,GCN
88583,-3.335785,-1.2995147,24,GCN
138886,-1.1536269,0.5916083,30,GCN
52963,-4.0817866,-2.4338026,30,GCN
53874,-3.824379,-2.5666463,24,GCN
138764,2.3261628,2.3039284,24,GCN
137466,2.2125936,-0.95347095,36,GCN
152008,-3.3425264,-1.9676914,24,GCN
29024,-1.7742274,-0.28841043,31,GCN
72393,-0.5761943,1.303586,24,GCN
59271,-0.29561257,0.8753865,30,GCN
99157,-0.026125193,-0.45088077,24,GCN
156014,2.9952598,-3.4651585,34,GCN
142349,-0.7077415,3.4388475,16,GCN
113735,3.5460324,3.1476598,27,GCN
64977,0.09516907,0.75495434,24,GCN
88061,2.751439,-0.08995724,22,GCN
3804,-0.58587503,1.3411655,24,GCN
88589,-1.5442247,0.3020215,16,GCN
111828,-0.32374763,0.78745794,28,GCN
71582,-3.606719,-1.3804451,31,GCN
64961,-2.6847,-0.49842882,24,GCN
84541,-3.1938035,-2.009092,31,GCN
158459,-3.7705047,0.33113098,16,GCN
117093,4.294589,-3.7452912,28,GCN
52606,1.9979043,-4.31999,29,GCN
10321,2.7510567,1.8418598,24,GCN
101738,-2.7726068,-2.3404891,16,GCN
50350,-1.7614334,0.6289604,24,GCN
41904,-2.3344314,-2.0169463,30,GCN
121502,3.343113,4.0933537,24,GCN
99161,-2.9382,-1.1157264,30,GCN
95093,-2.9189026,-1.4527627,16,GCN
154701,-1.4125962,1.4126182,30,GCN
125430,-2.611527,-3.6131535,24,GCN
114476,1.6691017,4.2544985,30,GCN
88673,-2.2134304,1.5121799,16,GCN
88485,-1.4245086,-0.57842493,4,GCN
155949,0.39218187,-3.5409005,22,GCN
33036,1.1808667,-3.1077008,28,GCN
121065,-4.09387,-2.4187846,16,GCN
148136,-2.3083901,2.749907,16,GCN
148331,-2.595501,0.0570426,24,GCN
109671,0.9696102,-3.3301816,8,GCN
46281,2.278233,-3.3693006,28,GCN
167889,2.3694534,-0.0442667,10,GCN
46255,-2.6941185,1.707448,16,GCN
23250,-3.4878626,-0.74176884,16,GCN
125026,2.2432861,-3.2128448,4,GCN
45062,-3.6805704,-0.08847523,16,GCN
141494,0.23453283,-0.21654105,3,GCN
21179,0.38397408,2.1407871,24,GCN
28570,-1.8144803,1.6423879,30,GCN
108442,1.2344084,3.046822,24,GCN
148288,2.6342611,0.18947792,24,GCN
40549,-2.2203264,-1.1034007,30,GCN
122707,-2.2934797,-2.226472,4,GCN
167805,4.0127954,-4.285889,8,GCN
152896,-3.2067192,-3.422223,24,GCN
126811,-0.12463689,0.45259786,30,GCN
27080,-4.350146,-2.5390232,16,GCN
32754,2.7033458,2.3555913,28,GCN
130919,-4.3052974,-1.1158491,16,GCN
53818,1.685266,0.59016824,24,GCN
144183,2.1158366,-3.389256,23,GCN
3517,-2.5578644,-0.39066648,16,GCN
50235,-3.623773,-0.73182964,16,GCN
108060,-3.3125408,-0.5086336,30,GCN
119740,4.5741663,-3.4477723,4,GCN
106933,-3.0010426,-1.7950689,30,GCN
21934,-1.537519,4.613549,16,GCN
108437,-4.0497437,-0.7477,16,GCN
53111,0.13471699,6.183254,16,GCN
15325,-0.023660183,-1.1272556,30,GCN
134788,0.66586447,-2.7878442,34,GCN
21013,0.89903975,-3.1044726,28,GCN
42355,-0.84643626,-3.068338,28,GCN
71592,-2.5144048,0.20629263,30,GCN
75607,0.462255,-1.3832572,32,GCN
66316,-3.8878615,-0.25904274,16,GCN
113581,0.013042927,-0.14288735,31,GCN
55789,-1.4200127,3.0072298,27,GCN
65818,2.5995932,4.919376,24,GCN
105568,-2.6899004,-0.5981264,30,GCN
31490,-1.9149423,-1.7657894,13,GCN
68411,4.9513407,1.772006,34,GCN
54281,0.58447886,2.468935,24,GCN
147781,-3.5560546,-0.3538947,13,GCN
118454,0.70470524,0.07678127,38,GCN
83145,3.945375,-2.5207644,28,GCN
96383,3.2765903,-1.7713778,20,GCN
117550,2.6940665,-2.8778093,9,GCN
24946,3.0106807,-2.6115255,34,GCN
91780,-2.1152213,-0.39448,16,GCN
145504,3.749402,4.5221815,24,GCN
66047,-1.9114666,-0.17983294,30,GCN
64664,1.5503097,-1.098896,22,GCN
120312,2.6472979,-3.5613058,8,GCN
120131,-2.4167383,2.0453434,16,GCN
59694,-2.8789072,0.7810807,16,GCN
116382,6.1770124,-1.2414371,32,GCN
154247,-2.132897,0.9048996,16,GCN
59190,-3.6711345,-1.3672879,24,GCN
49876,0.6362262,-3.7227929,28,GCN
28632,2.7285576,-3.2599406,2,GCN
107860,-4.008729,-0.9437957,25,GCN
122738,2.9797459,-3.8362007,34,GCN
86769,-1.1944633,1.3561478,27,GCN
74161,-3.1150346,1.0276623,16,GCN
161268,-0.5672507,1.9988632,30,GCN
45844,0.7069521,2.8486643,16,GCN
122501,1.5238156,-1.5718241,20,GCN
121606,4.4343376,-2.31591,39,GCN
145434,-4.1247964,-1.3018681,30,GCN
47635,1.521707,0.22427249,24,GCN
73724,-3.362889,-0.40717173,16,GCN
160824,0.027678967,-0.9329145,3,GCN
6412,2.9818487,-2.3275723,36,GCN
95204,-2.5915315,0.69526863,30,GCN
137503,3.339716,-3.8457484,5,GCN
160073,-1.0618682,-0.4768808,5,GCN
110571,-2.0358412,0.19023156,13,GCN
15271,-3.5353231,-2.2138798,24,GCN
29083,-0.47751236,2.5648546,27,GCN
90823,4.497122,-3.2463815,5,GCN
56457,2.2604256,-3.4549963,22,GCN
85824,-4.0986915,-1.9473189,16,GCN
154657,-4.29271,-0.9686518,16,GCN
100244,0.5942192,1.0068579,24,GCN
77598,2.3177748,-3.1014857,8,GCN
12441,0.699039,0.79173064,30,GCN
97810,3.8431764,6.511083,24,GCN
107108,-1.953891,0.20014405,24,GCN
107877,1.7026305,1.7433844,24,GCN
163446,-2.7430825,-0.209903,30,GCN
75479,-0.049661875,0.35989714,24,GCN
117574,1.9842615,-1.8293761,39,GCN
118600,0.75239086,-3.421362,8,GCN
67558,2.8830328,-3.53898,2,GCN
52562,1.1766467,3.5142117,24,GCN
105637,-3.022617,-1.4801843,16,GCN
150331,1.0242491,3.4094052,27,GCN
25129,4.743456,1.4762807,27,GCN
64431,-3.2985253,-1.1732128,16,GCN
81433,4.4786844,2.6069703,16,GCN
103059,-2.3518522,0.41597128,16,GCN
128241,-1.1641617,-0.62121296,4,GCN
25090,-2.0746264,1.4564104,24,GCN
71069,3.414424,0.30417633,11,GCN
21176,0.49133348,-0.096969604,26,GCN
130420,-1.3348422,-2.2600524,24,GCN
75078,-2.3361778,-0.17718601,30,GCN
64913,5.8976088,2.9965963,6,GCN
10231,-3.0172808,-3.3938468,5,GCN
142887,-0.30486083,3.0237956,16,GCN
46302,3.3211741,-1.7414824,28,GCN
46291,2.2936769,-0.4631648,28,GCN
161390,-3.0814636,0.42573714,30,GCN
90052,-2.0348978,1.0321503,24,GCN
783,2.0081997,-2.5599513,34,GCN
122925,-4.2264686,-1.0623312,16,GCN
104294,-3.8265302,-1.5549997,24,GCN
47527,1.6258955,-4.0269938,8,GCN
71532,-1.5465262,0.4399829,24,GCN
86781,-1.9595327,1.329927,24,GCN
150676,-0.11762595,-2.2290058,28,GCN
34401,-3.7600358,-0.8321161,16,GCN
35143,2.5184784,-1.5024104,4,GCN
134870,-0.6658852,1.6299896,30,GCN
129515,1.6069059,2.744062,24,GCN
104215,-3.8524413,0.020580053,16,GCN
122785,-0.0019478798,-0.3932054,31,GCN
8895,0.14841652,2.0561113,10,GCN
101700,1.7053919,3.3208933,27,GCN
107104,2.5186725,-3.247083,8,GCN
129559,-2.2177196,0.83159184,16,GCN
166137,-3.3662205,-0.35208726,16,GCN
56460,0.22262716,-4.0148177,34,GCN
151972,1.4129305,0.49169517,10,GCN
8438,4.173991,2.3426685,0,GCN
91259,-3.3439593,-0.99109197,16,GCN
55777,0.62128687,3.0236897,24,GCN
111079,1.0005484,-3.310374,28,GCN
150313,3.5342593,-3.0748887,23,GCN
169235,-3.5493412,-0.22057748,16,GCN
25122,-3.26754,-0.080658436,16,GCN
136999,0.4710188,1.2689066,16,GCN
76757,1.7696261,-4.2535086,4,GCN
60869,4.6889534,6.5477977,30,GCN
121437,1.3528223,2.2767663,31,GCN
133477,-1.8643827,1.1639638,25,GCN
133545,-3.201542,-1.9331754,20,GCN
23725,-1.2300167,4.4520655,24,GCN
160933,3.7331076,2.2393675,19,GCN
137028,-2.099649,-0.70293474,30,GCN
31120,4.3122997,-2.7885535,34,GCN
107944,-3.7119684,-1.8918986,24,GCN
87005,-1.2649353,-1.0055199,4,GCN
86652,2.7400098,-5.166722,37,GCN
65751,3.1501641,-2.4487689,28,GCN
158226,-0.5798328,0.18378282,16,GCN
76333,1.107285,2.4940753,27,GCN
11628,-3.176768,-1.071145,30,GCN
99178,-0.23645163,1.0564833,24,GCN
149459,-2.351109,-0.536875,30,GCN
52996,-0.05016589,0.834059,30,GCN
753,-3.4966035,-0.07583976,16,GCN
149529,0.97685957,1.6315279,24,GCN
26243,-3.4304934,-0.12201619,16,GCN
19775,1.0507836,-1.2737887,8,GCN
62239,0.72712755,-0.41345072,24,GCN
163956,0.84684753,1.030004,10,GCN
168033,3.0161195,-2.1464295,20,GCN
41829,1.9638739,-0.8266659,5,GCN
27289,-1.9244888,-0.13752007,30,GCN
34273,2.7171154,-2.7355366,2,GCN
156091,-3.9969754,-1.8432949,16,GCN
90804,-1.9605246,0.7271371,24,GCN
60962,-0.6367073,-0.76756024,10,GCN
27210,1.6626463,-2.3005812,8,GCN
24591,3.896017,-4.4355726,33,GCN
155537,4.4846306,-1.9118941,37,GCN
136144,-3.5808656,-1.7140394,16,GCN
79072,0.39981604,-1.9291711,36,GCN
15219,0.4306755,-1.1508446,3,GCN
155471,0.9395075,-4.103309,28,GCN
30226,1.1928473,-3.671549,28,GCN
21025,4.547284,6.783895,30,GCN
59164,1.6838155,2.2739706,24,GCN
22200,-1.3810763,1.5633283,24,GCN
59502,-3.6997874,-1.701642,16,GCN
71373,4.6324434,-3.5607405,18,GCN
134836,3.7397208,3.7545524,24,GCN
88053,2.6133585,1.7072482,19,GCN
64734,-0.84263325,-1.0004091,30,GCN
86759,3.8507924,-3.0749547,9,GCN
74158,-0.10992885,-0.060239553,31,GCN
80546,3.3134732,-0.6723876,23,GCN
46391,2.602406,-1.3991827,20,GCN
84568,-1.78738,1.1193986,16,GCN
54237,-2.0532455,0.5717275,16,GCN
126919,0.045636177,2.2762876,10,GCN
937,-2.705439,0.7599282,30,GCN
145073,-3.512753,0.33435345,16,GCN
12521,1.350975,1.3773689,26,GCN
153370,1.5064301,-3.007025,33,GCN
6241,-3.9547498,-0.97331834,16,GCN
26447,-3.3937511,-1.0675468,24,GCN
48977,2.0806522,4.451956,30,GCN
163785,-2.7157753,0.11585379,16,GCN
54462,-4.5001636,-1.706257,16,GCN
40976,-3.4880066,-2.0825272,30,GCN
117677,-3.2979116,-0.8640132,30,GCN
166714,-1.4197822,2.0324106,27,GCN
87286,-2.6839952,0.60071516,16,GCN
55706,-2.7694964,-1.2178167,24,GCN
122454,-3.017393,-1.6237609,24,GCN
142807,0.18354416,4.040675,24,GCN
93895,-1.3645475,2.3571377,16,GCN
138860,3.1654377,-1.1757064,5,GCN
22357,-2.2036283,1.5953021,16,GCN
116298,3.4121666,-2.4209561,5,GCN
143722,-2.6879818,-2.3956826,16,GCN
40534,0.97344494,2.1474905,27,GCN
30362,3.8924437,-2.4019156,2,GCN
74084,1.8151913,7.013144,16,GCN
10208,-2.82364,1.3138008,24,GCN
67594,0.51058483,0.64816,23,GCN
106579,-3.208591,-0.14698601,16,GCN
29846,0.7922535,1.2474356,24,GCN
101241,4.7880354,5.4158998,24,GCN
138362,0.21616745,-1.7250962,24,GCN
29765,3.6764946,1.0101137,19,GCN
43686,-2.7088747,-1.0250635,24,GCN
63193,0.76117325,-2.8571591,28,GCN
17011,1.83218,1.9560318,24,GCN
118912,1.7676578,-2.3874767,34,GCN
146645,0.7746992,3.520875,20,GCN
38348,-4.1582484,-2.2892017,16,GCN
19865,4.4579697,-0.60339236,5,GCN
67066,3.969932,-1.1267344,19,GCN
153475,-3.3748548,-2.7638369,24,GCN
98977,-0.27142382,-1.7798026,3,GCN
34245,-1.3361528,0.84630346,30,GCN
7191,-2.5087235,0.095011234,24,GCN
126513,-1.832654,2.5129266,16,GCN
5074,-2.45925,3.2860966,16,GCN
124268,1.2195272,1.5588894,24,GCN
18452,-2.593287,0.046224356,24,GCN
66248,4.576206,-3.643349,29,GCN
136767,-1.9043581,0.051876068,16,GCN
166105,-0.41456628,2.963677,27,GCN
138724,1.9510331,2.1624217,10,GCN
48986,-3.4947138,-2.094195,25,GCN
167419,4.151287,-2.3929482,4,GCN
120300,1.2762761,-3.0981362,33,GCN
85841,1.1472774,1.9534154,10,GCN
95997,1.7122965,2.5835156,10,GCN
61777,-0.23934937,4.783444,25,GCN
139574,-2.1365116,-0.6518247,24,GCN
17975,1.3628826,2.445012,27,GCN
26411,-0.7329006,-2.2985368,26,GCN
164832,7.888685,-2.6234138,34,GCN
41855,-3.4860137,-1.2330664,16,GCN
13837,-2.9403267,-1.6001468,30,GCN
27582,-2.5568564,-0.19084024,16,GCN
85432,1.8227711,-2.7726123,28,GCN
88652,-2.427976,-1.9651122,24,GCN
66148,7.344178,4.8721704,24,GCN
101218,1.9295778,-0.8818085,5,GCN
121593,2.4561534,-3.9021137,8,GCN
138365,-1.033073,0.50089645,4,GCN
169121,-0.499604,-3.618227,8,GCN
16434,0.77668333,1.4513683,16,GCN
69775,-3.5036254,-1.6092464,16,GCN
90787,3.1084867,-3.4947119,2,GCN
36886,-3.265255,1.1944108,16,GCN
50286,1.8206687,3.7633,24,GCN
153497,-1.5998218,2.3239617,27,GCN
23248,3.6975794,0.5115464,28,GCN
67454,-1.0573428,2.3600636,27,GCN
11640,-3.680139,-0.24442816,16,GCN
96477,1.9275093,1.1051006,24,GCN
155687,-0.18829966,0.70576906,30,GCN
58278,-2.2399607,-1.7136959,24,GCN
167432,5.204135,8.007671,24,GCN
100438,1.5698218,-3.765576,4,GCN
160875,1.1421423,-3.1033053,28,GCN
17621,2.2176166,0.9282026,23,GCN
147744,-1.7201946,2.2550187,27,GCN
126764,0.6713362,-3.6326365,24,GCN
143674,1.3086972,4.527935,26,GCN
49905,1.0163398,3.2230291,24,GCN
125463,-3.584638,-2.016318,24,GCN
51616,-1.313967,-1.541328,24,GCN
48931,0.8273401,-3.2689674,2,GCN
22430,1.56989,2.465835,27,GCN
41825,-1.3712635,-1.3879007,31,GCN
38414,1.4893708,0.79202414,10,GCN
18444,4.1324444,-3.3309543,2,GCN
144864,3.8078485,-1.4444324,4,GCN
81475,4.1841726,-2.843779,8,GCN
110504,-3.6890354,0.8737309,16,GCN
106977,-3.9673252,-1.4121252,16,GCN
40530,0.4757371,6.41532,30,GCN
156873,0.17991877,3.4949036,24,GCN
15252,-0.8137846,3.6377974,16,GCN
79271,-0.6427653,7.185823,16,GCN
1944,3.9629855,9.967178,16,GCN
7551,3.0625696,-3.2941186,34,GCN
21152,1.2200851,2.9069223,24,GCN
43165,-0.992949,-2.3478715,30,GCN
75000,0.8661728,1.4240036,26,GCN
76818,4.556471,-0.5367434,32,GCN
9048,-1.2748199,-0.95716095,28,GCN
85740,0.780458,5.538626,27,GCN
78890,5.1183157,-1.0101621,19,GCN
31076,-0.19105268,2.3185763,24,GCN
159567,-3.617751,-0.6748097,31,GCN
33707,-1.1462965,3.315691,16,GCN
78854,-2.66657,1.5541172,16,GCN
46218,1.1949215,-2.9979749,38,GCN
56840,-2.910163,-0.7974584,16,GCN
144153,1.4326572,0.9376693,10,GCN
96040,-4.0331426,-2.2476883,16,GCN
123739,3.383317,-3.9440496,8,GCN
77940,0.1261406,1.5871072,16,GCN
16650,3.6318922,-1.1531194,11,GCN
32898,-2.059076,0.3777883,30,GCN
40480,2.811007,-3.5259182,28,GCN
119009,3.7040596,-2.860699,36,GCN
156006,0.25779963,-0.35048246,15,GCN
3837,-0.5837984,-2.892143,28,GCN
166127,2.8668885,2.3556046,27,GCN
7626,-2.3600388,0.26681733,24,GCN
112288,0.42376757,0.7467382,10,GCN
51138,2.9264178,-2.0214503,19,GCN
27203,1.8156948,-0.81090665,37,GCN
169171,-0.3752184,-1.6427796,6,GCN
22088,-3.6166763,-2.0138824,30,GCN
126359,1.2848058,0.47145462,23,GCN
64844,1.2021651,1.8886161,27,GCN
59624,-0.056753874,4.249401,16,GCN
62166,-3.0267425,-1.0963583,30,GCN
55689,-3.314642,-1.5198196,30,GCN
32831,-0.36085343,1.6115761,24,GCN
11445,2.1976895,1.0509315,31,GCN
167857,2.7700744,-1.9941837,4,GCN
82827,-2.8110409,-1.9221245,24,GCN
153285,-2.0760193,1.1167378,16,GCN
94710,-0.79596305,2.990666,16,GCN
98919,-2.1632285,-0.98308325,31,GCN
2062,-2.0766697,2.015069,16,GCN
67436,0.8751712,-1.3210113,33,GCN
63446,0.5580139,-1.9646964,5,GCN
95241,3.7918692,0.17727733,4,GCN
93836,-3.3873606,-1.9574344,30,GCN
99975,-1.3438692,3.7472234,16,GCN
57055,-1.1628432,2.261876,16,GCN
52944,0.6769743,-0.63292456,10,GCN
102954,-3.9804332,-0.6063447,24,GCN
64877,-2.327734,1.5003781,30,GCN
103056,-3.130866,0.24975061,16,GCN
145462,-3.0579278,-1.0128522,30,GCN
152631,-3.5657246,0.9203539,16,GCN
118332,0.65379333,3.1441846,16,GCN
132197,1.3652639,-4.384921,28,GCN
62173,-3.5598192,-2.3894558,16,GCN
161389,1.5934057,5.760532,24,GCN
160031,-2.359906,1.2332892,13,GCN
35119,-2.60699,-0.31437302,13,GCN
3811,-2.3899617,-0.6627207,30,GCN
75082,-2.7103043,0.91628647,24,GCN
122349,1.9369483,4.648148,30,GCN
71042,-0.4734969,1.7834215,10,GCN
34023,2.6750908,-2.4008574,8,GCN
1011,-0.5998473,3.3649292,10,GCN
17000,0.72042704,-0.08099842,6,GCN
82777,7.284897,-4.802384,36,GCN
130882,2.9738517,-1.0910511,10,GCN
141344,2.701447,-1.9801717,9,GCN
142257,-3.9533892,-1.0955245,16,GCN
114945,12.842864,4.9864516,24,GCN
148188,-1.3841321,-3.432076,8,GCN
128036,1.2477288,-1.9106596,28,GCN
17232,-4.336776,-1.441221,16,GCN
72904,3.7167687,-3.1667552,2,GCN
93781,-3.6566253,-0.26791382,30,GCN
155573,-0.4445083,2.2904968,24,GCN
128245,-1.7063081,-0.043879032,24,GCN
87927,0.0022330284,3.9046054,16,GCN
120211,-2.281099,0.4660473,30,GCN
107049,-1.8980384,0.38274527,30,GCN
122224,4.402956,1.7189202,13,GCN
15096,7.1633825,-3.517285,36,GCN
84640,-3.8651469,-1.7540834,16,GCN
67637,-1.3566036,0.46286678,16,GCN
62277,-2.637918,-1.4250304,24,GCN
105748,-2.3177652,-1.0089264,6,GCN
144090,2.438428,-0.7293012,34,GCN
105680,0.86039877,-2.27307,28,GCN
120331,-0.6055968,-0.70937705,24,GCN
144173,0.66411495,-3.0971477,28,GCN
77608,0.05397892,-0.8164849,30,GCN
56672,-0.046808243,-0.055977583,16,GCN
35213,1.9072113,-2.6561244,26,GCN
40509,2.6026945,-2.996836,2,GCN
149549,-0.5669782,2.205152,24,GCN
167879,-4.311256,-1.8884263,16,GCN
140989,-2.2890248,-0.59674215,24,GCN
150761,-0.40488148,2.551581,10,GCN
32979,0.4179511,2.868114,24,GCN
112218,-2.055402,2.4531355,16,GCN
29830,2.7736354,-2.3137774,9,GCN
43774,0.2831874,1.3293729,24,GCN
157357,1.4345775,1.2856035,24,GCN
59504,3.455587,-1.7449034,28,GCN
24995,0.057235718,-0.3080783,13,GCN
76886,-4.1309123,-1.1483601,16,GCN
112253,-4.0716157,-1.4765991,16,GCN
26423,0.08133745,-0.17160416,24,GCN
64918,-2.0091128,1.8609796,24,GCN
108086,2.2196083,-1.3167746,24,GCN
145617,-2.9439404,-1.8708345,16,GCN
126849,-2.5480332,-0.3157947,30,GCN
15739,2.427905,3.2071095,26,GCN
154213,0.47159052,-3.5886304,4,GCN
67132,-1.4403584,1.5697169,30,GCN
70251,-1.5718825,4.821738,24,GCN
166159,-2.9152217,-2.2044785,24,GCN
59194,2.5346708,-3.0443864,28,GCN
130825,-1.4991984,2.9631548,24,GCN
5956,5.428545,0.09754443,19,GCN
2417,0.80190945,1.2660689,23,GCN
154637,3.5248132,4.255064,31,GCN
84546,-2.6428921,1.081336,24,GCN
151664,2.3325238,2.132894,24,GCN
68878,-2.9920077,1.6743908,16,GCN
167872,-2.0692227,-0.36112332,16,GCN
161238,2.267551,3.585794,1,GCN
117735,-1.1429935,3.455217,16,GCN
125007,3.0709133,-4.130854,34,GCN
44519,-2.1421623,1.3397317,16,GCN
93425,0.9171424,4.981032,24,GCN
125499,-2.518045,-0.777473,24,GCN
119023,-2.150876,-0.87524533,30,GCN
164813,0.42926216,-1.3993948,4,GCN
111087,0.8046708,-0.8448465,23,GCN
123745,-0.78531575,1.6536884,30,GCN
64984,-3.6496282,-0.27216363,16,GCN
86618,2.4101806,-0.52108335,37,GCN
91170,-4.1993785,-0.3448212,16,GCN
31077,0.47099018,-0.7154422,23,GCN
100390,2.2761874,4.1525216,27,GCN
101759,-2.9727354,-0.91906214,24,GCN
42231,-1.3100345,0.42732215,24,GCN
137495,-3.6804898,-0.21396399,16,GCN
143688,-3.2523181,1.4114704,24,GCN
138878,2.778531,-2.2951303,5,GCN
38320,4.5581245,-3.0761685,28,GCN
164799,3.8492131,-0.69372344,28,GCN
97845,0.19152546,-0.8845506,38,GCN
8807,-0.12104559,2.609067,24,GCN
3344,-1.0889046,4.5428452,16,GCN
31593,4.9093075,-1.4742708,34,GCN
137368,3.2742949,-1.3831259,28,GCN
160008,-3.6369364,0.0976975,24,GCN
109206,2.6738138,-4.7984605,39,GCN
56876,-2.5858655,2.0467048,16,GCN
48990,5.986782,-2.5859728,4,GCN
22292,0.4254408,-1.0779712,4,GCN
97796,1.5949569,-3.661717,28,GCN
73819,-2.7174807,0.6904962,30,GCN
8475,3.8599749,2.7085557,27,GCN
169335,-2.4357045,0.060242176,30,GCN
45097,3.3439956,0.7435136,8,GCN
30273,-2.9707227,-1.3142194,24,GCN
102533,2.2775874,4.5640335,6,GCN
27624,-1.4541721,-1.591287,24,GCN
88470,2.14291,-0.9476347,8,GCN
68393,-0.003528595,-0.9325931,26,GCN
144957,0.1408844,2.8037677,31,GCN
15460,5.761218,-3.585155,28,GCN
147714,2.6002245,-4.014327,28,GCN
94612,-3.1801004,-0.36319947,16,GCN
21124,1.0806708,-1.6368572,28,GCN
64355,2.6759434,0.3127973,13,GCN
96411,0.7055907,3.418261,30,GCN
95168,-2.001194,-1.1663154,30,GCN
162686,2.1370764,-0.8295257,3,GCN
91183,-3.6208463,-1.6397098,16,GCN
2613,-0.65779376,0.44755864,11,GCN
151941,-4.2505875,-0.9194279,16,GCN
1124,0.16577435,0.9499998,24,GCN
43776,4.9318457,-1.2138469,20,GCN
162630,-2.0755322,-0.65646625,30,GCN
165320,-0.23294854,-0.39714003,10,GCN
83297,4.025197,-3.3199177,39,GCN
130800,2.6072578,1.9347472,24,GCN
28952,-1.7061381,-1.1804123,24,GCN
10165,3.1740823,-3.5170746,8,GCN
113742,-3.9000196,-0.7136395,16,GCN
166701,3.633976,-2.7116728,36,GCN
23831,-2.6459866,2.1478896,16,GCN
128021,2.0122662,-2.7145994,28,GCN
21082,-3.3379757,2.2829475,16,GCN
39342,-0.596118,0.9915528,24,GCN
97783,-2.0733423,0.31522846,24,GCN
24940,1.0932312,-1.4515071,28,GCN
146434,1.8238683,-4.226298,8,GCN
20995,1.9198198,3.5250878,30,GCN
52760,-0.8029916,-0.5074005,13,GCN
136020,-1.5750167,-0.04739809,31,GCN
121567,-3.148162,0.5117271,24,GCN
50218,-4.0287457,-1.4007484,16,GCN
116407,-0.66254807,0.060621977,24,GCN
138826,1.050416,7.3251014,16,GCN
119725,2.5288262,-1.4911484,28,GCN
108369,-3.216926,-0.22803473,16,GCN
168806,2.6984892,2.955752,27,GCN
115857,-0.4468112,2.7116184,16,GCN
3386,3.0295916,-3.4915285,5,GCN
63447,3.480845,-2.9968758,29,GCN
57037,2.7024984,-3.1785445,5,GCN
121447,-2.3564413,0.3441584,30,GCN
5067,-1.0331192,0.9174247,24,GCN
141507,3.858984,-3.1520133,18,GCN
12998,-3.824429,-0.44327378,24,GCN
135657,-0.58859324,1.8495564,3,GCN
52928,0.30051374,2.7275414,17,GCN
104401,-3.8871896,-2.2540815,24,GCN
68365,3.6147866,-2.992945,4,GCN
84635,3.2716203,-1.3553365,39,GCN
35701,0.2238307,0.22935605,6,GCN
49090,-2.1694796,1.036161,25,GCN
168879,-1.5803676,-0.35877538,24,GCN
19247,0.61476326,0.31672668,4,GCN
131763,2.7974834,0.7327223,11,GCN
90702,2.4427075,-4.630048,28,GCN
52969,-3.3671944,-0.7106898,30,GCN
24971,-3.0856285,-0.48980808,16,GCN
133623,1.9039955,-4.02097,28,GCN
121121,-2.37575,-0.41531634,30,GCN
59644,3.2467241,-1.8399286,4,GCN
13062,-3.176967,-2.4485002,24,GCN
161408,2.7324657,0.48562145,24,GCN
149528,-3.7438083,-2.0402792,30,GCN
99190,-1.2008708,-1.070919,5,GCN
158775,0.2572689,1.74295,24,GCN
166100,-3.5840697,0.74683404,16,GCN
92032,-4.1559973,-1.6211883,16,GCN
150841,5.5620346,-2.356431,29,GCN
41069,-1.9867721,0.3753786,30,GCN
42286,6.016553,0.09467602,11,GCN
48540,-0.13841271,4.043017,16,GCN
140947,0.8916888,-2.450645,36,GCN
163489,2.4506307,-0.93022466,10,GCN
127631,0.7921004,-1.8111622,20,GCN
147755,-2.5814142,-2.782534,28,GCN
27233,-1.2155511,2.4911299,16,GCN
75542,1.5553594,1.8079453,24,GCN
101799,4.3493185,-0.72194695,2,GCN
167945,-3.3335238,-1.415566,16,GCN
140178,0.41300535,2.2105174,24,GCN
46422,-1.4449856,-0.6587541,30,GCN
165237,-1.8240464,-1.1987245,24,GCN
81622,3.3187823,-3.2688682,28,GCN
139993,-2.885537,-1.5714962,24,GCN
113511,-2.7508984,1.0180287,16,GCN
97369,3.8311324,1.2194452,21,GCN
38319,-1.4872742,2.2693715,16,GCN
93857,-1.6302078,-2.3903146,4,GCN
15228,1.5898037,3.762175,27,GCN
167824,1.3556228,-3.3042545,28,GCN
78855,2.0415773,-1.9332944,8,GCN
102516,0.21413231,-3.5815547,28,GCN
116363,-3.6417086,-0.42654133,16,GCN
18471,1.9804134,-0.5743444,34,GCN
25898,-0.45187902,5.449754,16,GCN
5137,-3.083682,-1.1736993,31,GCN
134732,2.8736825,-4.3676,28,GCN
31544,-0.4682169,3.193406,16,GCN
153389,3.416533,0.7176535,38,GCN
2019,3.5760098,-2.0524836,36,GCN
15276,0.14677715,-3.7510157,4,GCN
151486,4.1348515,0.36901617,19,GCN
3692,-3.5775278,-1.9823159,6,GCN
23314,-2.3546495,-0.4544227,24,GCN
53014,-0.11910343,2.6254215,27,GCN
7667,-4.0865617,-2.1492248,16,GCN
99224,-0.80735326,0.7717309,24,GCN
25076,0.2832365,1.4022131,6,GCN
31692,1.9592943,1.9703832,31,GCN
117553,-3.96164,-1.5655496,16,GCN
142368,2.100378,1.292604,34,GCN
76335,2.701191,0.6646447,2,GCN
81854,4.943924,-4.1218987,36,GCN
8386,3.3914108,1.467916,27,GCN
79467,-3.5048938,-1.9415374,10,GCN
153283,-1.5955472,-1.466638,24,GCN
41001,-3.5082345,-1.4933327,16,GCN
55155,-0.48944426,1.9622784,30,GCN
122815,-2.8378787,-1.0053871,30,GCN
38206,5.942114,-1.2783176,28,GCN
55401,-2.5174127,0.34567833,24,GCN
112416,3.6914554,-0.27599072,24,GCN
142345,-1.2906432,4.764263,16,GCN
79339,-3.6326299,-0.3880725,16,GCN
150668,-3.2218041,-0.7668011,16,GCN
40498,-0.2979555,1.539649,24,GCN
98685,1.1145248,3.595066,11,GCN
53819,2.8822083,3.2679262,10,GCN
38248,-2.9786365,-0.48815155,30,GCN
43586,-2.97475,-1.9713023,30,GCN
87259,0.8912983,-0.17742229,20,GCN
138716,0.97590923,-0.9988816,6,GCN
77517,-3.1942878,-0.8310087,30,GCN
128999,3.349585,0.3027208,23,GCN
91149,-2.4081554,1.0326481,24,GCN
71433,1.8106923,1.7545471,26,GCN
67595,-2.149065,0.86494136,16,GCN
55333,1.0933661,-3.7605934,28,GCN
5042,1.1935,-3.5007179,28,GCN
80705,0.7887578,-0.85109496,23,GCN
45862,-0.9000428,2.4682798,16,GCN
84074,-3.7242718,-1.7389227,16,GCN
18501,0.8278756,-0.8948424,24,GCN
733,5.708811,-0.6014364,26,GCN
27236,0.49947023,2.6323018,24,GCN
142341,0.26671314,-0.112140894,19,GCN
68689,2.1484914,2.9963155,24,GCN
18547,-2.7096891,2.1626005,27,GCN
48509,-2.5361526,0.20700336,24,GCN
754,4.726062,-2.937326,22,GCN
25131,-1.3172262,-1.1490862,24,GCN
68836,0.312912,6.1930947,31,GCN
38327,-1.5725005,3.3626695,16,GCN
64962,1.776681,-3.0281093,34,GCN
81321,1.4897227,1.486413,18,GCN
50284,-3.4255426,0.06626725,16,GCN
160872,-3.369942,1.6242642,16,GCN
34339,-2.728106,-0.5710609,24,GCN
74252,1.5152693,-1.9313152,22,GCN
115072,-3.4107478,-2.426526,30,GCN
148130,0.26916695,0.71098113,23,GCN
10188,-2.6320603,-0.10606098,4,GCN
128189,-0.14766169,-3.262891,28,GCN
63554,0.3900833,0.44784284,24,GCN
105154,-0.6986954,1.746335,16,GCN
18527,-2.4783869,1.0777426,24,GCN
140187,-2.651163,0.71752405,16,GCN
167417,0.32861996,3.2350545,18,GCN
7676,-1.9167955,2.1189585,16,GCN
51725,-0.8580153,-0.12695718,26,GCN
130723,2.6622686,-4.4261985,22,GCN
85401,3.5500026,5.2902226,27,GCN
43765,4.70022,-1.6466029,36,GCN
75454,-3.057279,0.49513626,30,GCN
162182,-1.2879345,1.2693276,30,GCN
11103,-4.1846337,-1.2502171,16,GCN
94716,-2.439489,0.24947906,16,GCN
40978,4.709857,-1.5729719,5,GCN
8741,2.5382576,3.0991168,30,GCN
7103,-1.2255614,0.19752264,10,GCN
48995,-3.2208252,-1.7145047,30,GCN
17185,1.8182306,0.035757065,27,GCN
122362,-1.9058211,0.54895306,25,GCN
158189,3.6012378,-0.35395336,14,GCN
154641,-3.8728638,-2.0837202,16,GCN
6224,-0.81456995,1.9298749,16,GCN
23663,-3.2987533,-0.9002018,30,GCN
71535,-0.716753,-2.3513792,24,GCN
154217,1.0205402,2.8516402,24,GCN
84581,-1.049443,1.8427448,27,GCN
128994,-1.2300496,4.2159767,16,GCN
157313,-2.6903167,0.2785771,30,GCN
53040,1.2516661,-1.3244565,24,GCN
107932,-2.899648,-2.7238843,16,GCN
70318,-1.8508675,-0.10358524,24,GCN
17133,0.13294363,7.8793187,24,GCN
53066,-2.6126242,-0.29452062,24,GCN
167462,-3.2015035,-0.6080396,16,GCN
28901,-2.8074565,0.139575,16,GCN
31122,2.7267861,-3.339268,28,GCN
77993,-1.6786342,-0.2557242,30,GCN
130391,2.4248052,3.4330597,16,GCN
44554,-2.4942632,-1.5668805,24,GCN
149053,-3.788535,-1.4879609,16,GCN
110965,-0.91759014,1.5301476,31,GCN
134731,2.879828,0.44399142,10,GCN
42389,2.9167004,-3.1957636,2,GCN
111110,1.7826748,-2.8964565,33,GCN
97487,-2.1591372,-0.15846634,30,GCN
163873,0.6057286,3.0347018,24,GCN
156123,-0.24768639,0.73634505,29,GCN
78950,-4.097446,-0.9354434,13,GCN
142314,2.9458542,-2.4390821,3,GCN
72758,-3.6700885,-0.73709774,16,GCN
105155,1.8415847,-3.554248,34,GCN
129505,-0.38926888,2.2031178,16,GCN
96555,1.6429138,-0.7166326,22,GCN
130850,-2.9510417,1.3610821,16,GCN
41841,-2.5154657,-0.5314491,30,GCN
92611,-2.75212,-1.4287919,16,GCN
10197,-1.6921692,-0.54447436,24,GCN
47383,2.0399427,0.21270776,3,GCN
748,-3.2284987,-1.275101,16,GCN
144174,4.029745,1.3964324,24,GCN
57772,2.132298,-4.241269,8,GCN
26252,-3.482973,0.53667474,24,GCN
29833,-2.025794,0.12533641,24,GCN
53852,-3.3407362,-0.33390737,30,GCN
50140,2.8982291,4.498509,24,GCN
40469,-0.18656754,5.5195117,25,GCN
141220,3.6546426,-1.2532105,8,GCN
49954,2.2220912,3.6524076,5,GCN
4596,2.1899896,2.186339,10,GCN
108187,-3.3622174,0.3111868,24,GCN
102594,0.16197157,-3.3996344,38,GCN
97762,2.477539,-2.4750462,20,GCN
35707,-2.6267586,-1.4984555,24,GCN
122826,-1.278271,0.08395505,24,GCN
162221,-4.1828113,-1.6433719,16,GCN
87307,0.34482336,2.3360815,27,GCN
51175,-0.69975066,1.5186405,24,GCN
150300,0.012684822,-1.3163018,28,GCN
146944,-3.256469,-1.3122888,31,GCN
54266,-0.65300846,3.4851785,24,GCN
92577,-1.9286134,-1.7481132,4,GCN
39325,-3.3888528,-1.1153457,16,GCN
64362,3.1035085,-2.4256792,21,GCN
148173,2.5799274,-3.7391126,4,GCN
57764,-3.5324714,0.5484128,16,GCN
47583,2.8337665,0.13540769,3,GCN
167891,2.184206,2.725294,27,GCN
89685,2.7467756,5.622993,24,GCN
83220,-0.71268725,-0.93069506,24,GCN
124260,-0.18126035,-0.73812294,26,GCN
158674,-2.105617,-1.0093975,24,GCN
158239,-0.17191458,0.77586985,24,GCN
146784,2.7039304,4.598213,24,GCN
69746,-3.544969,0.25505638,24,GCN
74941,0.071734905,7.3320794,16,GCN
56961,-2.2153444,-1.6416306,24,GCN
145478,-2.6581554,0.28153348,16,GCN
105168,-0.26338124,-1.0118241,26,GCN
158720,0.554276,-2.4983432,24,GCN
75408,-2.2095425,-0.7623632,24,GCN
50304,1.0491657,-1.6396362,28,GCN
3325,0.897244,-2.4104228,34,GCN
92044,-2.3653474,3.2591176,16,GCN
33823,2.1452632,-0.3799007,2,GCN
58256,-2.775556,-0.68245125,24,GCN
11449,1.4966669,-1.2730197,28,GCN
14100,-3.1685617,-0.8723452,16,GCN
60833,-3.3541212,-0.77334213,16,GCN
17196,2.3903446,4.498817,24,GCN
22443,1.9437294,-1.9490083,8,GCN
57004,-2.6516237,1.2770929,24,GCN
82043,2.4236298,-4.164412,5,GCN
36856,1.5288639,3.1391606,6,GCN
151310,4.605894,-2.031589,28,GCN
81990,-3.553725,0.83266306,16,GCN
64929,1.7546597,-0.7214935,5,GCN
10184,0.32998276,-1.9516971,34,GCN
98671,-3.3787408,-1.419163,16,GCN
121571,-2.6639905,-0.5700209,24,GCN
116001,3.1826024,-3.852396,4,GCN
141420,3.6654377,-3.0901911,28,GCN
164745,2.6296396,-2.215506,8,GCN
31496,-1.1143768,-0.3814063,24,GCN
95193,-1.36029,-0.7296095,5,GCN
19868,-2.1851509,3.2454538,16,GCN
23273,-0.7250576,3.291388,17,GCN
88534,-0.1645472,1.6518369,24,GCN
67554,-1.2617893,4.357953,16,GCN
128184,3.3671236,0.32886887,11,GCN
49158,-3.8175142,-0.2946005,16,GCN
105631,4.968214,-3.6710525,34,GCN
164810,-3.0895233,-1.0395732,16,GCN
88509,-2.9906912,-0.66436434,30,GCN
133547,-2.732938,1.5136628,30,GCN
70255,-4.0833745,-1.4376686,16,GCN
118879,2.081811,-0.5381906,3,GCN
74985,0.039027214,5.4961553,16,GCN
56911,4.5339584,-3.2585468,39,GCN
111894,1.1950073,3.3527565,17,GCN
14321,-2.9464748,-1.422857,24,GCN
112352,3.7607079,1.8270917,29,GCN
31549,0.27141,5.1684823,31,GCN
143615,2.4266033,-1.3882141,39,GCN
146790,-2.1433663,0.42948246,24,GCN
91175,2.8357286,0.2641337,23,GCN
45945,-1.2705939,3.6256518,24,GCN
19432,6.999604,-0.81884,36,GCN
66091,-1.6032228,-0.6844263,24,GCN
74308,-3.4496486,-1.5912519,16,GCN
97789,-3.0981627,-0.7038536,24,GCN
117611,2.523961,-3.9769275,28,GCN
50017,1.7646232,3.6718125,16,GCN
149430,3.5137281,-0.2228167,7,GCN
141332,0.52227783,-0.6841402,27,GCN
129199,1.8098612,-2.5060925,18,GCN
57966,0.29347706,1.6354184,17,GCN
86819,0.98277473,-0.32482576,31,GCN
141109,-3.1739302,-1.6486055,30,GCN
68830,-2.9506571,-2.2904859,16,GCN
39690,-1.660888,0.27797675,30,GCN
42372,0.6882787,0.784317,28,GCN
111047,-2.7490172,-2.4397836,24,GCN
101265,3.8673277,0.9570651,28,GCN
148180,0.977592,0.24234128,5,GCN
167753,-2.7297993,-1.3058901,30,GCN
66310,-0.13122177,-3.3360388,28,GCN
125619,-0.007692814,5.725243,16,GCN
5065,2.8659883,-2.0983117,2,GCN
88108,0.2539425,5.0220256,24,GCN
112274,-0.6794183,-1.2109772,30,GCN
43767,-0.42414904,-0.39218855,24,GCN
85417,-2.5530677,0.65277934,24,GCN
157276,3.9570332,0.83108926,28,GCN
1148,1.5252604,-2.0265625,10,GCN
73790,0.4474883,2.3039489,24,GCN
142287,-2.2740207,0.49130583,30,GCN
39218,-1.2918997,0.4293077,24,GCN
103023,0.19001532,-0.45214462,27,GCN
17150,-2.9860802,-0.24880409,24,GCN
39306,1.1873355,2.264203,27,GCN
150337,-3.740169,-1.1527172,16,GCN
8417,-3.2426436,0.12818551,16,GCN
63498,1.4770117,-2.2252936,33,GCN
133023,1.5967512,-2.9881248,34,GCN
65680,1.8012152,2.5238695,26,GCN
122772,2.603476,5.0299125,24,GCN
122793,1.3001213,-1.5579288,4,GCN
143581,-3.0162985,-0.9666524,24,GCN
1322,-2.3131166,-1.0697975,30,GCN
128158,1.305047,0.5856831,39,GCN
108964,3.8994489,-0.6561971,36,GCN
118467,3.3581257,-1.8071715,28,GCN
126563,2.3442092,0.5878854,16,GCN
111960,-2.0589204,-1.812022,30,GCN
154230,-0.4352498,-2.0287914,19,GCN
18437,0.3425207,2.7035332,24,GCN
61648,-2.7975073,2.3009653,16,GCN
8406,-3.5177073,0.69289017,16,GCN
157374,4.9997206,-3.3045082,39,GCN
62142,-2.014787,-1.8140236,10,GCN
8984,-3.9555285,-2.7996511,24,GCN
6285,-3.238336,0.4967928,16,GCN
39734,2.8165574,-1.347025,36,GCN
136148,-2.211603,-0.18752623,16,GCN
74117,5.9807167,-3.1595104,5,GCN
153130,-1.0688174,-1.3731432,24,GCN
44555,-4.459199,-1.2182616,16,GCN
133102,3.371223,-4.789002,5,GCN
89878,6.079089,-3.2161405,34,GCN
92347,2.044797,2.3976684,3,GCN
36997,-1.3809249,3.2262526,24,GCN
14328,1.4648995,0.80400825,30,GCN
107906,3.3321538,-3.705691,9,GCN
131760,-0.3834374,5.359925,30,GCN
12664,2.5244765,0.58269954,24,GCN
167429,1.5619678,3.6710114,24,GCN
40533,4.853451,-3.4718993,8,GCN
161404,2.9554148,1.2516251,24,GCN
54308,-1.8484757,-0.7796781,16,GCN
77596,1.5570683,-0.56031775,5,GCN
142673,4.8665285,-1.980495,28,GCN
162706,1.1176515,-0.9821472,16,GCN
145051,-1.4994524,0.4732113,24,GCN
81483,0.8023739,3.357706,24,GCN
159516,-3.9258604,-0.4551499,16,GCN
129050,-1.0379212,1.7928624,30,GCN
84468,3.3134732,-0.6723876,23,GCN
7106,2.9947743,-0.79267406,24,GCN
49899,5.193041,-1.6972373,2,GCN
21027,-3.4606721,0.1878779,16,GCN
1159,-3.7283738,-0.73504376,24,GCN
57809,3.311854,-4.337822,28,GCN
105638,-3.7611427,-1.4469229,24,GCN
124274,4.1393137,4.3628964,24,GCN
160117,0.13543987,0.6457076,27,GCN
121612,-1.2668085,3.7666283,16,GCN
136121,-2.952282,0.64142513,24,GCN
48497,-4.121563,-1.239418,16,GCN
26082,-0.8929765,0.2648008,2,GCN
162678,1.9166379,1.3167558,11,GCN
18341,-0.17188811,1.7811742,27,GCN
160096,-3.7615876,-2.0930228,16,GCN
68953,5.1294804,-2.4463131,28,GCN
108376,-1.3501861,-2.870385,24,GCN
158788,3.0976763,2.583325,6,GCN
92043,1.856514,0.52341914,24,GCN
107920,-3.0381663,1.1520896,30,GCN
72927,-2.598949,2.966249,16,GCN
134419,7.933873,-2.3690844,37,GCN
167999,-2.7767491,-2.1896436,24,GCN
84425,-3.2845073,0.039778948,16,GCN
19347,1.1188436,-3.5717883,36,GCN
12793,1.7072864,-1.9484308,36,GCN
143830,-3.3231854,-2.8116405,24,GCN
76730,3.86523,-1.0594807,28,GCN
129579,-2.6043139,1.3685083,16,GCN
103548,2.4353266,-3.7635596,36,GCN
159548,-3.8936079,-2.35615,24,GCN
47644,-1.9426377,0.82793546,16,GCN
119801,0.9266453,0.83685946,24,GCN
85553,-2.3833005,0.18617868,24,GCN
149569,2.3129916,0.67745304,24,GCN
108230,-3.354194,-1.4230207,24,GCN
126475,-2.4679368,1.0027237,30,GCN
162711,1.2650018,-3.5739307,28,GCN
79374,1.0094962,-3.866376,5,GCN
145549,-2.103767,2.4534235,16,GCN
103005,0.2316556,-3.2095149,28,GCN
133429,-2.675059,-1.0991452,16,GCN
162569,-2.3843164,0.7667661,25,GCN
118553,1.8003807,1.0593758,13,GCN
105245,0.1367979,1.7054515,24,GCN
87233,-2.2338657,-0.0939455,16,GCN
116455,-3.7977154,-0.9041116,16,GCN
28899,-0.91517115,6.1205754,16,GCN
46396,-3.9025347,-0.9262569,16,GCN
68905,-1.1017838,-3.0638278,28,GCN
1284,0.2725644,-3.8026934,28,GCN
93932,0.437016,0.4542017,10,GCN
99185,0.75576496,-2.821756,34,GCN
23830,-3.236784,-1.032973,16,GCN
51569,2.1039987,0.59300303,24,GCN
70085,-0.7023771,5.054132,16,GCN
74972,-3.1788723,-0.21798468,16,GCN
114915,-3.0933056,-3.1338553,16,GCN
153459,-0.412529,3.4156337,10,GCN
101081,4.0019255,-1.478746,0,GCN
4585,-0.41836643,1.5637655,24,GCN
43617,0.39479256,-0.7133901,5,GCN
32438,-2.542543,0.90827036,24,GCN
53005,1.9002867,0.9373212,31,GCN
56690,-2.0020933,1.9691138,16,GCN
1978,-1.3716373,-3.2158742,31,GCN
30045,-2.584135,0.08201432,16,GCN
64958,-1.5592053,0.4878826,16,GCN
104432,4.9855556,-1.2052225,7,GCN
104345,0.10735655,0.5305898,31,GCN
152041,-2.864999,-0.77290416,24,GCN
165220,-2.584435,0.38368726,24,GCN
66231,0.3719387,0.9605551,6,GCN
3765,-0.9641757,-1.9684947,11,GCN
17969,2.5793662,7.221418,27,GCN
85871,-3.2737594,-2.5507421,30,GCN
88496,-2.1041083,0.59488606,10,GCN
140928,-3.5470846,0.13025808,16,GCN
83121,4.095969,-3.6294177,5,GCN
96605,-3.4232566,-1.0641716,16,GCN
56905,2.504271,0.12276602,8,GCN
64350,-4.043185,-1.327566,16,GCN
141285,-1.4817874,1.4340649,27,GCN
20609,4.2239685,12.1189995,16,GCN
97732,-2.8562422,-0.69212604,30,GCN
51200,-4.005533,-1.3989319,25,GCN
150777,-1.9418323,1.2170963,16,GCN
71561,-2.8214233,-1.0808334,24,GCN
84086,-2.2962165,-0.57933545,24,GCN
61799,0.17311668,5.596252,30,GCN
141415,0.58977604,0.8216553,24,GCN
114583,-0.7523277,-0.5029614,24,GCN
128010,1.9754348,-0.9005184,3,GCN
166165,-3.8769753,-1.2710447,16,GCN
80543,3.1037788,1.8985415,24,GCN
55565,3.755805,-3.3460295,8,GCN
140104,2.635612,-1.2508514,2,GCN
154610,1.9866385,2.9640446,6,GCN
56627,2.822411,-4.101201,8,GCN
146428,3.2364068,-3.4807203,34,GCN
89903,-2.7486777,-1.2725956,30,GCN
123848,-1.0543602,0.8491955,13,GCN
60976,2.3810263,-3.8227181,34,GCN
120786,0.5206752,-3.3168964,28,GCN
9815,-3.7010345,-1.798854,16,GCN
101807,-2.768941,0.037227392,24,GCN
126836,1.4514399,4.4297338,23,GCN
132192,2.1261616,-3.7007434,8,GCN
111098,0.121497154,-1.5322114,5,GCN
67586,-3.2088766,-0.13633037,16,GCN
107955,0.8925848,0.42471623,24,GCN
92515,-2.86514,-1.2471309,24,GCN
105735,-3.5927534,-1.0978065,30,GCN
141992,7.041321,-2.4385724,28,GCN
140076,-3.1341825,1.0474992,16,GCN
139664,-3.2896802,-1.4723074,16,GCN
40944,1.2008295,5.092479,24,GCN
45033,-3.841661,-1.6855556,16,GCN
14304,2.3562717,-1.7739459,21,GCN
2494,-0.7111995,3.3780851,1,GCN
81986,-3.5480597,-0.322742,24,GCN
120281,1.3376327,3.705473,24,GCN
97722,3.9201488,-2.0926988,9,GCN
165144,2.6875305,-0.6621554,28,GCN
81836,0.18361712,-0.29933238,24,GCN
32851,2.9803886,-0.86709285,39,GCN
49018,1.1615605,3.2712793,24,GCN
32500,0.40961123,1.3163028,10,GCN
39222,1.9722042,-3.5232952,5,GCN
105217,-3.5811083,-0.6538372,16,GCN
7557,2.0910983,1.2654514,24,GCN
155975,2.657085,3.098422,31,GCN
150699,2.4365864,5.755443,24,GCN
40969,2.8145266,-0.5087931,22,GCN
30302,-2.254239,-0.8608129,30,GCN
51529,-0.952533,0.48461366,24,GCN
25822,-3.3798146,-1.8837903,16,GCN
152841,0.6017742,-2.5976732,28,GCN
78103,-3.362266,-2.3054175,30,GCN
80168,6.112877,-4.417321,28,GCN
72374,-1.2792189,-3.4061778,10,GCN
7125,5.266382,-5.6584377,22,GCN
125568,-1.4667315,0.9557295,24,GCN
138785,-2.9794838,-1.3736757,30,GCN
13812,2.5839114,0.46202517,11,GCN
55194,1.2757592,1.0061584,13,GCN
65721,3.0688152,4.3205776,27,GCN
140074,-2.4548044,0.46974587,16,GCN
75018,0.29199505,-0.8155525,37,GCN
84023,-0.98499393,1.3992624,24,GCN
23805,-2.1901503,-2.9953673,24,GCN
108313,1.4543629,1.4159603,31,GCN
164000,1.9446287,-3.2156212,28,GCN
133469,3.5182567,1.2700577,4,GCN
139623,2.0416117,-3.2242496,4,GCN
33808,5.2158747,-4.0816975,36,GCN
92531,-0.33711052,0.83642983,24,GCN
158755,-3.6052854,-1.275327,30,GCN
163948,1.5664029,2.3141818,9,GCN
152933,0.15718222,-1.4188457,26,GCN
138840,-1.9217427,1.511662,16,GCN
69745,2.9963121,-2.2246094,20,GCN
27742,1.024631,-0.09895253,24,GCN
118528,-0.08950472,-0.16273141,24,GCN
27638,2.441481,-1.6381556,26,GCN
77992,-1.5054717,0.17931414,30,GCN
87264,-3.7672284,-2.8456602,16,GCN
125644,-3.107447,-0.39374232,16,GCN
35201,2.6439805,-1.0521402,26,GCN
112318,-1.1741557,0.004173994,24,GCN
2096,-0.74341536,-0.26162434,24,GCN
55718,-1.2199237,-1.9575623,24,GCN
106800,-0.30935526,1.1349711,24,GCN
153479,-2.3040016,-1.4391062,24,GCN
64825,3.34031,-2.947022,4,GCN
125485,2.1624403,-1.8920648,4,GCN
117589,-2.3958445,-1.1205335,24,GCN
24593,0.5094929,5.070828,24,GCN
114571,4.0489635,-4.601955,34,GCN
128177,-1.5945699,-1.6728902,10,GCN
52253,1.2128501,-0.8698673,4,GCN
71023,-1.7549558,3.1099176,16,GCN
128252,-3.9258475,-1.7462133,1,GCN
75180,0.835227,1.1333766,31,GCN
165203,-2.1134832,0.32032633,24,GCN
12966,-4.2163186,-1.3448517,16,GCN
158804,-0.85812306,2.0552473,24,GCN
83320,-1.4127462,1.8264041,27,GCN
60927,-3.4300196,-2.2202477,30,GCN
84571,-1.3088868,0.69907403,30,GCN
20598,2.809125,3.8165922,24,GCN
111071,0.98626614,-0.08323908,26,GCN
100049,3.1438403,0.3937583,7,GCN
40461,-1.0231144,0.09151411,30,GCN
26137,-2.0829072,-1.007308,30,GCN
118435,-1.6748457,-0.630502,16,GCN
62206,-3.0581374,-1.3568726,16,GCN
68951,-3.006815,-2.1586409,24,GCN
142697,-2.6904945,-0.20004082,6,GCN
117643,-3.6836746,-1.2691517,16,GCN
137446,1.4942837,1.9129968,30,GCN
72843,1.5862699,-2.9504879,2,GCN
2532,4.5421505,-2.6923094,34,GCN
150323,-3.9514222,-2.6455505,16,GCN
124070,0.5974455,0.6358819,24,GCN
11438,0.11355257,4.684139,27,GCN
52925,2.1613708,-3.5691276,22,GCN
121616,0.21634054,0.620764,16,GCN
29058,-1.9998851,0.6845887,13,GCN
81485,1.1502538,-4.169122,2,GCN
55754,-0.061950207,-2.9223204,5,GCN
94498,3.269528,-0.23270273,19,GCN
47253,-2.1621766,-0.21792054,16,GCN
13020,-1.9383991,-2.3505573,30,GCN
9021,-3.079608,-0.11885238,24,GCN
136967,-2.5893023,-0.58481264,16,GCN
140088,3.1173615,1.0896506,26,GCN
144235,-2.0241926,-0.6858337,16,GCN
12478,-0.07356238,6.1728673,16,GCN
167851,-3.4412878,-2.343187,10,GCN
19735,-2.1137218,-1.2610619,30,GCN
7153,1.7074919,-1.793525,23,GCN
82593,-2.727256,-0.5679269,1,GCN
64391,2.6365428,-3.3575006,8,GCN
139599,4.947404,-0.13591242,19,GCN
86741,-2.857542,-0.72261024,25,GCN
52959,1.4193754,-1.5272038,4,GCN
41085,-2.735058,-1.3848559,30,GCN
133443,1.1601658,1.3800178,23,GCN
45058,-3.1058798,-0.841372,24,GCN
86790,4.5656366,4.4833355,19,GCN
122561,-0.9707687,1.0446,30,GCN
84103,0.12528896,2.5590696,24,GCN
141453,1.0412445,1.6296716,24,GCN
153314,-3.8369038,-1.4714103,24,GCN
21932,-3.1451747,-2.4704375,24,GCN
147760,3.0432534,-0.02983141,13,GCN
93393,2.184733,-4.018665,28,GCN
122850,3.0505795,2.2841458,24,GCN
134779,2.8017507,-1.7543399,4,GCN
85515,1.8724303,-4.48737,33,GCN
159930,2.3989549,-1.4945982,31,GCN
60492,1.4325886,0.29272652,37,GCN
88065,-3.9265356,-0.21144629,16,GCN
104314,-3.7599525,-0.64103913,16,GCN
88504,2.689725,-1.1933972,3,GCN
72304,-2.8472557,1.873342,24,GCN
32999,-2.1833243,-1.6597553,16,GCN
91335,-3.0362663,0.6942196,16,GCN
57066,-3.9561422,-1.9732859,16,GCN
131669,-1.5310423,0.18808675,30,GCN
41108,-2.6306505,-1.5026722,24,GCN
53054,0.1621747,3.3301668,24,GCN
102958,0.8543663,3.0466576,24,GCN
108454,1.4421706,1.5992146,36,GCN
97836,-0.5094466,0.48470426,24,GCN
108234,-2.3750944,-1.111606,24,GCN
91237,2.741609,-0.8746147,34,GCN
117199,-0.3113618,3.9342742,16,GCN
98626,1.5729632,2.2115078,27,GCN
94684,5.6877947,-1.7127112,28,GCN
58392,4.0017176,7.859258,24,GCN
95600,0.08001089,-0.99575686,16,GCN
16479,-2.2739177,3.6679635,16,GCN
38201,-1.1798632,0.48068237,16,GCN
25037,-3.90503,-1.0098696,25,GCN
79322,-0.38372827,-1.4552448,4,GCN
79475,-3.5972314,-1.9037596,24,GCN
70087,2.7124047,1.1133628,30,GCN
50274,-2.805891,-2.6094816,30,GCN
6252,-2.387247,1.099091,30,GCN
153319,0.84588957,-0.8548634,11,GCN
53100,3.2749481,0.26333523,38,GCN
100377,-2.842873,-0.69269633,24,GCN
97903,-2.4868298,0.8825028,16,GCN
157474,-1.8595889,-0.34097314,24,GCN
36852,2.187615,-1.9756039,5,GCN
140048,-1.3739038,0.87291074,23,GCN
68373,1.020103,-3.0948367,28,GCN
26225,3.4053545,-0.012126446,37,GCN
68823,3.94204,-3.5981371,39,GCN
161379,-3.6651623,-2.0717385,16,GCN
105701,3.6175694,-0.1416223,23,GCN
67075,3.6934328,-3.1915658,9,GCN
101782,7.9566374,-2.5337934,34,GCN
130910,-3.730773,-1.3681762,24,GCN
71505,-1.5904119,-0.33809018,30,GCN
102621,-1.7281966,-2.7397575,22,GCN
51249,-2.7528315,-1.9477992,24,GCN
15777,2.619318,-3.3635223,34,GCN
46467,-0.75526214,0.73462963,24,GCN
168046,-3.6298475,0.5071459,24,GCN
22932,2.636198,-3.3996983,39,GCN
162150,-3.816102,-1.3438915,24,GCN
20588,-1.0577643,2.8414326,30,GCN
22252,-2.871605,0.26274848,24,GCN
79338,1.9830627,-0.53680444,38,GCN
152080,-3.7120588,-1.4625041,16,GCN
67531,-2.111775,1.956419,16,GCN
115095,-2.4934044,2.4748821,16,GCN
84631,2.8960862,1.8346419,24,GCN
77490,3.1745167,-1.7121854,36,GCN
25067,-3.317859,-0.14864802,16,GCN
26445,2.259853,-1.5779271,5,GCN
156139,0.4710331,4.5648785,16,GCN
74179,0.60160065,-2.935257,34,GCN
108333,2.4551277,3.919001,24,GCN
43600,2.7024045,-1.0612869,8,GCN
117017,4.931445,0.8771837,9,GCN
89921,-2.720521,-0.13725948,24,GCN
96504,-2.1528046,-0.30757427,10,GCN
70112,-2.4330149,1.010623,31,GCN
50416,-1.4877586,-0.93662405,10,GCN
90734,0.98526525,2.5164037,24,GCN
157361,-0.3111937,-3.1927133,28,GCN
41853,3.069744,-3.78879,28,GCN
24905,-3.0706968,-2.580962,30,GCN
75012,2.7498574,-1.8597845,8,GCN
95980,-1.8540225,-1.8308345,10,GCN
145492,4.9014406,4.663135,6,GCN
106520,-0.932147,2.7956686,16,GCN
43158,-1.9342215,2.1894994,16,GCN
130866,1.9311147,-1.3855563,3,GCN
90936,0.2607937,-0.922102,26,GCN
76763,0.7568059,2.7766008,25,GCN
99034,-1.2850468,0.3254857,24,GCN
162770,-2.7943425,1.6199789,16,GCN
63123,3.2054677,0.54035115,24,GCN
31141,2.0722141,-0.42501044,26,GCN
128861,3.6381307,0.7721119,31,GCN
15700,2.2603111,-0.79525375,4,GCN
62204,2.5615368,-2.841483,34,GCN
29086,4.5159082,-2.6625164,34,GCN
68833,4.187173,3.4162488,24,GCN
118790,1.1995845,-2.290683,24,GCN
76786,0.25007343,-2.3300478,10,GCN
147740,-0.3085072,1.3717313,24,GCN
36941,-2.6377587,-0.61821985,24,GCN
7230,-1.9105122,2.521298,16,GCN
1144,2.439003,-3.4105115,4,GCN
102998,1.7299843,-0.5879855,10,GCN
11629,-0.40523124,-0.6370275,24,GCN
8977,-2.844965,-0.120951176,1,GCN
85368,3.1993332,-4.458166,4,GCN
102484,-1.7736914,-1.5769395,30,GCN
125436,1.5577054,-3.1827774,22,GCN
163427,-1.581464,0.030409336,24,GCN
87236,3.4634295,4.99264,24,GCN
118824,-0.098759174,2.4949946,16,GCN
17096,1.7461381,-3.0272617,10,GCN
45831,-2.998857,-0.46181226,16,GCN
2585,-2.7956269,-1.6154543,16,GCN
32827,2.1505551,2.24581,4,GCN
8903,0.34007168,-4.223777,8,GCN
122836,-2.3248982,-0.08450818,30,GCN
136009,-2.5298538,-0.93517447,24,GCN
26323,4.45263,0.63626695,28,GCN
75413,2.0020123,2.7889462,27,GCN
142307,-0.10190678,5.0949063,16,GCN
14419,0.5491867,5.3235707,25,GCN
105266,0.57795143,-2.67482,8,GCN
91999,-0.5897286,5.369354,6,GCN
124312,3.6979017,1.0004902,38,GCN
90060,0.6162834,-1.3004315,31,GCN
84480,2.0617552,-1.8716865,23,GCN
116408,1.6926699,0.032075405,30,GCN
21125,4.8969755,-2.1395779,28,GCN
19560,4.0254326,6.7776837,25,GCN
34212,-3.4588342,-0.43900633,24,GCN
76669,-3.1524115,0.52129626,16,GCN
7069,-4.0209517,-1.4289341,16,GCN
168808,-4.1521416,-2.685635,16,GCN
140026,0.9140911,4.5678186,6,GCN
136997,4.684739,-0.34838867,28,GCN
116451,-0.4732523,4.4050446,16,GCN
141377,-1.8784685,-1.6334429,1,GCN
129094,-1.1025364,-1.5684022,26,GCN
20648,2.9872742,-0.5617125,23,GCN
154702,2.1198955,1.0749478,24,GCN
161317,0.40865517,2.6540637,24,GCN
133622,-2.3718224,-1.8811569,24,GCN
111932,-2.9076943,-1.6671848,24,GCN
9787,3.947507,0.6099534,19,GCN
41073,0.39559793,-0.47386622,23,GCN
142140,1.3583193,-0.45030832,23,GCN
48589,0.30062485,2.4553719,24,GCN
40466,2.6525593,-2.6117122,28,GCN
160812,4.261204,-5.6833124,8,GCN
134321,5.770343,3.367392,19,GCN
163469,-0.78351617,2.8992372,10,GCN
101320,1.8910098,-2.1962337,18,GCN
137021,-3.355318,-0.9622321,24,GCN
8838,-4.082023,-0.5159309,16,GCN
26382,2.4136167,-2.7248585,4,GCN
1197,-0.1676426,2.1478143,6,GCN
1199,0.80068207,9.354765,16,GCN
6262,5.9089994,1.710115,28,GCN
151960,5.556858,-4.05602,15,GCN
109646,3.103744,-1.8837507,37,GCN
48941,1.8745408,-0.6706188,17,GCN
152024,-0.72919035,0.9131136,24,GCN
2530,-3.9881759,-2.018903,16,GCN
33745,4.289836,-2.0277014,3,GCN
134917,-0.2986629,3.0962763,24,GCN
130339,-2.9974205,-0.28679132,16,GCN
142771,-2.6184108,0.74279785,16,GCN
24577,-4.3777394,-2.7682543,24,GCN
76293,-3.6953385,-1.0483952,16,GCN
40785,3.0762386,-2.455668,20,GCN
41755,-0.7668686,1.42697,24,GCN
5050,-0.8256066,4.5151906,13,GCN
144161,-2.8348565,0.5164325,16,GCN
149611,-1.0575216,5.4973264,24,GCN
113696,-3.828131,-1.0764277,24,GCN
15646,3.3219733,-3.1767445,36,GCN
104291,-4.352969,-1.8229135,16,GCN
108448,2.644917,-2.6495233,5,GCN
23469,1.489634,-1.712657,24,GCN
111090,-2.8389516,-1.8120672,30,GCN
3873,-2.0287848,-0.3738389,30,GCN
166566,-3.0590696,-0.20006394,24,GCN
169340,-1.267725,0.5365925,10,GCN
18347,-2.9835954,-0.69626117,27,GCN
7501,-4.1977797,-2.0619445,16,GCN
140018,-4.1614337,-1.1176742,16,GCN
130419,2.553969,3.2741728,10,GCN
47718,-3.4054012,0.43675232,24,GCN
114646,-2.751493,-0.77982783,25,GCN
146899,-2.2324214,0.6717932,24,GCN
7548,-1.0500143,-1.1708051,24,GCN
166475,0.18557835,-3.3660867,8,GCN
65755,-3.783508,-0.97072935,16,GCN
18552,-2.3633666,0.29672456,16,GCN
91231,1.3269758,-4.2679405,4,GCN
130820,-0.3132124,-0.9321227,24,GCN
166674,-2.1206298,1.5211363,24,GCN
153378,2.492765,-0.16688943,24,GCN
85996,0.5034838,0.47818637,3,GCN
51160,8.75946,0.6817355,28,GCN
2410,1.4761782,4.9158835,24,GCN
74222,-3.6149745,-2.3768952,24,GCN
53075,1.2413244,2.7010088,27,GCN
76817,2.6237302,-2.5307102,34,GCN
161386,-0.73844314,3.737443,13,GCN
49915,0.3121004,2.8938084,24,GCN
72389,4.0462484,1.9273939,24,GCN
138273,1.7129059,2.0051694,24,GCN
121226,0.46557856,-1.0229552,23,GCN
76363,2.0865517,2.4477096,24,GCN
16588,-2.2786322,-0.7106941,3,GCN
2420,2.8223357,-4.195892,5,GCN
91222,-3.167512,-2.2380025,24,GCN
114968,0.30979395,-0.6953714,19,GCN
5851,4.471676,1.6316662,19,GCN
98674,0.67132235,-1.7056148,23,GCN
80362,-0.24731064,0.89534855,30,GCN
20988,-2.4596326,0.66248965,16,GCN
21029,0.17521048,2.02707,24,GCN
106831,4.950676,-3.4607434,9,GCN
146863,4.947462,3.9646583,27,GCN
142365,-0.06089163,1.111445,8,GCN
45873,2.5688658,-1.4736483,10,GCN
20571,1.50528,-3.2366984,37,GCN
71202,1.0734935,2.6673598,24,GCN
158719,-1.3270478,-0.34262705,4,GCN
141465,4.2470446,-2.5107927,36,GCN
120268,-3.0381298,2.2966232,16,GCN
1170,-3.8509898,-2.0478826,16,GCN
164794,-1.5288353,4.8824434,16,GCN
109229,2.4282775,-1.7242665,5,GCN
63426,3.9219685,-2.6693318,5,GCN
23771,2.9895935,-2.825165,8,GCN
80573,-2.826309,-1.0922551,30,GCN
102706,-1.540436,0.17918038,24,GCN
130804,-3.491788,-1.1951823,16,GCN
60831,0.28836823,5.8756995,24,GCN
156086,-2.4702692,1.0438943,24,GCN
158628,3.692706,-1.7155833,36,GCN
168984,-1.2547204,2.7521462,30,GCN
30069,1.1364636,-1.7625278,26,GCN
169024,3.0002422,-1.0717762,36,GCN
21947,-3.4373615,-1.9513897,24,GCN
64567,0.74637604,-2.8537548,24,GCN
123751,-3.4491217,-2.115613,30,GCN
73740,-2.5965168,0.9572296,16,GCN
93373,3.3884363,-2.2128296,36,GCN
156096,2.5387135,3.9151373,24,GCN
14441,2.6977072,-1.272089,34,GCN
25063,-0.36020374,0.25704813,24,GCN
160819,3.6907535,-0.9317205,36,GCN
26994,-1.5671966,5.1276174,16,GCN
52975,-4.2547293,-0.95281124,16,GCN
53044,3.713695,4.523257,24,GCN
89478,5.769969,-5.344388,34,GCN
61004,-2.1400595,-0.9309437,30,GCN
133434,0.06679201,-0.8898773,31,GCN
45861,1.3532166,-0.580585,26,GCN
106543,3.035698,-3.350579,4,GCN
128034,-2.9657211,2.111287,16,GCN
136972,2.0454693,-0.42618704,0,GCN
150382,-0.06799507,-0.14887667,31,GCN
124078,1.4397316,6.371001,16,GCN
56465,2.5026302,-2.8316524,28,GCN
122746,0.8156843,-0.83338976,4,GCN
112368,-1.1281366,-1.0642185,23,GCN
35371,1.3680906,-1.7065532,24,GCN
129585,-3.3170066,-1.9439076,16,GCN
154260,-3.1535788,-1.0715559,16,GCN
70209,2.5414891,-2.4305863,22,GCN
122431,4.929929,-1.9882115,24,GCN
109796,-1.1179631,-0.3753047,24,GCN
81935,-2.5459733,-1.9760448,30,GCN
15246,-1.8311245,-0.6060908,24,GCN
121124,2.5302715,2.7093992,24,GCN
19834,1.8258195,-3.6155388,28,GCN
132108,1.7375541,0.8700609,24,GCN
20641,-0.21778584,-1.5036849,23,GCN
141445,4.0455017,7.2762847,3,GCN
155809,-0.57505655,0.7298145,16,GCN
23739,0.18031359,-0.41478348,30,GCN
100430,-0.8427627,-1.3005022,24,GCN
39736,-2.4870834,2.5521598,16,GCN
82776,3.0210724,2.248406,13,GCN
86820,-1.5132914,1.0737948,30,GCN
134337,0.42363167,-0.7118828,10,GCN
154200,-3.5905693,-0.45681143,16,GCN
128124,-0.3183992,-0.60987353,30,GCN
122355,4.5762177,0.35120082,23,GCN
87893,-1.094269,1.4836669,1,GCN
113705,2.088983,-0.79091024,24,GCN
78128,-0.4761517,3.4714785,16,GCN
80174,-1.8608341,-0.02995205,30,GCN
96362,2.2926278,-1.3644454,34,GCN
1314,-0.7249005,0.76931024,10,GCN
95083,0.3012972,0.36563015,24,GCN
22288,1.2813106,-1.476542,4,GCN
29031,-2.6187098,0.8050537,24,GCN
28726,1.9238081,3.006742,27,GCN
103114,-2.3975432,-0.011412621,24,GCN
87240,2.5048232,0.1584518,30,GCN
16566,1.4122791,4.927562,24,GCN
8602,-1.7287145,0.8139248,30,GCN
99072,4.563738,-3.3442185,4,GCN
121431,1.140202,-0.33971786,24,GCN
43163,1.6139708,0.7081773,24,GCN
15641,4.4964476,4.10168,24,GCN
158262,2.338417,2.6351352,27,GCN
155915,3.8763423,-5.018344,34,GCN
133473,-3.0000272,-1.2967759,16,GCN
166577,-0.8074281,1.1483922,24,GCN
131675,1.2125621,-1.697569,28,GCN
75053,1.3025789,-3.594961,28,GCN
99611,5.8039436,-4.332449,34,GCN
68387,-0.61520123,-4.2717733,28,GCN
134451,-2.3222563,2.082211,16,GCN
28943,-2.7255678,-1.9412332,24,GCN
160098,3.3375626,-1.2899691,36,GCN
160821,1.8493037,0.5284486,3,GCN
23661,-0.95758677,1.5237565,30,GCN
121519,1.9247274,-1.7722019,23,GCN
156641,1.9227486,-2.9743984,8,GCN
88083,-2.3959367,1.4452324,16,GCN
14362,-3.7260094,-0.19516802,16,GCN
97710,-0.26451206,2.2131476,27,GCN
122279,0.4880314,5.6983657,6,GCN
104316,-3.0581403,-0.10039973,25,GCN
16571,-2.6039197,0.14593792,24,GCN
106934,-1.5841749,1.7675214,16,GCN
103047,1.056118,-1.8880211,5,GCN
159554,1.5292339,3.1236458,16,GCN
22427,-1.185287,0.9654403,24,GCN
154186,2.129788,4.5400677,24,GCN
144169,1.9988589,0.25896335,28,GCN
84526,-2.950336,1.3873177,16,GCN
116431,-0.31215286,3.762044,27,GCN
100360,-3.0849483,1.358047,16,GCN
167464,-2.865778,0.9906616,16,GCN
6207,8.844113,-2.7008393,36,GCN
123696,-2.4808006,2.6459198,16,GCN
30178,0.63748837,-4.615214,5,GCN
48961,-0.926666,-1.9690515,6,GCN
12525,-2.5230007,0.5483403,30,GCN
106519,-1.4382098,4.3693385,16,GCN
128911,-0.98746896,-2.1850955,3,GCN
89690,1.8294015,-0.45930028,8,GCN
92631,-2.4971724,0.053393602,16,GCN
134873,-2.8328648,-0.559922,30,GCN
34285,-0.99617195,5.633575,16,GCN
109594,2.2578297,-3.030102,4,GCN
82025,3.6243482,-1.8416197,36,GCN
142447,3.3576064,-3.3410056,8,GCN
160881,0.99252844,-0.28216457,22,GCN
89972,3.8954854,-1.5699389,4,GCN
77663,1.2975082,-2.2476935,8,GCN
55601,-3.432249,0.50034714,16,GCN
129459,10.128667,-3.2498188,5,GCN
80708,-1.0453429,4.177816,16,GCN
143627,-0.1891365,2.9936895,16,GCN
153426,-3.383212,-2.2644908,16,GCN
112414,-2.4238873,-1.1364927,30,GCN
158737,2.5314622,-0.8477514,28,GCN
133386,-3.3118544,-1.5792955,30,GCN
50287,-3.4162695,-2.9938047,24,GCN
39744,-0.954932,1.857461,17,GCN
115058,1.3803539,-1.0125227,24,GCN
31164,1.6796122,-2.5863042,37,GCN
63634,0.023702621,1.6442266,27,GCN
72888,5.524494,-0.7931733,28,GCN
55522,-3.5666816,-1.418864,30,GCN
124099,2.1866398,-1.9840841,2,GCN
61825,-1.7873263,2.079051,1,GCN
84630,1.7738552,2.5776896,31,GCN
62131,0.17611504,-0.42016888,6,GCN
56974,-1.25127,-0.5087528,26,GCN
39606,1.6824322,-1.172935,6,GCN
101655,2.04384,1.9043984,30,GCN
70171,-2.170857,1.7353024,24,GCN
28482,4.5009594,1.7908888,3,GCN
80571,-1.0711644,3.9406924,24,GCN
72880,-1.103241,0.027746439,24,GCN
23784,-2.8169413,1.735405,16,GCN
10273,-4.3657,-1.5615562,16,GCN
45053,-1.9376056,0.9275718,30,GCN
42313,5.18169,-3.5478663,28,GCN
107138,2.204166,3.8700433,27,GCN
115094,2.786797,0.7020483,3,GCN
64869,1.8068271,-4.2053556,36,GCN
132109,5.1421385,-1.5405982,36,GCN
78020,-0.17816567,-1.2845203,24,GCN
140036,-2.427456,-0.61052513,31,GCN
144064,-0.12696862,4.3419304,24,GCN
162171,2.5054808,0.12947178,23,GCN
86708,3.5012813,2.7050815,26,GCN
54415,-1.2602861,1.7500229,27,GCN
90026,-2.936934,-1.5278652,24,GCN
167870,-1.789448,0.2102561,24,GCN
23263,2.8623505,6.9845634,27,GCN
124222,-1.0581536,1.9015708,30,GCN
130870,-2.4807591,-0.582639,16,GCN
103850,11.60405,15.003056,24,GCN
108129,-0.5274334,1.7796841,24,GCN
105600,-4.0371737,-0.83327055,16,GCN
130897,-2.8127933,-1.5714839,24,GCN
97666,-3.951059,-1.1770225,25,GCN
134806,-3.523202,-1.4045002,30,GCN
54302,3.7571402,-1.3513864,34,GCN
163973,13.865678,19.20001,24,GCN
40886,-2.5910387,0.52135324,16,GCN
151612,3.098064,3.534348,24,GCN
134743,-3.9149706,0.36579943,16,GCN
141489,-4.1173134,-1.8515816,16,GCN
169305,-0.9413364,-0.4033444,24,GCN
17085,-2.6457682,0.25719666,24,GCN
115969,3.8954616,-4.5081196,4,GCN
154819,-3.3289862,-2.5239246,30,GCN
68205,4.750087,-0.85660887,26,GCN
8867,-4.3389893,-2.57341,16,GCN
18389,2.4434462,-4.273162,4,GCN
140049,1.4399147,1.030437,31,GCN
15809,0.8397951,3.5191574,24,GCN
17211,1.6902094,-2.9285111,36,GCN
150291,0.025987625,-3.36377,28,GCN
88376,-0.55417037,0.63225436,30,GCN
155512,-1.7255397,0.70242095,17,GCN
63117,-1.5601029,1.7419696,16,GCN
1277,0.4429922,0.16156244,4,GCN
8467,0.025589466,2.8258338,24,GCN
47709,3.0462742,-1.7188814,29,GCN
70162,-0.42436504,0.1351738,37,GCN
158806,1.780971,-3.2912529,34,GCN
96384,-2.253891,-0.8755412,31,GCN
108246,-2.2658844,-0.050507784,30,GCN
42305,-3.376551,-1.5861307,16,GCN
38420,2.6748304,-1.1438034,34,GCN
40446,2.4971657,0.013372183,31,GCN
149464,3.3125196,0.89014316,19,GCN
169178,-0.7976711,0.8669412,30,GCN
83149,1.4205079,4.0219936,16,GCN
7524,-0.22233081,-1.7417227,23,GCN
90653,-0.54242706,1.1409378,24,GCN
142854,-0.9816594,0.68113613,16,GCN
133460,1.2028675,-1.9522213,28,GCN
146922,-0.019021988,0.21543217,28,GCN
124109,2.503614,-1.4959568,4,GCN
84642,-1.3320029,0.13843703,24,GCN
165169,-3.1428895,1.1714449,16,GCN
53913,-2.139504,-0.510375,24,GCN
138892,2.3754053,-3.122307,34,GCN
66240,5.9059668,3.3204823,28,GCN
134895,0.70578,-3.8070822,28,GCN
114616,0.17633724,-2.864929,37,GCN
86858,0.4709363,-1.7138184,24,GCN
99216,-3.0387025,-1.2684648,16,GCN
72397,1.2186928,1.5071063,24,GCN
8939,-3.2758458,1.2923288,16,GCN
139774,0.560555,-0.45155978,9,GCN
29854,-3.209164,0.36071682,30,GCN
32984,-2.9675727,-0.009314537,16,GCN
9041,0.42225313,4.892752,27,GCN
119452,-1.1558828,1.001554,27,GCN
3741,-2.4453702,-0.110253096,30,GCN
91154,-0.7264037,0.92023134,16,GCN
19776,0.97410345,-2.5033736,28,GCN
76798,-0.68739486,4.0095916,16,GCN
26300,-1.1811624,1.406487,16,GCN
97351,-2.3105743,0.15871406,24,GCN
48531,2.6346378,-1.225168,34,GCN
26409,6.801195,12.713879,24,GCN
28518,-3.1242943,0.266042,16,GCN
100496,1.5444288,-1.1857926,23,GCN
154682,-0.6801779,2.3619547,27,GCN
153478,0.54066753,1.920557,24,GCN
24901,-3.2910872,-1.403585,30,GCN
154802,3.1924071,-1.894068,22,GCN
52914,-1.2529087,0.24213195,15,GCN
54226,2.271604,6.2825055,27,GCN
138742,-1.8642914,-0.024810553,31,GCN
32866,2.6222968,-4.8740406,5,GCN
25020,-3.5355744,-1.7224103,30,GCN
60550,3.3015265,-0.21205282,26,GCN
100099,2.4910483,1.6032138,24,GCN
80315,0.1799221,2.6004572,27,GCN
11477,-3.3575025,-1.577765,30,GCN
148213,3.400405,5.258473,27,GCN
18320,-0.42358446,-0.044349194,11,GCN
161081,0.24579573,-1.8758725,38,GCN
137371,1.2001395,2.438974,24,GCN
141421,-1.091372,-0.12902975,24,GCN
125563,1.8325744,-2.236341,24,GCN
166659,-4.0744042,-1.7141025,16,GCN
40457,1.4708285,-2.7720578,28,GCN
45835,1.2506814,3.6127687,16,GCN
42243,-1.2313983,-0.048140764,34,GCN
89635,-1.4703298,1.6954536,16,GCN
76727,0.91078043,3.193215,16,GCN
46397,1.6143432,-3.819584,39,GCN
169337,-1.3069975,-1.3627031,24,GCN
161396,-2.1246495,-0.04549694,24,GCN
109661,2.508254,-2.3913112,34,GCN
19692,-2.3776133,2.4515462,16,GCN
71605,-0.29939985,-0.020789862,24,GCN
155666,-3.8842335,-2.9939084,13,GCN
63410,2.9777455,-0.22130036,3,GCN
20628,-1.8644297,-1.2027576,24,GCN
69739,1.3704438,-1.995653,3,GCN
49095,-1.4096608,2.8036437,16,GCN
101683,1.7531624,-2.61665,28,GCN
126866,-3.710533,-1.5742288,16,GCN
146307,-1.9883084,0.6826546,25,GCN
156883,-2.2374268,1.2855077,16,GCN
101828,1.7989297,-3.6568103,36,GCN
129049,-2.843505,0.30324006,16,GCN
89583,-0.030482054,-2.206151,26,GCN
56797,-3.6039834,-0.3029487,16,GCN
39643,-4.0699663,-0.6240127,16,GCN
78089,0.6611366,-1.7451428,28,GCN
134417,0.5446191,1.8208776,24,GCN
42382,1.915741,3.015338,27,GCN
139669,1.2554145,-0.2040143,31,GCN
49005,4.184761,1.9682012,20,GCN
18519,0.5644784,-3.6533127,22,GCN
111917,2.6355405,-2.3074684,26,GCN
3350,0.37112713,2.7815642,27,GCN
142720,-2.969098,0.5015371,16,GCN
132250,-3.0782623,-0.042238712,24,GCN
106972,1.8746634,-3.3177695,8,GCN
79070,0.7454457,-2.7752101,34,GCN
72870,5.6335583,-2.8653865,34,GCN
135665,1.146225,4.8170977,24,GCN
124285,-3.2253714,0.36656594,6,GCN
156893,3.338368,-1.6561394,23,GCN
31121,-2.1878366,1.1366234,30,GCN
100411,-2.629189,-1.6564255,24,GCN
28553,-2.7990222,0.9646721,16,GCN
162472,-2.309775,1.2782545,24,GCN
1251,-1.8053584,1.9889593,16,GCN
71018,-1.7586851,0.22321105,30,GCN
126402,-1.6622698,2.4205298,27,GCN
23834,-0.83359146,4.0234666,27,GCN
122321,-0.0011043549,-1.2209669,26,GCN
18362,-1.0645211,4.063075,16,GCN
141466,-4.578457,-1.3601376,16,GCN
106967,7.8560886,0.66177654,4,GCN
25128,2.7811728,0.1863854,5,GCN
93798,-3.0553389,-1.4921508,30,GCN
100461,-3.1867766,-0.7468512,16,GCN
4613,1.3932514,0.7325654,33,GCN
84430,7.872801,-4.123098,29,GCN
155583,0.9617586,4.604206,16,GCN
161333,-2.546223,-2.4293127,30,GCN
48934,-2.8752651,-1.2741989,24,GCN
88097,-0.542964,1.0785241,30,GCN
160838,-2.3368213,3.2627974,25,GCN
53106,-1.2665539,2.2384477,24,GCN
111905,0.7722378,-4.5219955,28,GCN
85828,-2.9338386,-0.36001015,31,GCN
82737,-3.072839,0.1402843,16,GCN
22462,-1.0908651,0.09122491,22,GCN
51224,1.0719409,-3.6497288,28,GCN
163553,-0.58437276,-1.4078399,31,GCN
67220,-3.4591565,-0.3922434,16,GCN
14136,-1.650497,1.3895445,30,GCN
155972,3.9309244,1.155704,10,GCN
96013,3.629447,2.872994,24,GCN
21123,3.4849653,1.5326066,28,GCN
73681,-2.2867932,4.02597,27,GCN
22408,2.0988588,5.057876,24,GCN
138883,1.2552986,5.530132,3,GCN
125013,-0.81991076,-2.0937443,24,GCN
14378,1.3483429,1.7023468,24,GCN
121056,2.4007316,-2.0226617,2,GCN
4627,-1.6367543,2.592023,13,GCN
135692,-0.26159835,1.6421494,27,GCN
145521,0.23167229,3.2994027,30,GCN
34205,-1.0765972,-1.6710924,29,GCN
70263,-2.3237686,0.33023834,16,GCN
97875,-0.5751021,-0.05704522,24,GCN
129431,5.395294,-4.066619,5,GCN
117220,4.34608,-0.86978006,37,GCN
155985,-1.974397,1.3517132,30,GCN
85471,3.0602612,-3.407961,26,GCN
50336,0.1412983,0.0889287,10,GCN
21030,1.6841211,2.3327346,24,GCN
162741,4.322069,2.132699,24,GCN
114532,-3.4085784,-0.40074754,16,GCN
3357,1.213623,2.863514,27,GCN
22447,1.2171245,3.3745832,6,GCN
47607,-2.8917327,-0.9417012,24,GCN
39231,0.9516287,-1.6670052,8,GCN
29899,-2.9368353,1.5387044,16,GCN
2505,1.3443103,5.1631675,16,GCN
157287,-4.0560484,-1.6600382,16,GCN
24923,-0.49729824,2.0956612,24,GCN
73686,0.33157396,-1.6494477,5,GCN
84534,-3.3275511,0.16496158,16,GCN
84466,-0.572994,-1.1647917,24,GCN
163515,3.706522,-2.4874635,28,GCN
54351,-3.0616112,0.8410497,16,GCN
131616,-1.4410565,3.1719117,16,GCN
167898,-3.774607,-1.4810009,16,GCN
52953,4.1236353,1.3377018,24,GCN
47672,0.93555593,-0.85360646,23,GCN
33747,-3.2132065,1.0518498,24,GCN
7595,-2.605454,1.0041285,16,GCN
147727,-2.4246812,-1.7150983,24,GCN
121559,2.4552379,3.883379,10,GCN
101280,-3.7754576,-2.531239,31,GCN
62205,1.4475555,0.7993865,24,GCN
30352,-1.470051,0.38524127,24,GCN
126354,2.7441607,-4.0035214,8,GCN
26307,-3.7871966,-1.6478778,16,GCN
150386,-1.6210217,-0.26719165,16,GCN
140098,2.7544093,3.6925201,30,GCN
11540,-0.4192903,-1.6613047,23,GCN
21079,0.94375515,0.30495715,30,GCN
5782,-2.361627,3.4594684,16,GCN
40996,0.08203077,2.5684972,26,GCN
159600,-3.6698778,0.081486225,16,GCN
157433,3.5369954,-4.062457,28,GCN
1193,-3.2615652,0.7531054,16,GCN
44913,-0.68187714,3.6258512,27,GCN
64450,1.3618321,2.0907164,27,GCN
126366,0.80899763,-4.1206574,28,GCN
124272,2.1241527,1.1560402,24,GCN
16568,2.2435555,1.0024118,28,GCN
149497,3.1501412,-3.6117802,15,GCN
63448,-2.2922044,-0.98112106,31,GCN
68989,1.7711697,-3.2388034,39,GCN
111896,-0.34600902,1.1014009,10,GCN
56933,-2.644493,-2.345478,24,GCN
130669,0.694541,-3.949576,28,GCN
3791,0.3925104,2.040938,24,GCN
53871,-3.5459971,-1.9441831,16,GCN
79390,2.6543283,0.7163377,37,GCN
87878,0.6158056,5.016541,16,GCN
19822,2.4204369,2.0823889,10,GCN
150716,-3.2611525,1.1682339,16,GCN
38239,1.3554173,-4.3617597,9,GCN
150355,2.0387964,-3.3123925,4,GCN
142755,1.6617022,5.1930785,16,GCN
126726,1.7704439,0.054435253,11,GCN
15712,-3.6808944,-0.24837899,16,GCN
150485,4.367506,2.9628167,24,GCN
26226,2.1239548,-2.7048607,8,GCN
166708,1.4192176,-1.7820271,4,GCN
163434,2.3727956,-0.8122885,26,GCN
73785,-2.7960942,-0.79777384,30,GCN
51143,0.3143034,1.4782586,24,GCN
7604,2.5540066,-2.9965875,8,GCN
90022,1.5816507,2.0287657,24,GCN
28503,4.0697117,4.9276834,24,GCN
31104,-2.9534588,-0.6851504,27,GCN
157427,1.7611022,1.1110744,18,GCN
166669,-1.0252929,3.5368218,16,GCN
43679,-4.1092677,-1.0811803,16,GCN
152892,3.6026325,-3.9181798,5,GCN
87161,2.4211664,6.796844,27,GCN
105209,2.2633119,2.5729632,37,GCN
49835,-3.527869,-1.3541181,16,GCN
107085,1.9337635,6.462116,24,GCN
160787,-1.5841897,0.7623837,24,GCN
34368,0.2162509,0.23252106,13,GCN
54153,0.53634024,-1.8789582,37,GCN
162309,-2.3554735,1.3318281,24,GCN
136220,-2.67681,-1.0773351,16,GCN
78014,0.30629587,2.4189172,24,GCN
140078,0.013145447,1.1525187,27,GCN
52956,-3.7679083,-1.2968184,24,GCN
63076,3.3121772,-3.2944863,4,GCN
92506,-3.2830157,0.7330055,30,GCN
93854,-3.3703055,0.33044696,24,GCN
24560,1.6225996,-4.291834,5,GCN
169223,-1.5466459,-2.6629052,24,GCN
40492,0.34521866,-2.3196347,37,GCN
39397,-3.7057023,-1.1133397,24,GCN
164023,-2.3691595,-1.1325289,30,GCN
154632,-1.6880128,4.0746775,16,GCN
104020,-3.4267974,0.34531736,16,GCN
18466,-3.1167138,-1.2090634,24,GCN
54390,0.32806063,3.7390227,30,GCN
130349,-3.9124262,-1.510413,16,GCN
158266,-1.3083818,0.38030767,24,GCN
122887,5.4021463,-2.9102678,22,GCN
123728,-3.3252096,-1.0219748,16,GCN
111796,0.03350115,4.060126,16,GCN
41789,-0.34961128,3.8203602,24,GCN
47733,1.8591433,0.22968793,24,GCN
20649,-3.8330228,-2.4980464,16,GCN
113636,-3.2854753,-0.3612151,24,GCN
112401,0.04434204,-2.1027398,26,GCN
18510,0.99341536,-0.14610076,24,GCN
53878,2.6895556,-3.2133906,28,GCN
93826,-2.7333846,-1.9895731,24,GCN
51581,-1.3214586,1.1009836,30,GCN
24448,5.791031,-4.578723,5,GCN
92054,5.0438967,-0.78772736,4,GCN
151556,4.071414,2.889905,10,GCN
2063,-2.6112454,0.27988362,16,GCN
139666,-0.79127145,-2.8352904,24,GCN
61814,2.744133,2.8150911,24,GCN
3768,0.5949869,-3.1328244,28,GCN
48592,1.4732771,-2.303614,34,GCN
74280,2.2931418,-4.248699,28,GCN
143714,6.48423,-1.3040936,4,GCN
88361,-2.0821462,1.0745287,30,GCN
92438,4.03463,-4.579913,29,GCN
56515,-3.434657,0.25824904,16,GCN
160898,0.51312494,-2.049912,28,GCN
45808,-3.8231177,-0.32498193,16,GCN
136225,-0.44569278,0.5071261,10,GCN
80512,-4.012803,-1.7782921,16,GCN
92033,-2.125895,2.1908083,30,GCN
96572,1.835988,1.2474155,24,GCN
27635,0.30561304,-2.4203558,33,GCN
158251,1.4002299,-3.6522746,2,GCN
75038,-3.0750346,-0.9129734,16,GCN
83171,-1.9180887,0.20421124,16,GCN
113602,-3.6495037,-0.44485545,16,GCN
82666,3.07486,-3.3073525,33,GCN
47232,-2.962306,1.2006674,16,GCN
14309,2.7412815,2.128849,27,GCN
11412,-2.250404,1.5469465,30,GCN
132307,3.0812974,-1.1313406,28,GCN
79313,-2.948392,-0.17178583,16,GCN
81870,-2.1442652,2.8288884,24,GCN
71052,4.523408,0.8970804,27,GCN
161423,-2.2531302,1.0338492,16,GCN
26237,-4.3796186,-1.6440929,16,GCN
3830,-1.9706213,1.3471904,16,GCN
50294,-0.22609305,1.6332865,24,GCN
100023,2.708911,-1.3504246,8,GCN
103869,-3.9126024,-1.1412749,16,GCN
59139,0.33218956,4.766756,16,GCN
75610,-3.5853915,-1.5456524,16,GCN
98630,2.142819,0.82657814,30,GCN
166668,1.362102,8.120096,16,GCN
156018,2.1778116,2.1480064,27,GCN
51231,-0.8077817,2.2550035,27,GCN
29075,2.100339,-3.0600154,37,GCN
134434,-1.9405329,2.6700368,16,GCN
99217,-0.63445854,-1.0661285,10,GCN
30175,-2.838334,-1.1131824,30,GCN
17988,1.9402533,-3.7249103,9,GCN
114922,4.256735,-3.138736,5,GCN
24975,-2.1674914,-0.67965984,30,GCN
111924,1.4616909,1.5091405,24,GCN
56384,0.9243932,-0.055339575,24,GCN
32453,-1.5659671,-0.028173685,13,GCN
84014,-2.0357146,2.0251899,31,GCN
31059,-0.9572954,4.5374446,25,GCN
7186,1.5495472,1.9346261,24,GCN
133423,0.42001343,-3.978356,4,GCN
70277,1.0674334,3.5467744,10,GCN
128170,-1.4988236,1.4738941,27,GCN
14397,2.2758565,-3.0791137,28,GCN
106586,2.9677844,0.1410172,19,GCN
109728,-2.0214674,1.0650997,24,GCN
16594,-0.8741052,1.3734751,27,GCN
99052,3.0812855,3.3486972,31,GCN
24521,1.532928,-1.2493689,28,GCN
106509,6.272579,-2.2943902,8,GCN
52922,-2.4031696,-2.129548,24,GCN
73682,-0.33487058,0.13995695,10,GCN
112317,-2.445599,-1.6950494,16,GCN
122296,0.19107151,-1.4744484,26,GCN
83296,2.5548105,-4.358629,34,GCN
128231,-1.2004347,1.5955591,10,GCN
3666,-0.98599577,4.9286675,16,GCN
145048,-0.7135594,-2.4893687,24,GCN
78883,-3.8469117,-1.0944173,16,GCN
30259,-4.2880254,-0.75759554,16,GCN
92569,-3.522651,-0.48345327,16,GCN
97897,1.3917084,-3.925878,4,GCN
136983,2.791688,1.0506396,24,GCN
52494,4.3198795,4.3167067,24,GCN
122629,-2.7671003,-1.6707584,30,GCN
169334,-0.8019581,4.224125,16,GCN
119021,2.750259,-1.3880552,34,GCN
77630,0.24950504,-3.621911,8,GCN
22260,0.5041747,4.3508368,13,GCN
152863,-2.2409742,-0.57982373,16,GCN
76256,2.967164,-0.6897409,8,GCN
16804,2.5599546,-3.108149,4,GCN
13846,-3.3957489,-1.1033301,16,GCN
46388,0.6217947,-1.2981577,10,GCN
125073,1.0141187,0.50894594,4,GCN
76449,-2.5640998,-1.6698277,24,GCN
133560,-3.0973623,-0.20384192,27,GCN
121542,-3.0863266,0.33985996,16,GCN
44890,-1.8496969,-1.288424,31,GCN
132165,2.5221024,2.7581387,6,GCN
45020,1.7212014,4.556986,24,GCN
163839,-3.1691709,-0.8605914,24,GCN
129504,-2.7547646,1.0239949,24,GCN
45767,4.40524,4.1807766,24,GCN
77941,0.3315649,-1.7906584,38,GCN
118817,-0.2882111,-1.784595,24,GCN
84094,-0.75136495,1.5308595,24,GCN
153454,1.2361655,-2.4005036,23,GCN
62231,-0.39010024,5.3030725,24,GCN
162588,-3.6475425,-2.3595383,30,GCN
57803,2.7550492,4.274131,10,GCN
20621,2.252448,-3.0005958,34,GCN
58264,-1.324331,-0.7278259,30,GCN
15291,-1.8221309,0.4016838,30,GCN
162223,7.9178553,0.36389518,31,GCN
61763,3.3246593,-4.49857,8,GCN
102992,5.24866,-4.428857,5,GCN
106955,-3.6834226,-2.0594354,30,GCN
115967,-1.0968087,1.3452029,30,GCN
51584,4.453661,-1.8739897,34,GCN
40933,2.1718755,1.6007948,26,GCN
64835,-2.962819,1.4066596,16,GCN
28870,-0.27934098,0.18973422,24,GCN
75603,0.5053935,-2.8419206,4,GCN
84163,6.857025,12.058094,24,GCN
118423,2.9611068,-1.977912,2,GCN
84481,-3.4790826,-1.734718,13,GCN
26292,0.040567398,4.052976,16,GCN
158648,3.0621624,-0.43893003,5,GCN
84664,1.2060628,-3.9349055,28,GCN
152145,3.2612457,-3.4308708,5,GCN
27665,1.0566936,1.3741713,24,GCN
121577,-2.0378718,-3.6281133,24,GCN
78843,-3.6448784,0.5727842,16,GCN
118453,-0.71532965,-3.136165,28,GCN
122764,-1.001627,-0.11152053,24,GCN
130843,-3.0011635,-0.9051137,24,GCN
15686,-0.4536748,2.8537488,11,GCN
18405,4.0483885,-0.8580611,5,GCN
3828,-2.6403475,-1.1967582,31,GCN
56938,-0.6975112,-1.8760797,5,GCN
28913,2.2844138,0.09160948,20,GCN
55017,-4.217515,-0.6292355,16,GCN
138002,1.7654996,-1.8444155,26,GCN
71091,4.2829323,-4.0679483,5,GCN
68889,-0.9044566,0.05554962,24,GCN
69713,2.2449841,3.1913085,24,GCN
112419,-1.0491788,1.8999581,16,GCN
168045,2.7410383,-1.1876141,36,GCN
133105,4.041482,-3.437275,8,GCN
85811,3.8999949,-4.395452,8,GCN
94726,-0.31573415,3.5192785,16,GCN
21944,-0.03542781,2.2327423,24,GCN
112303,-1.5704744,-0.1853168,30,GCN
74118,1.4049954,-2.918188,20,GCN
50272,1.4512701,-2.3549058,34,GCN
155509,0.71963215,-1.5231241,4,GCN
48196,1.1168566,-0.5052099,3,GCN
145071,0.358809,2.9470272,13,GCN
10160,1.7805028,-0.75081325,10,GCN
139559,-3.8393848,-0.89314127,16,GCN
39786,-0.32298064,8.171133,24,GCN
6184,-2.4659169,2.0802546,16,GCN
144960,2.2458,3.450461,30,GCN
167894,0.78735256,4.0051847,24,GCN
69645,0.76917934,1.9606991,24,GCN
47542,1.4248385,-0.14769602,24,GCN
36887,-2.4378815,0.5438478,13,GCN
166299,0.43494034,1.927041,31,GCN
74243,-2.9992957,0.018219471,6,GCN
59266,5.0599136,1.3713155,10,GCN
5158,-0.29456162,1.4294071,3,GCN
102548,-2.1580296,-1.0042121,28,GCN
51721,-3.402383,-1.5329458,16,GCN
134831,1.5356402,1.43785,11,GCN
95128,-4.209109,-1.5818757,16,GCN
15715,-1.5654612,2.8250828,16,GCN
93904,0.49900103,-0.035166502,30,GCN
96218,-2.0317132,-2.190669,24,GCN
107904,-0.19778228,5.3120513,16,GCN
97728,-1.5059135,-0.96115613,24,GCN
129603,-1.4070816,1.530685,24,GCN
13852,-2.6798978,1.1636786,16,GCN
96188,-2.7891753,0.7897079,16,GCN
145065,0.48321867,0.4453628,13,GCN
80219,1.4416442,3.224011,17,GCN
111009,0.83223724,-2.498062,31,GCN
113578,-3.543904,-1.1685824,16,GCN
75035,-3.9980457,-0.96480966,16,GCN
19777,2.019701,-0.95557094,31,GCN
42222,0.37079287,4.8758388,25,GCN
169240,3.801671,-3.3310003,5,GCN
6341,0.13485575,-0.67743254,4,GCN
96525,-3.0538943,0.9598017,16,GCN
85862,-2.937228,-0.8663275,30,GCN
78062,0.35416842,-0.5923245,28,GCN
94683,0.83918524,3.349544,24,GCN
132340,-2.8900113,1.9281483,16,GCN
47585,-0.1425972,2.6318545,10,GCN
120127,-1.8632581,3.2823272,16,GCN
80400,-3.8475807,-2.4012835,16,GCN
113161,1.1278839,1.0943098,24,GCN
132326,0.8267255,2.5425782,27,GCN
133544,0.22842503,2.3036718,1,GCN
134951,1.2220936,-3.431294,28,GCN
1295,2.0538387,2.062714,24,GCN
136781,2.8859167,0.5023711,26,GCN
34277,-2.4642766,0.48007202,30,GCN
141374,4.3314867,3.3222141,24,GCN
24509,-0.14306831,-1.453199,22,GCN
108269,-2.2035346,-1.6927263,30,GCN
115972,2.8100686,0.9068203,26,GCN
40997,-0.48508263,5.5198426,16,GCN
49137,-2.5823045,2.8662329,16,GCN
152098,-2.5271049,-0.76406145,24,GCN
66122,-3.7854369,-0.90700126,16,GCN
142791,-3.2090163,0.15382266,16,GCN
136808,-1.6275661,-1.7990474,30,GCN
74191,3.7734404,1.1069527,24,GCN
141360,4.4611444,-2.6321244,34,GCN
130724,3.8511624,-5.0872464,34,GCN
53770,0.6121597,-4.569953,8,GCN
17041,6.821722,-4.672959,5,GCN
118932,0.9420414,1.0500064,24,GCN
107000,0.2237544,0.65079427,24,GCN
141385,2.388122,-3.0944095,37,GCN
27652,-3.1838903,1.1991181,25,GCN
74290,0.80718184,1.9378009,24,GCN
159523,1.0189524,-3.9083903,28,GCN
113675,4.5745344,-4.0802827,28,GCN
96100,3.8712406,-2.2281687,4,GCN
39172,1.7313638,-1.8252183,11,GCN
56520,4.0533075,-0.72593284,34,GCN
80729,0.10803461,-0.6873224,24,GCN
116438,2.9923873,-3.064283,34,GCN
22400,0.53914595,5.5552382,16,GCN
78945,-0.28886676,0.75733685,24,GCN
32687,0.35227346,-1.8606138,11,GCN
134921,-3.5585961,-1.2049279,16,GCN
80169,1.4855456,-2.4866858,8,GCN
13031,0.83695364,-1.0751815,24,GCN
63156,0.83497524,5.6392455,16,GCN
153428,-3.90486,-2.4752724,24,GCN
55670,3.3513665,-1.5498848,28,GCN
70107,2.3228273,-3.1461227,4,GCN
163904,-2.058039,0.0026044846,24,GCN
62303,0.550982,-2.8941789,28,GCN
126773,-2.2553458,2.842875,16,GCN
156084,1.3588085,-0.34323096,7,GCN
116275,-3.0524902,0.5398729,17,GCN
126450,2.6924691,-3.3071449,4,GCN
26407,4.2824726,3.5307798,6,GCN
93348,-2.8036637,0.91572905,16,GCN
7563,-2.8111339,-1.8800882,10,GCN
84567,0.037040234,-1.4159633,3,GCN
79400,-2.366938,-0.5250354,16,GCN
62170,2.0000577,0.8736093,24,GCN
33597,-1.4862978,4.504535,16,GCN
129410,-0.3036356,1.0294862,30,GCN
132274,-0.3774674,5.10294,16,GCN
115081,-2.6478,-0.5499108,24,GCN
151640,-2.990977,-2.1364136,24,GCN
76280,-3.1659946,0.20293474,24,GCN
164737,0.9974766,-2.1334476,34,GCN
11578,-1.1719685,0.75744796,24,GCN
60638,-3.6999254,-1.4556941,16,GCN
118978,5.6107903,-3.037599,28,GCN
129048,2.1570249,-2.5074434,28,GCN
28659,2.9367857,-3.1781416,15,GCN
107123,2.9205022,6.0170484,24,GCN
47588,3.2702131,-2.0375338,8,GCN
140220,5.272135,-1.8695899,28,GCN
145565,2.025137,-2.056788,28,GCN
11113,1.8598676,-2.816598,36,GCN
150742,1.6052189,-3.7642107,10,GCN
94676,0.84411097,-1.6420949,22,GCN
15802,1.8586192,-1.1804469,23,GCN
39199,1.7323933,-0.98030734,2,GCN
76776,-3.0322585,-0.3715682,24,GCN
75540,2.0786304,-0.30445266,28,GCN
92608,1.955461,4.5158477,6,GCN
139987,-1.1829171,-1.5485027,24,GCN
68731,-3.2965982,-1.4003361,30,GCN
109578,-0.9624219,0.4159932,16,GCN
133094,-2.4889536,-0.11493254,16,GCN
157274,0.23854494,-1.2321525,36,GCN
31548,-2.5997558,1.5718884,16,GCN
63441,-3.6143277,-1.0384755,16,GCN
85379,0.512691,0.61448455,31,GCN
76777,1.6121445,2.831904,27,GCN
142758,5.278656,5.347383,10,GCN
22318,0.31407738,-2.2766724,34,GCN
87241,0.39948702,-1.416614,4,GCN
133573,-2.182548,-1.3515716,30,GCN
122364,3.1647105,4.415922,16,GCN
129501,-1.5794129,2.5874863,24,GCN
125431,-2.2568529,-2.209472,16,GCN
165279,-3.8523772,0.54718685,16,GCN
89875,-0.5154264,1.6667461,10,GCN
16590,-3.9609315,-1.200785,16,GCN
34373,-3.674861,-0.77739143,16,GCN
118844,-3.412074,-0.08551407,16,GCN
15222,-3.7826993,0.122584105,24,GCN
145607,0.44627714,2.4827566,27,GCN
74120,-1.2261896,0.22916412,10,GCN
75051,2.7897596,-2.3985581,28,GCN
111095,3.4437246,-1.6633725,34,GCN
132092,3.39964,2.547164,10,GCN
15662,-1.0707965,0.20188475,30,GCN
81488,1.0101385,1.708054,17,GraphSAGE
114492,-3.7430508,-2.726676,28,GraphSAGE
132203,2.6081872,0.42685997,25,GraphSAGE
3867,3.735331,-0.45427728,16,GraphSAGE
52939,3.559678,0.07785463,16,GraphSAGE
160111,1.8997076,3.4279127,24,GraphSAGE
44984,-0.46784106,3.1783934,30,GraphSAGE
160023,-1.6345129,1.6680244,3,GraphSAGE
117684,0.1863187,0.052176118,24,GraphSAGE
117718,1.806766,1.4780401,6,GraphSAGE
74283,-1.2031538,-1.7152493,5,GraphSAGE
64911,-1.5188901,3.4797392,10,GraphSAGE
11454,3.3081524,-0.24545288,25,GraphSAGE
48985,-3.3279452,-3.6160855,28,GraphSAGE
53787,-4.072729,-2.5798173,4,GraphSAGE
134296,-3.2191226,-1.9838784,8,GraphSAGE
105362,-2.8429499,-0.22963697,2,GraphSAGE
104755,0.5439992,4.0743794,24,GraphSAGE
14253,-3.3102067,-2.608307,26,GraphSAGE
70290,-2.5985487,-2.509826,28,GraphSAGE
23798,0.3104687,0.433177,24,GraphSAGE
84601,-3.002355,1.3998438,5,GraphSAGE
154196,1.0583849,1.106249,16,GraphSAGE
100460,-2.9085698,2.4924026,11,GraphSAGE
108307,2.0358553,0.9322257,24,GraphSAGE
15290,-1.7968462,1.3830622,10,GraphSAGE
40873,-2.3090715,-3.2326255,8,GraphSAGE
19763,-3.2335696,-1.499911,5,GraphSAGE
144966,-2.9075336,-2.881989,4,GraphSAGE
75032,5.2756495,-1.9379463,16,GraphSAGE
96562,-1.2629952,2.7867498,24,GraphSAGE
92437,-2.6213017,-2.951402,34,GraphSAGE
38250,-2.3536663,-0.0053026676,8,GraphSAGE
122835,0.17502558,2.9599633,30,GraphSAGE
133339,5.2684927,-3.2714992,16,GraphSAGE
159613,-3.2365608,-3.178749,28,GraphSAGE
59521,5.748474,-2.9473295,16,GraphSAGE
102760,3.6063685,-1.9402565,16,GraphSAGE
134447,-0.026754543,-0.3591572,24,GraphSAGE
148082,-3.024599,-4.901364,4,GraphSAGE
34186,-2.4371195,3.1021686,24,GraphSAGE
15697,-0.5774975,3.5183845,30,GraphSAGE
114936,4.596594,-2.9797652,16,GraphSAGE
81749,-1.962167,1.4281279,24,GraphSAGE
146965,2.534691,-1.7345474,16,GraphSAGE
92596,-3.0691738,1.9998447,10,GraphSAGE
72787,1.7641709,1.6349987,1,GraphSAGE
113688,-0.95371073,2.2231898,24,GraphSAGE
34387,-2.1483598,-2.805323,4,GraphSAGE
59212,0.008191124,0.58256507,24,GraphSAGE
27661,-1.3100841,0.9054744,3,GraphSAGE
151587,2.6917737,-0.11106306,20,GraphSAGE
58135,-0.49748707,3.0466347,24,GraphSAGE
3767,-0.38582438,4.5822973,30,GraphSAGE
114857,3.5879145,-2.1500936,16,GraphSAGE
158664,-3.4886425,-3.444942,28,GraphSAGE
151568,-1.0727153,-3.101965,8,GraphSAGE
165229,6.0244946,-2.49702,16,GraphSAGE
167899,1.2704813,1.2399813,24,GraphSAGE
85400,-2.2227156,-0.08085489,34,GraphSAGE
80151,-2.7419713,-2.2793055,2,GraphSAGE
113199,-2.348946,-0.56075186,37,GraphSAGE
74181,-4.6459384,-4.063057,29,GraphSAGE
81961,-3.7481203,-2.748985,28,GraphSAGE
133049,-2.8703234,-0.34131527,28,GraphSAGE
29019,4.5128045,-1.7347353,16,GraphSAGE
114470,0.5897846,1.3292507,24,GraphSAGE
109700,-1.5881419,0.5084114,10,GraphSAGE
11632,0.41256273,3.1596298,27,GraphSAGE
161432,-2.4142067,0.8353468,3,GraphSAGE
115911,-1.0721595,0.706892,2,GraphSAGE
103872,-2.4014914,0.6925572,26,GraphSAGE
24606,-1.012535,4.1965814,30,GraphSAGE
78895,4.6361413,-4.152225,16,GraphSAGE
89769,-4.75366,-2.721006,19,GraphSAGE
99969,-1.2029543,2.7463636,30,GraphSAGE
65712,-0.7151658,0.22500122,24,GraphSAGE
161342,0.49878395,1.0940334,4,GraphSAGE
96415,-0.46036297,2.733323,30,GraphSAGE
146797,0.8993308,3.213953,30,GraphSAGE
96374,0.25473893,-0.59268254,24,GraphSAGE
9752,-1.6788275,3.84579,3,GraphSAGE
133103,-0.8602131,3.0407948,24,GraphSAGE
162240,-1.5337667,2.2244406,24,GraphSAGE
12543,-0.9658088,2.2827535,30,GraphSAGE
163484,-1.3991091,-2.766623,19,GraphSAGE
85942,-2.6857371,2.2960405,24,GraphSAGE
30263,0.3837458,2.101872,24,GraphSAGE
151747,4.4276547,-0.81580454,16,GraphSAGE
36884,-1.2022951,-3.5612564,34,GraphSAGE
141474,-1.7942479,1.5426475,10,GraphSAGE
31156,0.36668986,2.2109003,24,GraphSAGE
151638,-1.295044,3.430202,30,GraphSAGE
112109,1.4468296,2.4012046,24,GraphSAGE
119745,-3.232907,0.73859906,24,GraphSAGE
136232,1.1449685,1.9988519,16,GraphSAGE
2244,-2.779679,-0.5082243,28,GraphSAGE
80142,-1.4472127,2.3548665,24,GraphSAGE
149028,0.9207546,1.4700919,24,GraphSAGE
81461,3.738059,-1.592001,16,GraphSAGE
144955,-2.9666252,-1.79754,5,GraphSAGE
47726,-2.269723,-1.8345606,28,GraphSAGE
3102,4.097946,-0.70839787,16,GraphSAGE
83272,-3.823978,-1.9886494,28,GraphSAGE
145437,-0.71976036,3.4809499,25,GraphSAGE
95235,-0.28269106,3.59485,30,GraphSAGE
31685,-3.9648116,-1.3313454,28,GraphSAGE
68392,-0.49835834,2.1034355,27,GraphSAGE
144999,-2.7301393,-0.68981326,2,GraphSAGE
88664,-1.3739817,1.4562548,24,GraphSAGE
129102,-1.7545006,0.40084326,4,GraphSAGE
22340,2.553378,-1.8800211,24,GraphSAGE
28294,3.5498269,0.13823998,16,GraphSAGE
13046,4.010146,-0.028445005,16,GraphSAGE
64899,1.209588,-2.026435,27,GraphSAGE
25931,2.8582387,1.0903267,31,GraphSAGE
71458,-3.0584135,2.484589,24,GraphSAGE
90018,3.8201559,-2.4043062,16,GraphSAGE
35521,0.10268664,2.5582805,24,GraphSAGE
135623,3.5269394,-3.546288,16,GraphSAGE
6442,-1.3918197,2.8421888,24,GraphSAGE
28533,3.5961642,-0.878599,16,GraphSAGE
39142,-0.091172315,3.4316373,24,GraphSAGE
108466,-0.20716727,1.9786247,3,GraphSAGE
94730,-0.094408646,2.9268532,25,GraphSAGE
97365,0.9878399,1.5087634,24,GraphSAGE
74966,-4.2319837,-5.3758287,28,GraphSAGE
135627,-3.0589771,1.28749,10,GraphSAGE
16613,-2.6671464,-0.76507366,2,GraphSAGE
7481,-1.4833474,3.2300434,30,GraphSAGE
111626,4.2998304,1.8110677,16,GraphSAGE
35178,0.97047323,3.164442,30,GraphSAGE
126884,-1.9912744,-1.8597295,9,GraphSAGE
81917,-1.4940243,3.7817206,24,GraphSAGE
121598,0.4465019,0.6003295,24,GraphSAGE
99060,-2.6172056,-0.8579778,9,GraphSAGE
95996,2.7783897,-1.0116906,16,GraphSAGE
39246,0.91860086,1.5504338,24,GraphSAGE
100536,2.824241,1.0410255,16,GraphSAGE
85398,4.561526,-1.8966969,16,GraphSAGE
68854,0.05453609,2.935523,24,GraphSAGE
51543,-0.057201475,3.9641123,24,GraphSAGE
3316,-3.7182224,-2.2085328,28,GraphSAGE
56666,-2.207134,3.7473211,24,GraphSAGE
111117,-1.1563871,3.5742402,30,GraphSAGE
75572,0.12761328,2.1794457,30,GraphSAGE
55615,1.7928717,2.1159987,24,GraphSAGE
162756,-1.5088058,0.66167593,5,GraphSAGE
7487,3.9977202,-3.5484524,16,GraphSAGE
115003,5.566148,-2.2026353,24,GraphSAGE
35567,-1.0134549,4.1125197,30,GraphSAGE
116170,0.7934203,2.811265,25,GraphSAGE
56843,-1.1256342,2.0894523,31,GraphSAGE
121129,2.1633623,0.03899479,24,GraphSAGE
163533,3.2075195,-0.26748115,1,GraphSAGE
144130,1.0475872,0.8917146,16,GraphSAGE
169304,-0.10857909,3.9600792,31,GraphSAGE
88050,-3.0336618,-2.0093799,28,GraphSAGE
77828,1.2993004,2.2251735,16,GraphSAGE
136207,-3.4915807,-2.8669517,4,GraphSAGE
149416,0.3474152,2.7326612,16,GraphSAGE
150342,-1.5546987,0.9863881,26,GraphSAGE
169208,-3.204,-1.8638864,26,GraphSAGE
31218,4.357899,-1.7401314,16,GraphSAGE
113621,1.0612862,3.3252735,24,GraphSAGE
22405,4.1934676,-2.957799,16,GraphSAGE
103731,-0.5200401,0.12705266,0,GraphSAGE
126808,-2.5412138,-2.8127584,8,GraphSAGE
32431,1.514111,-1.899256,27,GraphSAGE
140204,1.9194183,0.2706889,27,GraphSAGE
23795,-1.7605829,-0.9847661,26,GraphSAGE
106966,0.81361145,2.4442425,24,GraphSAGE
85954,-1.7500126,0.60727096,22,GraphSAGE
53093,0.74591804,1.9947139,31,GraphSAGE
141461,-4.1083684,-2.5635667,26,GraphSAGE
93416,-0.96986645,-0.8539413,19,GraphSAGE
28562,-1.0078421,2.1672192,24,GraphSAGE
85895,4.675882,-0.22481221,16,GraphSAGE
2079,-3.3364377,1.6257256,8,GraphSAGE
20434,2.619571,0.26141477,25,GraphSAGE
140019,3.902895,-2.1821883,16,GraphSAGE
98611,4.663442,-3.8938012,16,GraphSAGE
125638,4.1684136,-3.3998575,16,GraphSAGE
71084,4.311687,-1.4270043,16,GraphSAGE
11492,2.325239,-0.8149376,16,GraphSAGE
60459,-2.646932,-3.4139338,8,GraphSAGE
69727,3.5750117,0.64592063,16,GraphSAGE
105692,-2.7286115,-0.51410043,24,GraphSAGE
70037,-1.5379574,-3.3595185,39,GraphSAGE
36485,4.75709,-2.5963225,16,GraphSAGE
95195,-3.423586,-4.7787824,4,GraphSAGE
81631,-0.01839964,4.0061536,30,GraphSAGE
24949,2.1775894,-3.822547,16,GraphSAGE
16611,-0.64163524,2.9917817,30,GraphSAGE
167479,-3.1890824,-4.280403,5,GraphSAGE
3721,-2.3664389,1.183946,37,GraphSAGE
3698,4.3019347,-3.308947,16,GraphSAGE
126425,-0.98377293,4.257328,30,GraphSAGE
91249,-4.3475485,-2.6625028,5,GraphSAGE
144964,2.1324537,1.2092677,16,GraphSAGE
8833,0.57624066,3.0333047,31,GraphSAGE
2036,2.910327,-0.85262376,16,GraphSAGE
10249,0.80790246,-0.58420825,4,GraphSAGE
107930,-1.513052,-1.9432626,32,GraphSAGE
43650,-0.9657386,-1.788735,34,GraphSAGE
139977,4.840345,-3.0442152,16,GraphSAGE
102986,2.600123,-1.1079764,24,GraphSAGE
40516,-0.29047233,4.4979887,13,GraphSAGE
28491,2.5548453,-1.3814864,4,GraphSAGE
18008,0.48705286,2.5171928,30,GraphSAGE
50224,-3.4627,-3.6981897,8,GraphSAGE
152938,4.3108277,-0.3090464,16,GraphSAGE
3670,3.7225916,-1.3826947,16,GraphSAGE
28485,-1.0857263,-3.2262855,27,GraphSAGE
87130,2.2518256,-0.7238896,16,GraphSAGE
154275,1.6859665,1.0055743,24,GraphSAGE
118993,-0.16034341,1.325225,34,GraphSAGE
17019,-0.06711526,1.9144493,24,GraphSAGE
35741,-0.820174,3.861948,10,GraphSAGE
8897,-2.9023366,-0.48272622,33,GraphSAGE
159587,-0.7805704,-0.15036505,34,GraphSAGE
154470,4.4760385,-2.65343,16,GraphSAGE
133503,5.342006,-1.1736841,16,GraphSAGE
83328,-4.024153,1.1977526,6,GraphSAGE
30165,-0.32687265,3.3342867,24,GraphSAGE
165128,-2.7003174,-2.3022876,2,GraphSAGE
20611,-0.46152675,3.1260467,30,GraphSAGE
83031,-2.914867,-3.2784872,19,GraphSAGE
52518,-2.6854103,-4.351776,4,GraphSAGE
66338,2.6882837,-0.7153976,27,GraphSAGE
52949,3.6481323,-2.1194153,16,GraphSAGE
165343,-2.5305443,-1.5648448,8,GraphSAGE
117645,-0.19614539,-2.5746505,8,GraphSAGE
106606,-0.24917237,-0.50357276,24,GraphSAGE
64432,3.3133519,-0.383013,16,GraphSAGE
64887,-2.7213037,-1.4707732,36,GraphSAGE
100010,4.9782057,-3.6762037,16,GraphSAGE
90744,-0.74476373,3.3007007,24,GraphSAGE
79409,-3.7998936,-3.1586971,28,GraphSAGE
27676,2.7291684,3.7798047,24,GraphSAGE
88279,-1.9369235,0.8866322,30,GraphSAGE
12937,-3.266464,-3.068097,28,GraphSAGE
85891,-0.4139079,-0.41879207,24,GraphSAGE
100024,2.3013725,1.5312437,24,GraphSAGE
50439,-4.361591,-3.0158777,8,GraphSAGE
6226,-3.7994206,-3.154561,4,GraphSAGE
42398,1.6314166,-3.192964,16,GraphSAGE
150697,0.17469686,0.8903557,24,GraphSAGE
125497,-0.9359029,2.360036,10,GraphSAGE
91287,-2.923927,-0.69554806,34,GraphSAGE
142332,0.32500625,3.5895767,24,GraphSAGE
144144,-0.29021785,3.1111407,30,GraphSAGE
154564,-0.17837915,4.095286,24,GraphSAGE
70310,1.1863437,2.0783253,24,GraphSAGE
154619,0.96763104,0.97422683,16,GraphSAGE
38298,0.92135805,3.316804,24,GraphSAGE
68933,5.491203,-1.2176088,16,GraphSAGE
147641,-0.5023693,3.2908978,24,GraphSAGE
47755,-2.4051235,-2.1710396,28,GraphSAGE
35613,-1.7774768,1.2720133,10,GraphSAGE
130840,-3.481677,-3.9689884,28,GraphSAGE
105173,0.8117873,-0.404774,24,GraphSAGE
83174,1.1755428,-2.0652647,16,GraphSAGE
59652,-0.31837988,2.4049659,23,GraphSAGE
32502,5.198256,-2.6399355,16,GraphSAGE
51196,-2.0939844,-0.3451056,19,GraphSAGE
146478,-3.308271,-1.3918874,39,GraphSAGE
63467,-3.2949724,0.089123726,5,GraphSAGE
134892,-0.67275125,3.4792051,24,GraphSAGE
113559,4.4646797,-2.5572224,16,GraphSAGE
100395,-3.248498,-1.3813387,4,GraphSAGE
54061,-2.9010682,-0.036864042,31,GraphSAGE
82942,0.1348024,1.4610373,24,GraphSAGE
17236,-2.7075775,-2.4342394,28,GraphSAGE
154851,-0.4576221,2.9681268,7,GraphSAGE
1875,4.287853,-1.8511407,16,GraphSAGE
166709,4.5167203,-1.7526941,16,GraphSAGE
118181,-2.0313625,-3.8027287,34,GraphSAGE
91331,2.2338371,0.5267868,24,GraphSAGE
157368,-2.1256824,-2.4954967,2,GraphSAGE
41812,-1.6836588,-2.0805614,23,GraphSAGE
107068,-2.9902923,0.62101984,36,GraphSAGE
165164,2.7495427,-0.22063899,27,GraphSAGE
55448,1.7797856,0.8475579,16,GraphSAGE
45785,0.5869808,3.6985812,24,GraphSAGE
113743,0.7721983,3.838768,24,GraphSAGE
35577,-2.0975325,-4.534539,4,GraphSAGE
163849,4.1081176,2.2312322,16,GraphSAGE
156142,-1.6195362,-2.516859,18,GraphSAGE
56908,1.3332965,2.5329914,24,GraphSAGE
133526,1.394177,3.4114285,16,GraphSAGE
77671,-0.19185796,0.9785136,24,GraphSAGE
118901,4.2615557,-0.016098738,16,GraphSAGE
25013,3.8779488,-0.16889983,24,GraphSAGE
78937,-0.50620055,-1.1199783,4,GraphSAGE
148225,-3.2922883,-3.3743515,4,GraphSAGE
142360,-0.80559653,2.7629776,24,GraphSAGE
160064,-1.0505778,2.6924167,30,GraphSAGE
36773,-1.5753727,-0.09425384,26,GraphSAGE
24617,-0.9560772,2.1931553,24,GraphSAGE
119751,-0.22672006,1.4776326,19,GraphSAGE
46049,0.57465523,2.5706635,24,GraphSAGE
64901,-0.33118802,2.6814432,24,GraphSAGE
48983,3.3557365,0.46342206,16,GraphSAGE
100533,-2.0543263,2.9324694,24,GraphSAGE
62256,-4.478513,-2.8220494,28,GraphSAGE
51639,4.0154305,-2.8317685,16,GraphSAGE
31155,2.952522,-2.5538485,27,GraphSAGE
98689,-3.6725218,2.770743,36,GraphSAGE
63471,-0.5505669,4.597162,24,GraphSAGE
26434,-1.9211609,-2.998829,5,GraphSAGE
151946,-2.6685245,-3.1260004,4,GraphSAGE
148081,0.8300591,3.9159122,30,GraphSAGE
17067,4.2675924,-3.882564,1,GraphSAGE
24917,-3.5124867,-3.4745483,28,GraphSAGE
153294,-3.606362,-1.2358736,4,GraphSAGE
157260,-1.6054139,0.37164843,24,GraphSAGE
34261,1.029597,0.32757866,27,GraphSAGE
5109,3.463756,1.3180345,16,GraphSAGE
111852,1.2555094,-0.95321923,27,GraphSAGE
115116,3.0162961,0.43485487,24,GraphSAGE
84604,3.5889587,0.025684476,16,GraphSAGE
161372,-0.764109,2.6168313,30,GraphSAGE
58010,-1.4029734,0.89871097,31,GraphSAGE
68223,0.6329832,1.0357276,7,GraphSAGE
162654,-0.078592844,2.4620433,24,GraphSAGE
700,-2.4885838,-3.3856053,28,GraphSAGE
92488,-0.30118492,-1.817615,27,GraphSAGE
15433,1.9092755,-1.1541057,16,GraphSAGE
23279,-2.3742826,2.2737288,24,GraphSAGE
34328,0.07969463,2.2790904,24,GraphSAGE
67136,0.45983642,1.7297221,24,GraphSAGE
28954,-1.8840857,4.0986333,24,GraphSAGE
92580,-1.5701716,3.415287,24,GraphSAGE
71094,2.8865733,1.0663759,10,GraphSAGE
80703,-1.8679917,2.7383032,11,GraphSAGE
150862,4.5815907,-1.1680778,16,GraphSAGE
152037,0.029442385,4.7020054,24,GraphSAGE
74123,-1.3615727,3.0607247,24,GraphSAGE
88055,-1.029809,-4.346504,4,GraphSAGE
77989,-0.27919343,3.4587502,30,GraphSAGE
53049,-2.0591702,1.1797451,10,GraphSAGE
145037,1.9168065,-2.5239716,17,GraphSAGE
81415,-1.9321206,1.9733847,24,GraphSAGE
76285,-2.7737346,2.0076847,10,GraphSAGE
105253,-0.37939596,-2.972043,18,GraphSAGE
81471,-0.5777761,-0.85156393,24,GraphSAGE
64812,-2.3032262,2.3841233,24,GraphSAGE
161894,-2.9238715,-3.499701,21,GraphSAGE
19334,-1.5660441,2.8407393,24,GraphSAGE
116272,-3.2654269,-2.9549875,5,GraphSAGE
156878,-2.9273622,1.429799,26,GraphSAGE
95086,3.176756,-1.8309605,16,GraphSAGE
101247,-0.63593614,0.23660576,10,GraphSAGE
83228,3.0486338,-1.5468773,16,GraphSAGE
150732,-2.2316835,2.298985,31,GraphSAGE
77781,-0.6208564,2.0281887,37,GraphSAGE
146409,-1.7172513,-2.0409145,9,GraphSAGE
145604,-0.12053181,1.4345917,24,GraphSAGE
113611,-0.31203014,3.9136453,24,GraphSAGE
97740,-1.0471675,-0.16505975,6,GraphSAGE
13042,-1.1024163,-1.270143,14,GraphSAGE
78925,-3.3864436,0.6976651,2,GraphSAGE
85375,-3.3889205,-1.7906523,5,GraphSAGE
74968,4.073773,0.5458789,16,GraphSAGE
150832,-0.42271513,4.2092333,30,GraphSAGE
169230,-0.6251833,3.6811604,30,GraphSAGE
6093,5.497583,-0.55524206,16,GraphSAGE
85893,-3.8459022,-3.813178,28,GraphSAGE
72935,0.7641397,1.4513124,16,GraphSAGE
130793,-2.3658695,0.09904432,9,GraphSAGE
133379,2.837239,-0.5716449,16,GraphSAGE
37838,3.6947148,-2.1489272,16,GraphSAGE
121526,5.898725,-2.5427887,16,GraphSAGE
117182,4.826073,-3.047562,16,GraphSAGE
130923,4.8453455,-2.2960439,1,GraphSAGE
69726,0.29063538,2.8647447,24,GraphSAGE
159582,5.209109,-2.8964176,27,GraphSAGE
35524,4.2277107,-0.37372917,16,GraphSAGE
156110,-4.5650206,-2.5804377,36,GraphSAGE
14197,-3.139289,2.6070843,10,GraphSAGE
68777,4.9239616,-0.650404,16,GraphSAGE
64788,-3.5990276,-3.8910575,28,GraphSAGE
8415,3.4480498,-1.5646508,16,GraphSAGE
70273,1.274617,2.5834155,24,GraphSAGE
118511,-0.6131252,2.2376986,24,GraphSAGE
11613,-1.1912556,4.211878,30,GraphSAGE
96361,1.803215,1.0663785,16,GraphSAGE
107716,0.52366096,3.6238513,24,GraphSAGE
88459,-2.0825067,-2.3520384,9,GraphSAGE
106535,-2.7600572,-3.1450133,8,GraphSAGE
97377,-1.2452369,-0.37314695,24,GraphSAGE
109253,-2.3844519,3.804737,24,GraphSAGE
51723,-1.8061013,-2.3564935,28,GraphSAGE
21905,4.2169976,-2.9677196,16,GraphSAGE
166507,-3.6421943,-4.3437634,5,GraphSAGE
98531,-3.3287237,-4.5344763,8,GraphSAGE
24968,3.518747,2.1197262,16,GraphSAGE
96414,-3.5169358,-4.2893057,5,GraphSAGE
70208,-3.7983294,-2.1748304,2,GraphSAGE
97863,-2.618753,-1.529919,34,GraphSAGE
45073,-1.978467,0.0973984,3,GraphSAGE
87253,-3.2285714,-2.3113074,28,GraphSAGE
53899,3.002637,1.1292199,16,GraphSAGE
46256,2.9824138,0.5801039,24,GraphSAGE
167908,-2.4667406,0.41972673,21,GraphSAGE
89897,4.2474613,-2.9110045,16,GraphSAGE
154738,-2.0304744,3.2486572,11,GraphSAGE
47179,4.5011888,-2.9394748,16,GraphSAGE
18009,4.4634542,-2.024634,16,GraphSAGE
142917,1.0499866,-1.5242051,6,GraphSAGE
102612,-1.3159676,2.602868,24,GraphSAGE
108396,2.8070836,-0.5849214,16,GraphSAGE
71482,-0.5628123,-1.6335226,23,GraphSAGE
34334,4.6062884,-2.7052753,16,GraphSAGE
118838,-1.1188313,2.3075037,24,GraphSAGE
49000,5.7151966,-3.720899,16,GraphSAGE
32917,1.0473721,-2.5008597,16,GraphSAGE
121032,-2.5316155,0.30632842,4,GraphSAGE
138783,-3.4586613,2.489522,10,GraphSAGE
12625,-1.1223421,1.8557419,30,GraphSAGE
138782,2.6599257,0.521786,16,GraphSAGE
134863,4.3440905,-2.7781591,16,GraphSAGE
101749,3.2494333,-3.223116,16,GraphSAGE
108274,0.25822115,2.974617,24,GraphSAGE
150287,-3.2796905,-2.5035465,8,GraphSAGE
162620,-1.5736933,-2.4914684,20,GraphSAGE
108416,4.3559384,-2.9874206,16,GraphSAGE
133047,0.9700361,-1.7245638,20,GraphSAGE
126357,3.5464776,-2.2711139,16,GraphSAGE
39284,-0.6994992,2.627613,30,GraphSAGE
118972,-1.309505,1.6289495,23,GraphSAGE
24899,5.614523,-2.2252269,16,GraphSAGE
66328,-0.26318857,1.2746509,10,GraphSAGE
41734,-1.3787,-0.18331993,26,GraphSAGE
123656,-3.1566942,-3.1067576,34,GraphSAGE
167882,2.8108919,0.5560081,16,GraphSAGE
66275,0.09005362,2.733327,24,GraphSAGE
27221,-0.98431164,4.1505704,30,GraphSAGE
11087,5.522559,-1.4944048,16,GraphSAGE
74141,-1.4237311,2.0531602,13,GraphSAGE
27138,-1.1340659,-2.7285304,34,GraphSAGE
55170,-0.8503687,-4.203567,19,GraphSAGE
111020,2.0539966,0.24531746,24,GraphSAGE
70846,-3.216546,-0.6773868,23,GraphSAGE
65746,-1.545675,-1.8272194,34,GraphSAGE
112345,2.9636989,0.4722618,24,GraphSAGE
148107,1.0999763,3.7802663,24,GraphSAGE
82726,1.6583738,0.9168284,16,GraphSAGE
69715,-1.864392,-4.0580955,34,GraphSAGE
100487,-3.3721716,-2.192805,28,GraphSAGE
49004,3.262685,-0.9385505,16,GraphSAGE
138843,-1.6497438,-2.5604198,9,GraphSAGE
64831,4.6493425,-2.1054606,16,GraphSAGE
99235,-0.11885366,1.7683681,24,GraphSAGE
6152,-2.750913,-3.5077133,27,GraphSAGE
122477,-3.851624,-2.312602,5,GraphSAGE
13843,-3.261462,-1.6986203,34,GraphSAGE
91336,2.5745714,0.15190732,16,GraphSAGE
115985,2.5972633,2.6941586,24,GraphSAGE
130755,-3.179113,-2.7861338,8,GraphSAGE
83252,-1.2232304,0.4362874,13,GraphSAGE
21137,-2.0061302,2.703857,24,GraphSAGE
5021,4.596944,-0.77438104,16,GraphSAGE
11618,-0.5308149,-2.7852135,20,GraphSAGE
14261,-3.7726429,-3.5600367,4,GraphSAGE
155903,-0.46743578,1.0241224,24,GraphSAGE
9818,-3.1189473,-2.0054426,5,GraphSAGE
11490,-2.367294,-1.8778157,33,GraphSAGE
60468,-2.8140225,-0.16030627,5,GraphSAGE
19398,-1.6836753,1.4361995,10,GraphSAGE
30152,-3.395777,-1.5126287,28,GraphSAGE
14369,3.8291392,-2.2499301,1,GraphSAGE
21166,1.9474387,1.273327,24,GraphSAGE
33828,0.22042611,3.9985876,24,GraphSAGE
46328,-3.1128638,-1.873427,28,GraphSAGE
27201,4.5260787,-3.0560355,16,GraphSAGE
130798,1.5537627,3.3253179,24,GraphSAGE
52970,-2.5578873,1.4511853,24,GraphSAGE
160067,3.708395,-1.9286194,16,GraphSAGE
145440,-2.9881377,-3.3026834,8,GraphSAGE
107014,-1.4868855,2.5944414,24,GraphSAGE
142629,-3.5800636,-3.681911,28,GraphSAGE
27224,3.1208618,-0.28301305,16,GraphSAGE
153315,2.6363316,-2.3705928,16,GraphSAGE
41964,2.1185863,-2.8676872,27,GraphSAGE
158621,-1.771764,-2.6371756,2,GraphSAGE
20949,-1.0972404,4.656988,30,GraphSAGE
91280,5.6274815,-3.662912,16,GraphSAGE
153272,-0.37131542,2.450211,27,GraphSAGE
55617,0.039394796,-0.021530986,5,GraphSAGE
8999,0.75718236,0.9285363,24,GraphSAGE
160877,-2.4961162,0.11177075,24,GraphSAGE
132236,0.22456458,2.3983388,24,GraphSAGE
166062,-1.100846,1.8078657,10,GraphSAGE
2615,-0.44511205,-3.1064768,27,GraphSAGE
32441,1.2200203,2.0971794,24,GraphSAGE
49152,-3.715478,-3.6633625,5,GraphSAGE
101269,4.44923,-3.0056705,16,GraphSAGE
9813,-1.5410316,-0.9139328,19,GraphSAGE
71285,4.2734804,-1.5388058,16,GraphSAGE
169220,0.04433316,2.2141223,30,GraphSAGE
75476,-1.1492721,3.4777937,30,GraphSAGE
16657,2.5661435,1.752128,16,GraphSAGE
84112,-0.38251692,2.9080067,24,GraphSAGE
146496,0.9862636,2.1611457,24,GraphSAGE
117616,-2.1215305,0.36294925,24,GraphSAGE
59134,1.2849796,1.9720742,16,GraphSAGE
159919,-0.24954942,3.4423265,24,GraphSAGE
17197,4.786014,-2.8534398,16,GraphSAGE
112266,2.7128057,1.6850055,26,GraphSAGE
158725,-0.17457981,4.29715,30,GraphSAGE
150865,4.0558486,-2.3550565,16,GraphSAGE
54262,5.496573,-3.2988591,16,GraphSAGE
4644,5.196173,-0.9433474,16,GraphSAGE
64779,-0.8953811,-2.913682,5,GraphSAGE
36899,-3.1724005,-2.0417042,36,GraphSAGE
125581,4.3405876,-1.975794,16,GraphSAGE
39252,-0.3014072,1.8918012,24,GraphSAGE
126408,-0.9646457,3.4741354,24,GraphSAGE
122948,2.2521317,2.249158,24,GraphSAGE
167505,2.3066118,2.4895859,16,GraphSAGE
84108,-3.186159,-1.3526163,2,GraphSAGE
86743,-1.0132413,3.5309067,24,GraphSAGE
34326,3.8171034,-1.6701934,16,GraphSAGE
47593,-0.22528395,3.5491486,24,GraphSAGE
163999,4.4196453,-0.66167825,16,GraphSAGE
116278,-1.9360142,-1.230425,26,GraphSAGE
117730,0.09813681,2.9802766,30,GraphSAGE
35602,-1.1847475,0.7762681,24,GraphSAGE
136976,-0.083503634,1.352954,25,GraphSAGE
83146,1.7132535,1.0719093,6,GraphSAGE
41004,-1.5225606,0.2101717,8,GraphSAGE
85392,-2.5591586,-4.1583285,19,GraphSAGE
118734,4.3224087,-1.8873435,16,GraphSAGE
56989,-0.48793674,4.2817616,24,GraphSAGE
8396,-4.370184,-4.003028,28,GraphSAGE
137013,2.110947,2.0423255,24,GraphSAGE
149414,0.4580477,4.368254,24,GraphSAGE
169246,-2.591553,0.100125074,8,GraphSAGE
63067,-0.17673355,1.8316664,24,GraphSAGE
133107,-0.63866377,3.6266236,30,GraphSAGE
5059,-0.941684,4.4745407,30,GraphSAGE
118833,4.2297297,-1.9669378,16,GraphSAGE
136917,2.0527415,3.3203034,24,GraphSAGE
129460,-0.798296,2.2833133,24,GraphSAGE
55576,1.2859519,3.6266332,24,GraphSAGE
71546,-1.8672991,4.2559466,24,GraphSAGE
8864,-0.7537166,0.22522569,24,GraphSAGE
157451,-1.7933376,-2.35463,22,GraphSAGE
164006,-3.4833922,-3.6320806,28,GraphSAGE
96028,0.55861866,0.7824602,24,GraphSAGE
89453,-1.6254909,0.7755084,24,GraphSAGE
51188,-0.886307,-1.7745799,34,GraphSAGE
112387,-0.89158475,4.4596763,30,GraphSAGE
145062,-0.39948022,2.0487924,18,GraphSAGE
35207,0.86890715,3.134345,24,GraphSAGE
72334,-1.1772375,-2.4342215,20,GraphSAGE
3832,0.31994715,3.359004,24,GraphSAGE
149566,3.7376008,-0.71029335,16,GraphSAGE
131515,-1.6936476,1.3925422,26,GraphSAGE
147793,-2.9544165,-0.6919396,8,GraphSAGE
104247,4.5939274,-1.2670164,16,GraphSAGE
47185,-0.6709913,4.641987,24,GraphSAGE
96083,4.1063547,-0.5119413,16,GraphSAGE
37808,3.835815,0.8088523,16,GraphSAGE
53846,2.3849108,-2.4954472,16,GraphSAGE
159984,4.2717676,-0.6375191,16,GraphSAGE
122288,4.753951,-1.4764969,16,GraphSAGE
39720,3.1677427,-1.444421,16,GraphSAGE
47764,3.5549738,0.78890836,16,GraphSAGE
123698,4.6370897,-0.6828226,16,GraphSAGE
139670,-3.4097278,-2.5565977,33,GraphSAGE
76328,0.92561716,2.783351,24,GraphSAGE
154681,3.8362546,-2.2104068,27,GraphSAGE
96509,-0.5479045,4.371625,30,GraphSAGE
60867,-0.27323115,2.9758592,24,GraphSAGE
95162,0.805958,0.22957516,6,GraphSAGE
125009,1.1262805,3.8430762,24,GraphSAGE
81903,3.301249,2.2423024,27,GraphSAGE
45102,-1.5285087,0.44528294,13,GraphSAGE
15723,3.0602229,-0.54539347,16,GraphSAGE
138380,-3.7811232,-3.8284645,8,GraphSAGE
97684,-1.0406092,3.9313917,24,GraphSAGE
65704,-3.7390835,-1.2104414,11,GraphSAGE
94736,-0.83680993,-3.878149,28,GraphSAGE
15287,-2.1922421,4.079496,24,GraphSAGE
35561,-0.8692233,4.5185857,30,GraphSAGE
155793,-0.46202546,-0.80723774,10,GraphSAGE
11487,-1.4620378,3.7991638,24,GraphSAGE
75415,-2.8745685,-3.7263994,34,GraphSAGE
104307,4.6573305,-0.7466953,16,GraphSAGE
101228,-2.3330507,-3.4610238,34,GraphSAGE
56683,4.183824,0.18372917,16,GraphSAGE
55770,-3.406032,2.8088956,24,GraphSAGE
62233,-2.1574275,-5.3685575,4,GraphSAGE
155536,-2.6576638,-2.053688,13,GraphSAGE
158317,-1.3310113,1.6139411,24,GraphSAGE
145314,-2.0171146,-0.31887525,34,GraphSAGE
129038,0.21130934,1.7613446,25,GraphSAGE
114505,-4.0387464,1.4999439,24,GraphSAGE
1297,-0.76598126,1.8243316,11,GraphSAGE
151949,-1.3745768,1.8051909,24,GraphSAGE
71633,3.6935463,-3.3730907,16,GraphSAGE
125636,-0.5572208,1.7746543,24,GraphSAGE
53865,-2.6611543,-2.7596307,9,GraphSAGE
30231,-0.6278596,3.1678634,30,GraphSAGE
126373,-0.6689484,2.6698074,13,GraphSAGE
83011,0.7564454,0.4279821,24,GraphSAGE
40515,-2.947715,-1.5075206,36,GraphSAGE
107100,-4.005704,-1.4137315,39,GraphSAGE
46301,-2.733198,-2.4993153,8,GraphSAGE
116426,3.5490782,0.47397077,13,GraphSAGE
122792,-0.18918118,-1.3746551,8,GraphSAGE
39604,-2.2634542,-2.7322779,34,GraphSAGE
126498,2.1529553,4.4669347,24,GraphSAGE
144202,-1.5221007,0.9510337,24,GraphSAGE
151985,-2.8262036,-2.8324537,34,GraphSAGE
124998,-0.1991012,-5.7959776,28,GraphSAGE
167506,-2.3424616,1.2908324,30,GraphSAGE
63038,-2.2555878,0.704774,34,GraphSAGE
135797,-0.5654959,3.3874965,24,GraphSAGE
92461,-2.71781,2.63908,24,GraphSAGE
80226,4.60999,-3.5098767,16,GraphSAGE
80233,3.235792,0.59380627,16,GraphSAGE
106592,-3.3459241,2.918611,24,GraphSAGE
80121,-2.715918,-0.88852483,19,GraphSAGE
49112,3.4899778,-3.6315227,27,GraphSAGE
38242,4.619032,-3.7655244,16,GraphSAGE
155929,5.4190035,-3.0652623,16,GraphSAGE
19267,4.46191,-1.2825028,16,GraphSAGE
67419,5.12983,0.68542206,16,GraphSAGE
46227,-2.1683705,-1.5744557,2,GraphSAGE
98633,4.90192,-2.225427,16,GraphSAGE
118854,-0.027352527,-0.019505024,27,GraphSAGE
26071,-0.29927817,2.4960928,30,GraphSAGE
130355,2.7920213,-1.7034659,16,GraphSAGE
7532,4.14616,0.7230505,16,GraphSAGE
117753,5.041986,-1.9126266,16,GraphSAGE
155595,-3.8046138,-2.1553137,22,GraphSAGE
83326,4.4317408,-1.9180177,16,GraphSAGE
30180,2.8807962,-0.86878103,16,GraphSAGE
138760,0.05632958,2.9844441,30,GraphSAGE
8940,0.37179893,2.2538724,11,GraphSAGE
70132,-0.90599585,-3.334229,34,GraphSAGE
154270,1.9194298,1.2060338,27,GraphSAGE
115124,-2.7701132,2.1461287,30,GraphSAGE
161273,-1.1607074,3.716826,30,GraphSAGE
148290,0.2699432,3.8799453,24,GraphSAGE
25866,-0.7955746,2.6817503,3,GraphSAGE
124079,3.8067474,0.17681527,24,GraphSAGE
19733,-2.2227829,3.0716376,24,GraphSAGE
20963,-2.6783812,-3.0239127,34,GraphSAGE
95822,-3.4279003,-2.9272146,28,GraphSAGE
120332,-4.1067758,-3.182961,8,GraphSAGE
85405,-3.3806846,-3.335074,5,GraphSAGE
97889,-4.5356293,-4.391236,29,GraphSAGE
15807,4.3752103,-2.4168897,16,GraphSAGE
163898,2.1811762,0.059436083,16,GraphSAGE
85854,-0.9721733,3.754043,27,GraphSAGE
137366,-3.6645305,-3.5610166,5,GraphSAGE
136054,-2.2706683,0.6257634,24,GraphSAGE
8387,-0.7960512,-3.3335853,28,GraphSAGE
83134,4.407152,-0.8571309,16,GraphSAGE
36540,-1.8158507,2.6129599,16,GraphSAGE
11560,-0.42110524,-2.3720832,20,GraphSAGE
134571,-2.1470726,-1.5576484,23,GraphSAGE
39684,-3.3215468,-4.921189,4,GraphSAGE
134829,-0.7560131,3.8322425,24,GraphSAGE
97624,2.3737957,0.57477725,22,GraphSAGE
145411,-3.560525,-0.057456076,28,GraphSAGE
62285,3.004135,2.0798821,25,GraphSAGE
33832,-0.7116261,3.5471573,30,GraphSAGE
25964,3.4937534,0.7592155,16,GraphSAGE
124196,-1.9985142,-2.4543774,34,GraphSAGE
68829,4.1082134,0.5849252,16,GraphSAGE
101474,-0.34461588,-1.0115542,19,GraphSAGE
125033,-1.6357217,3.3718343,24,GraphSAGE
26248,1.1094403,1.3533057,24,GraphSAGE
13864,-0.5741186,-2.0362837,6,GraphSAGE
5894,-1.9535239,3.2628827,10,GraphSAGE
40961,4.0368114,-2.3639188,27,GraphSAGE
63508,1.0821078,0.94337225,25,GraphSAGE
100342,-0.34136602,0.66063094,26,GraphSAGE
165255,-3.708178,0.43692362,24,GraphSAGE
64366,-2.096074,-1.674891,10,GraphSAGE
35704,-1.7969575,2.8099923,24,GraphSAGE
147682,-3.9404466,-3.1115446,8,GraphSAGE
64180,4.5712004,-1.5512303,6,GraphSAGE
81675,-2.0895686,-0.6533629,26,GraphSAGE
149500,-2.712583,-1.8453839,22,GraphSAGE
3794,-1.3909585,3.737608,24,GraphSAGE
21943,4.451478,-1.2784561,16,GraphSAGE
43812,5.6482377,-1.7149674,16,GraphSAGE
40910,3.8437839,-2.5292206,16,GraphSAGE
19310,0.74262166,1.5407566,24,GraphSAGE
43745,-1.970294,0.20397341,2,GraphSAGE
95268,-3.2374992,-0.8077633,36,GraphSAGE
42379,6.2466245,-4.7969337,16,GraphSAGE
101033,4.488926,-2.3356721,16,GraphSAGE
127634,-2.644987,-1.9253173,28,GraphSAGE
85539,-1.8747466,2.6723905,31,GraphSAGE
144022,-0.9505225,1.4068869,23,GraphSAGE
34164,-3.286575,-2.118933,33,GraphSAGE
126420,2.8639925,1.2333475,24,GraphSAGE
31093,-1.5710957,-3.041817,39,GraphSAGE
46326,-0.08959987,2.9334793,30,GraphSAGE
38245,4.605694,1.2061287,24,GraphSAGE
74086,-4.2348943,-5.2711296,8,GraphSAGE
64408,-3.2174716,-2.8955178,34,GraphSAGE
29916,-1.4857469,5.0601673,30,GraphSAGE
27731,0.2760426,-1.0173007,5,GraphSAGE
32440,-0.5313974,3.8905282,24,GraphSAGE
21097,-2.450924,2.1557994,3,GraphSAGE
74298,1.3773949,1.2247046,24,GraphSAGE
66049,-2.8027625,-2.0344052,37,GraphSAGE
15757,-1.5068381,4.6413636,30,GraphSAGE
153416,4.4183307,-1.030656,17,GraphSAGE
120129,3.255691,-2.846761,16,GraphSAGE
14251,-0.6335207,3.5398755,30,GraphSAGE
115944,2.187532,0.9807459,16,GraphSAGE
157257,-2.656223,-2.800199,5,GraphSAGE
39591,-0.13622573,1.7224604,24,GraphSAGE
11519,-1.2471292,1.022498,24,GraphSAGE
146460,-2.1384578,2.4405947,31,GraphSAGE
39181,1.5383847,4.7275805,24,GraphSAGE
64407,4.3625693,-2.308774,16,GraphSAGE
167590,-0.78356695,2.7361946,31,GraphSAGE
65740,3.6042511,-4.358018,27,GraphSAGE
26388,1.3497498,2.9193635,25,GraphSAGE
155614,0.10914397,4.003613,30,GraphSAGE
21913,0.12935024,1.2547916,27,GraphSAGE
109602,-2.5315874,-1.9232283,37,GraphSAGE
117342,0.43425524,3.1704636,10,GraphSAGE
101788,2.4789424,2.7518682,24,GraphSAGE
83330,2.0039966,-0.079300284,27,GraphSAGE
136937,1.6852677,-0.63655937,27,GraphSAGE
117656,0.8553602,1.2400957,16,GraphSAGE
76405,5.730994,-5.6954513,16,GraphSAGE
68941,-3.94633,-0.7005894,36,GraphSAGE
64982,-0.815358,3.2401204,30,GraphSAGE
89885,2.1829307,-0.84849215,16,GraphSAGE
164013,4.2179255,-0.78531253,16,GraphSAGE
27694,5.003486,-3.7955313,16,GraphSAGE
30271,2.6439621,2.15029,16,GraphSAGE
38178,-1.6546681,-0.9118891,24,GraphSAGE
59355,1.6776307,2.6007042,24,GraphSAGE
25078,2.1406758,2.9436607,13,GraphSAGE
118835,-3.251158,-2.9687302,4,GraphSAGE
54251,-1.3754609,-3.5249052,5,GraphSAGE
63098,-1.9938393,-3.2084417,9,GraphSAGE
22459,-3.2615745,-2.537243,28,GraphSAGE
14351,-1.7638633,1.292926,24,GraphSAGE
122315,1.9011011,1.9268068,16,GraphSAGE
128887,-3.266195,-2.9594681,28,GraphSAGE
115927,-0.32127243,3.428835,30,GraphSAGE
82745,-2.1412516,2.4056768,31,GraphSAGE
142667,-1.8552723,5.171223,24,GraphSAGE
33057,3.8522573,-0.7404289,16,GraphSAGE
33751,4.093322,-1.5650117,16,GraphSAGE
6288,4.2311964,-1.684068,16,GraphSAGE
140081,1.1997774,2.5792084,24,GraphSAGE
157354,-2.1218066,2.8494706,24,GraphSAGE
58164,-0.8684763,2.7133222,28,GraphSAGE
91074,5.4373307,-1.5496777,16,GraphSAGE
91136,-0.2436084,2.0406098,13,GraphSAGE
1131,-1.7985578,-0.27614486,23,GraphSAGE
107144,-2.9301465,-3.201077,34,GraphSAGE
34248,3.5837064,-1.9710598,16,GraphSAGE
133541,-2.7967024,-3.0647678,37,GraphSAGE
133018,3.4396205,-1.2929826,16,GraphSAGE
117300,-0.87799424,3.1128206,24,GraphSAGE
60489,-3.792951,-4.5616446,8,GraphSAGE
92105,-1.2904983,2.6066103,30,GraphSAGE
122806,-3.828231,-3.7633185,5,GraphSAGE
96553,-0.07216411,3.786685,24,GraphSAGE
123669,-1.9283667,3.5353436,30,GraphSAGE
123660,-1.1035135,2.0131316,24,GraphSAGE
40588,0.8752269,1.2824441,16,GraphSAGE
111028,-3.726423,-3.0825825,28,GraphSAGE
68832,0.056097806,2.3804498,24,GraphSAGE
156048,-1.3024633,3.8492203,24,GraphSAGE
68414,-2.77768,2.8904414,24,GraphSAGE
1179,-2.071014,4.2427497,30,GraphSAGE
42335,-1.7613215,-4.520707,4,GraphSAGE
89503,-1.9976566,-0.5440643,27,GraphSAGE
153162,-1.7698717,3.0589576,24,GraphSAGE
54441,4.1644177,-2.0053954,17,GraphSAGE
44493,-3.4482822,-4.0909204,8,GraphSAGE
152125,2.2439198,0.05908084,16,GraphSAGE
37855,-4.175605,-2.483155,34,GraphSAGE
67057,3.6117203,-1.5452546,16,GraphSAGE
129491,3.0767055,-0.72891295,27,GraphSAGE
158441,4.5848813,-1.7755661,16,GraphSAGE
107903,-2.0660913,-3.0589628,34,GraphSAGE
47746,-1.1188422,3.3482885,24,GraphSAGE
22453,-0.73517233,0.98365057,24,GraphSAGE
122702,-2.4931517,-3.6837597,34,GraphSAGE
145094,-1.3009665,3.3822308,24,GraphSAGE
146436,0.035788998,1.7412492,24,GraphSAGE
42344,-3.266502,-4.2518587,5,GraphSAGE
155505,1.594593,-0.49015075,16,GraphSAGE
129234,-2.9839845,-0.6144195,33,GraphSAGE
36477,-1.0338303,4.253214,22,GraphSAGE
28528,3.6564853,-0.9519372,16,GraphSAGE
117652,-1.4752707,-4.069008,20,GraphSAGE
31099,-3.2748113,-1.7244883,33,GraphSAGE
106836,-0.41195348,3.6747332,24,GraphSAGE
108325,-2.0411584,-1.4539716,26,GraphSAGE
906,1.716294,-1.7752542,31,GraphSAGE
133006,-1.1851771,-2.371706,34,GraphSAGE
9749,4.704227,-0.054626107,16,GraphSAGE
64421,-2.454689,-0.42720908,13,GraphSAGE
122130,1.6952612,-1.8893219,16,GraphSAGE
150734,-2.3575926,-0.8651725,34,GraphSAGE
100141,-2.8401375,2.5576124,24,GraphSAGE
9009,4.0778112,-0.70451117,16,GraphSAGE
118871,3.5519435,-0.6557265,16,GraphSAGE
31545,3.4140203,-1.6032094,16,GraphSAGE
35681,-2.5686276,-4.095441,3,GraphSAGE
27559,0.44575745,1.5486864,13,GraphSAGE
34369,-1.9111071,2.198907,10,GraphSAGE
167981,-3.0300179,-0.1169278,26,GraphSAGE
97795,-4.6819634,-2.790635,4,GraphSAGE
88593,3.2000442,-2.70505,16,GraphSAGE
157439,-1.6022255,0.4229524,5,GraphSAGE
55241,-2.1805143,-0.6524079,26,GraphSAGE
68822,-3.5188625,-2.6539361,28,GraphSAGE
149398,-1.4721749,-2.076407,37,GraphSAGE
166109,-1.5157409,3.6296139,24,GraphSAGE
96494,2.8498402,-0.27814978,16,GraphSAGE
130832,-0.6234542,3.2790108,30,GraphSAGE
43206,2.2486284,-1.5070764,6,GraphSAGE
118992,1.9775257,-1.1916089,26,GraphSAGE
64371,-0.95772576,2.8516955,30,GraphSAGE
20982,0.80353975,1.0338591,24,GraphSAGE
50331,-2.1002676,-0.79635227,26,GraphSAGE
26036,0.64906096,3.2363334,24,GraphSAGE
141422,-1.4231894,4.1950293,30,GraphSAGE
160070,-0.09441914,2.5202127,30,GraphSAGE
138762,4.379762,-0.9542469,16,GraphSAGE
106530,-4.267725,-3.6438036,9,GraphSAGE
157468,-0.6164447,3.923614,24,GraphSAGE
122799,1.9240997,4.117498,24,GraphSAGE
134835,-4.2218823,0.007530093,19,GraphSAGE
11211,-2.4229667,0.8495735,24,GraphSAGE
126395,-2.2633386,-2.3264916,34,GraphSAGE
31626,0.5629329,2.1550255,24,GraphSAGE
36465,-3.7891262,-2.6632736,23,GraphSAGE
113577,0.5677566,3.841154,24,GraphSAGE
17925,4.769273,-1.8873403,16,GraphSAGE
156963,-0.47982177,2.338448,24,GraphSAGE
133398,0.21968746,0.51358354,6,GraphSAGE
102537,-1.0325314,-3.6151977,34,GraphSAGE
165173,-1.3773339,4.383939,30,GraphSAGE
165256,4.223695,-1.5709596,16,GraphSAGE
90760,0.044230938,2.9333076,30,GraphSAGE
72101,0.12009367,2.3787055,24,GraphSAGE
64908,-0.22685865,3.03048,16,GraphSAGE
78837,1.7382631,3.3708334,24,GraphSAGE
78952,3.5262363,-1.1359909,16,GraphSAGE
75030,-4.001466,-1.850239,19,GraphSAGE
76338,-0.5388173,3.4173265,30,GraphSAGE
92511,0.79626566,1.8640062,13,GraphSAGE
2552,0.74446243,1.1615831,25,GraphSAGE
113225,-1.1093698,2.0064974,24,GraphSAGE
13016,-0.48564884,2.1937547,31,GraphSAGE
121413,-3.6334727,-0.31797898,28,GraphSAGE
73747,-1.5301652,1.0979975,24,GraphSAGE
57064,1.0863445,2.4286323,24,GraphSAGE
126342,-4.250568,-0.31745005,34,GraphSAGE
80574,-1.6590443,1.6891712,26,GraphSAGE
144229,-2.9934578,-1.7867098,28,GraphSAGE
132335,-0.9744837,0.3413198,23,GraphSAGE
160101,4.218937,-0.777676,16,GraphSAGE
70229,4.475829,-3.6969438,16,GraphSAGE
97778,-2.5171037,-2.6197548,8,GraphSAGE
75442,2.9598303,0.19941425,16,GraphSAGE
158653,-2.1404622,-3.875359,34,GraphSAGE
99170,4.662691,-2.1853929,16,GraphSAGE
138253,1.1001863,-0.26180774,16,GraphSAGE
3801,-1.7895308,1.8851222,24,GraphSAGE
102578,-2.0836241,-2.7526832,5,GraphSAGE
100121,3.8786817,-2.443223,16,GraphSAGE
168027,4.871789,-3.605475,17,GraphSAGE
58282,5.175996,-2.869801,16,GraphSAGE
148119,-3.4217134,-3.0626612,28,GraphSAGE
9659,-2.239918,0.9130337,23,GraphSAGE
121570,-3.6961617,-3.837245,28,GraphSAGE
85882,-0.3593279,0.6120734,26,GraphSAGE
38192,3.833325,1.7408544,16,GraphSAGE
143641,-1.9007158,0.8127073,13,GraphSAGE
59175,-2.87572,-0.6941134,19,GraphSAGE
137011,-2.3121195,0.33656132,3,GraphSAGE
48901,2.883546,-0.05693221,16,GraphSAGE
111877,-1.6158876,-1.8153654,23,GraphSAGE
70134,2.7711244,-0.16790736,16,GraphSAGE
2490,0.31274134,0.74289834,24,GraphSAGE
21118,-1.2736304,1.3407232,24,GraphSAGE
58312,4.0584817,0.65748465,16,GraphSAGE
43740,0.3534698,4.038535,30,GraphSAGE
29812,-1.5922599,-3.616839,34,GraphSAGE
50329,5.556888,-3.244183,16,GraphSAGE
28510,-2.9050903,-3.3114614,28,GraphSAGE
120147,-1.8047745,1.8607267,24,GraphSAGE
145018,0.97255427,2.6431684,24,GraphSAGE
38429,0.05515966,-2.5376487,4,GraphSAGE
114739,-1.6997118,1.618549,34,GraphSAGE
62903,-4.378231,-2.3023925,19,GraphSAGE
55211,2.1632755,0.6709126,16,GraphSAGE
160034,-0.40482235,3.8891916,24,GraphSAGE
37021,1.2819731,2.626205,30,GraphSAGE
28672,-0.4527545,2.5472636,30,GraphSAGE
29098,-0.12371375,0.03385842,24,GraphSAGE
57821,2.0341132,-0.95072293,16,GraphSAGE
54366,4.6000896,-2.4749982,16,GraphSAGE
38424,2.1816318,-1.7093834,27,GraphSAGE
44561,1.5481141,1.7881395,16,GraphSAGE
130829,-0.68241715,2.3512707,24,GraphSAGE
70170,3.2727041,2.1318264,16,GraphSAGE
159823,-3.5236118,-3.6153283,34,GraphSAGE
33004,0.36325103,-1.0024531,16,GraphSAGE
130342,5.9722157,-4.594127,16,GraphSAGE
17950,2.4014523,0.4951204,27,GraphSAGE
119014,-3.9070575,-3.5784001,4,GraphSAGE
92592,-2.237365,-0.883201,28,GraphSAGE
125029,-1.165053,2.1616359,10,GraphSAGE
38403,3.0484025,1.2584754,24,GraphSAGE
76802,5.884929,-3.1551075,16,GraphSAGE
67525,-1.6941915,4.018306,31,GraphSAGE
11460,-4.0441318,-3.9011564,28,GraphSAGE
24527,-3.2919962,-4.051383,5,GraphSAGE
112340,2.0899723,-2.025338,24,GraphSAGE
132243,-4.8178453,-3.4549136,8,GraphSAGE
88062,4.4080367,-1.8922836,16,GraphSAGE
112438,2.6681325,1.4834899,24,GraphSAGE
20952,-1.0435377,3.559236,31,GraphSAGE
60991,-0.8495951,-3.6362634,20,GraphSAGE
49837,4.8291826,1.3177592,16,GraphSAGE
39762,-2.788871,0.8110683,10,GraphSAGE
43780,-0.6607971,-1.2509937,14,GraphSAGE
62223,3.5957832,0.13699234,24,GraphSAGE
23792,-2.3416066,0.5470681,24,GraphSAGE
128077,4.7636,-1.9131378,16,GraphSAGE
76686,-0.533924,1.5871974,26,GraphSAGE
125559,1.6228368,0.71258426,16,GraphSAGE
57041,-0.58786154,1.333032,24,GraphSAGE
120156,2.7110357,0.5197238,16,GraphSAGE
28541,-1.9490957,1.429614,26,GraphSAGE
133471,-1.3355422,3.3194418,24,GraphSAGE
113178,4.5081,-2.6869195,27,GraphSAGE
27570,4.5912056,-1.4722836,16,GraphSAGE
121498,-0.2747507,2.3254046,30,GraphSAGE
116267,-1.1567311,0.64339375,34,GraphSAGE
140871,-1.5738981,0.85705614,24,GraphSAGE
30322,-3.7083106,-3.684392,8,GraphSAGE
84519,-0.6059011,2.5587373,10,GraphSAGE
52940,-2.3754888,-4.3818564,34,GraphSAGE
47169,3.4517882,0.45063496,16,GraphSAGE
63429,-0.9901864,2.315926,30,GraphSAGE
31689,-1.0591564,-1.067587,13,GraphSAGE
45787,-1.154944,1.7429839,31,GraphSAGE
25028,-0.5063252,-2.2538528,23,GraphSAGE
128103,-1.5567074,0.00010955334,23,GraphSAGE
169245,-2.1786625,4.2391415,30,GraphSAGE
16558,0.64901716,2.8992457,30,GraphSAGE
18144,-2.1804752,2.9972043,10,GraphSAGE
89961,5.341269,-2.1854932,16,GraphSAGE
43749,4.295028,-3.6030617,16,GraphSAGE
117146,-2.1637094,2.0097456,37,GraphSAGE
142732,-1.7050176,1.5453402,24,GraphSAGE
36467,4.0923953,0.57342553,24,GraphSAGE
119017,-0.4350826,-0.6786572,4,GraphSAGE
18433,-0.5943091,0.53697956,24,GraphSAGE
100031,-1.1204479,3.225986,31,GraphSAGE
59685,0.6234141,2.976654,24,GraphSAGE
31734,1.548626,0.7594662,24,GraphSAGE
62132,3.5258863,1.9849857,16,GraphSAGE
21142,2.1399255,-1.5293322,8,GraphSAGE
55798,3.9225326,-1.8909938,16,GraphSAGE
118926,-0.85566634,-0.6969881,24,GraphSAGE
95284,2.632808,-0.56661534,16,GraphSAGE
34406,0.8928203,-3.470478,1,GraphSAGE
84675,1.7093806,-2.4615164,3,GraphSAGE
73745,-2.16261,-1.2519622,2,GraphSAGE
78143,-2.433704,2.53124,3,GraphSAGE
117635,-2.6307592,-2.8079405,9,GraphSAGE
7516,5.449439,-3.4819927,16,GraphSAGE
80702,-0.9987922,3.4183846,30,GraphSAGE
59240,-1.9523461,-1.1848446,5,GraphSAGE
129545,5.5552807,-3.3053741,16,GraphSAGE
100403,-2.8194027,-2.6686032,11,GraphSAGE
67656,1.8397725,-0.18463707,27,GraphSAGE
96003,5.030629,-3.5743165,16,GraphSAGE
59552,-3.1678882,-4.172477,15,GraphSAGE
112381,2.3141341,1.521834,24,GraphSAGE
153273,-2.2636561,2.5875678,23,GraphSAGE
148224,3.2154706,-1.2990355,24,GraphSAGE
107084,0.3570785,-3.0448623,20,GraphSAGE
124228,1.5282593,-0.8441246,24,GraphSAGE
105677,-0.49810418,4.6044955,30,GraphSAGE
69729,0.6025408,-2.8072171,27,GraphSAGE
161013,1.729043,2.1855354,24,GraphSAGE
48604,-3.2366889,-1.4382186,23,GraphSAGE
100503,-0.23703152,3.1870823,24,GraphSAGE
122926,-1.1128623,3.5366073,30,GraphSAGE
136910,-2.2177553,1.5224262,24,GraphSAGE
31380,0.5043402,3.633438,30,GraphSAGE
101767,0.109610826,2.0616746,25,GraphSAGE
72876,-2.6033182,-3.480063,8,GraphSAGE
68520,-3.3944213,-2.065017,34,GraphSAGE
144115,1.7393019,1.5247301,24,GraphSAGE
125075,0.20112383,2.0258899,13,GraphSAGE
119743,3.0760481,1.924369,16,GraphSAGE
103835,-2.8182278,2.144434,24,GraphSAGE
114993,2.4046638,2.415938,24,GraphSAGE
131686,-1.3511055,-0.6938722,26,GraphSAGE
128085,-0.40567598,1.9998943,26,GraphSAGE
9808,2.30915,1.1393982,16,GraphSAGE
114697,2.491513,1.0816079,13,GraphSAGE
76339,1.662828,-1.1743721,16,GraphSAGE
45815,-2.1113482,1.6975526,30,GraphSAGE
142879,0.25936082,2.483901,24,GraphSAGE
79296,-2.128523,-0.30005074,22,GraphSAGE
75396,5.3297544,-2.2414246,16,GraphSAGE
2625,2.5133448,0.67215407,16,GraphSAGE
156082,-2.2367442,1.8394512,24,GraphSAGE
95969,1.1938288,1.9562718,24,GraphSAGE
8420,1.4354689,0.08945203,24,GraphSAGE
97764,-4.393077,-3.025816,4,GraphSAGE
101766,3.262776,-1.1145061,16,GraphSAGE
115006,-1.0015866,4.021675,30,GraphSAGE
36891,5.5298243,-3.5048723,16,GraphSAGE
39136,-2.7781868,-2.5877242,4,GraphSAGE
95084,1.4767249,0.7816652,24,GraphSAGE
117543,-4.610225,-1.6650832,39,GraphSAGE
11063,3.5420675,0.03090477,24,GraphSAGE
154832,-1.3288841,0.5633074,24,GraphSAGE
67524,-0.24270442,-0.9411549,27,GraphSAGE
146952,0.38231856,3.561842,24,GraphSAGE
76711,-1.6873612,2.4625554,10,GraphSAGE
81960,3.067553,-2.4309988,16,GraphSAGE
78005,-3.0961924,-3.4638572,34,GraphSAGE
15846,-3.7088032,-3.679738,28,GraphSAGE
158635,-2.6049929,1.670328,31,GraphSAGE
44895,0.50961065,2.532968,24,GraphSAGE
70094,-0.15754303,-3.2565045,20,GraphSAGE
149515,-3.1438804,-2.8790946,4,GraphSAGE
81491,2.786355,0.4942701,16,GraphSAGE
5102,-0.8193379,2.8912,30,GraphSAGE
83180,0.37883765,1.4436926,24,GraphSAGE
84648,-3.2372017,0.55434763,24,GraphSAGE
79462,-0.12768382,0.5095109,5,GraphSAGE
93955,3.6818848,0.4013219,16,GraphSAGE
17228,-1.1152698,3.2718148,24,GraphSAGE
131719,3.693149,-0.80695677,30,GraphSAGE
30288,-1.7425296,-1.0515139,24,GraphSAGE
122343,4.9482555,-0.45126325,17,GraphSAGE
149523,-2.5736744,-1.1268622,22,GraphSAGE
114531,-1.6565921,-4.170835,15,GraphSAGE
27557,1.6873755,-2.108173,3,GraphSAGE
144128,1.4846909,3.7646275,24,GraphSAGE
115132,-2.4167275,0.6476058,26,GraphSAGE
122837,4.4044743,-2.9629211,27,GraphSAGE
36930,1.2770636,2.3053646,25,GraphSAGE
129416,4.387451,0.35343218,30,GraphSAGE
69747,0.16281468,0.88425505,4,GraphSAGE
26319,3.4464552,-1.476916,16,GraphSAGE
107865,-1.9903932,0.094954014,31,GraphSAGE
28517,-2.274139,0.5099919,19,GraphSAGE
104344,-3.6931698,-1.4394684,2,GraphSAGE
30183,-0.6585332,1.7990113,26,GraphSAGE
51637,-2.6652944,-1.0044953,2,GraphSAGE
98703,4.6895375,-1.2511314,16,GraphSAGE
29810,3.9717183,-1.0941415,16,GraphSAGE
67596,-2.3850062,3.0913754,24,GraphSAGE
86716,-3.0395434,-2.1511521,28,GraphSAGE
20426,3.121831,0.4927683,16,GraphSAGE
123674,-0.56994796,0.25899827,5,GraphSAGE
52567,-1.9302335,5.826427,30,GraphSAGE
60855,3.6335006,-0.031639576,25,GraphSAGE
135950,0.17986825,-3.6947107,34,GraphSAGE
150825,0.5913113,3.3756204,16,GraphSAGE
99176,1.1338875,4.0190315,14,GraphSAGE
70173,-0.8769639,4.702395,24,GraphSAGE
64991,5.3176193,-1.9307961,16,GraphSAGE
36559,0.89900655,0.7758796,24,GraphSAGE
75565,3.8160858,0.8848096,16,GraphSAGE
14452,0.48018914,2.7810664,24,GraphSAGE
167802,3.9824357,-2.0748577,16,GraphSAGE
55755,-0.8022202,0.3753829,16,GraphSAGE
166646,-2.2282481,-2.4948466,34,GraphSAGE
151632,-3.8053117,-4.0183406,5,GraphSAGE
100016,1.7980888,1.8348728,27,GraphSAGE
138301,-2.3703206,-1.7251351,33,GraphSAGE
104301,-1.1764903,3.2928815,30,GraphSAGE
99036,-1.792583,3.098526,24,GraphSAGE
138250,3.5661125,-1.8163869,16,GraphSAGE
128128,-2.4572616,-1.515797,26,GraphSAGE
165230,-3.1898363,-0.96208763,37,GraphSAGE
32845,6.8085704,-1.240003,16,GraphSAGE
127667,1.016211,0.48048878,30,GraphSAGE
100330,3.2576058,2.0713363,16,GraphSAGE
105634,1.3608575,0.80208397,24,GraphSAGE
85903,4.2122855,0.1963867,16,GraphSAGE
42244,-1.995192,-4.970641,4,GraphSAGE
145589,2.2549052,0.955572,24,GraphSAGE
58336,-2.0112696,-2.4849195,4,GraphSAGE
91177,-1.3345561,3.420216,10,GraphSAGE
24533,-2.910722,-2.726953,28,GraphSAGE
31602,3.683847,-0.3610865,25,GraphSAGE
24525,-3.16206,-3.4635549,28,GraphSAGE
10234,-3.0043235,-0.5274071,2,GraphSAGE
149397,-2.630765,-1.1829385,5,GraphSAGE
25014,-0.23049793,-1.771096,20,GraphSAGE
56992,-1.3977554,2.0578966,24,GraphSAGE
7682,0.67315257,2.6835823,24,GraphSAGE
90036,-2.2142682,0.70022595,31,GraphSAGE
38268,0.18342799,2.8082962,24,GraphSAGE
6396,-3.6404681,-0.93760407,28,GraphSAGE
155977,-1.3893552,-3.9925523,34,GraphSAGE
139580,-0.25527906,2.9010653,27,GraphSAGE
149561,1.3018792,2.9695978,10,GraphSAGE
106553,4.5836344,-3.4940157,16,GraphSAGE
82793,4.7797194,-1.7860782,16,GraphSAGE
61787,0.007531211,2.4837909,24,GraphSAGE
35523,3.7140105,-1.9150093,16,GraphSAGE
167660,0.35042793,-1.4021304,27,GraphSAGE
167423,0.061879203,-1.8622911,27,GraphSAGE
45839,-2.0326216,-1.6542115,34,GraphSAGE
33034,1.1424835,-0.012468219,24,GraphSAGE
137453,0.41987324,2.5768404,10,GraphSAGE
25874,2.3254538,1.1227268,16,GraphSAGE
168041,-1.1228349,5.0131183,24,GraphSAGE
5913,-0.3618184,0.75855494,27,GraphSAGE
14279,4.51019,-1.0246587,16,GraphSAGE
97879,0.8196345,2.736186,24,GraphSAGE
133581,-1.0684738,1.0323907,30,GraphSAGE
149046,1.2450421,1.2257117,27,GraphSAGE
31537,-2.107971,-0.21231902,10,GraphSAGE
71522,0.59724534,-0.9082855,27,GraphSAGE
116219,-1.7421832,3.5922422,24,GraphSAGE
125090,1.9641514,2.9916077,24,GraphSAGE
91180,4.1470976,-3.1311893,16,GraphSAGE
12863,-1.4985461,-2.3548412,39,GraphSAGE
115984,0.95205826,3.5831947,30,GraphSAGE
14420,0.48727822,2.1759677,25,GraphSAGE
18485,-1.8999689,1.0595785,2,GraphSAGE
63085,3.768222,0.118272424,16,GraphSAGE
31599,4.3876615,-2.3745813,17,GraphSAGE
58225,-3.031912,-3.3986335,4,GraphSAGE
45075,-3.161341,1.7237283,24,GraphSAGE
62179,1.3044457,3.2434258,24,GraphSAGE
138278,-1.3377028,-5.719731,32,GraphSAGE
73659,-1.3778479,3.5436912,10,GraphSAGE
73680,0.07106684,4.6173577,30,GraphSAGE
77678,-2.9635885,-0.59257865,39,GraphSAGE
122750,3.6381547,1.0836495,16,GraphSAGE
113173,-3.6215594,-0.11445719,19,GraphSAGE
70211,-4.3289876,-2.9115834,5,GraphSAGE
155522,-1.253252,-2.7503204,19,GraphSAGE
35127,3.3347976,0.6051644,16,GraphSAGE
144045,0.42412376,-1.2825953,30,GraphSAGE
154554,-3.8252485,-3.2121954,5,GraphSAGE
87179,3.3563251,-3.1266255,27,GraphSAGE
62266,-0.71209157,2.6860347,30,GraphSAGE
87282,-2.211669,-2.517816,28,GraphSAGE
48587,-2.139361,-1.2514603,34,GraphSAGE
127693,2.419975,0.7918,24,GraphSAGE
147867,-1.6294408,4.0204997,30,GraphSAGE
20967,-3.4557076,-1.8524791,28,GraphSAGE
100391,-1.4863322,-0.3222617,30,GraphSAGE
150805,-2.5490901,0.12683451,2,GraphSAGE
58250,4.260471,-2.805138,16,GraphSAGE
134855,4.7470827,-2.759239,16,GraphSAGE
99148,1.7797847,-0.8310184,24,GraphSAGE
167956,5.836554,-3.4184108,24,GraphSAGE
20970,1.0460508,-1.1652017,27,GraphSAGE
133144,0.9757082,0.6233556,16,GraphSAGE
86788,4.9174576,-1.2574561,16,GraphSAGE
160043,-2.0097895,-0.16458225,34,GraphSAGE
20996,0.58055437,5.122557,24,GraphSAGE
138805,-1.1581336,2.9634786,31,GraphSAGE
108237,-2.751978,-0.25081664,34,GraphSAGE
15642,4.6032395,-3.5839028,16,GraphSAGE
32509,4.885357,-3.2801094,16,GraphSAGE
154362,-0.6694353,-1.1630038,10,GraphSAGE
32406,0.35555965,1.8190564,24,GraphSAGE
46310,-0.97931975,3.4677906,24,GraphSAGE
168811,3.2296975,-1.3990728,16,GraphSAGE
31042,0.8127024,0.13159907,24,GraphSAGE
126858,0.80873746,3.3720083,30,GraphSAGE
166340,-2.592269,-1.9261587,23,GraphSAGE
46441,-4.5608797,-4.159433,5,GraphSAGE
154775,2.503469,0.7587615,24,GraphSAGE
166078,1.4642663,0.32763112,24,GraphSAGE
10229,-2.1177728,-1.3738537,10,GraphSAGE
158243,3.9691315,-2.088129,16,GraphSAGE
71498,-3.2304752,-0.6064092,34,GraphSAGE
126939,-0.5311816,2.8551803,30,GraphSAGE
63626,-2.207405,3.2840405,10,GraphSAGE
113597,0.29652256,2.678493,24,GraphSAGE
91179,-1.532341,4.2146096,30,GraphSAGE
139663,-1.1091598,-1.7081816,24,GraphSAGE
146825,-3.4158866,2.0863643,30,GraphSAGE
11447,4.310917,-0.6640812,30,GraphSAGE
85849,-1.0855191,-1.6355343,27,GraphSAGE
115950,5.013593,-3.325935,16,GraphSAGE
167937,-0.56424016,1.8163501,26,GraphSAGE
150305,0.18315926,3.254766,30,GraphSAGE
166568,-0.30002284,1.3688325,34,GraphSAGE
1152,0.7366892,-0.35620636,24,GraphSAGE
9796,-0.52143526,3.5645347,31,GraphSAGE
45865,0.5729261,1.0104398,24,GraphSAGE
19323,2.6522706,-2.1590743,16,GraphSAGE
146372,-4.7213583,-3.4571848,36,GraphSAGE
134448,3.863916,-2.1644242,16,GraphSAGE
166149,2.3608098,-2.8353496,17,GraphSAGE
149638,-1.0811062,-1.274848,14,GraphSAGE
50297,-2.619511,1.5644213,24,GraphSAGE
7503,-2.4006162,-1.1207408,23,GraphSAGE
62318,-0.40185505,-1.0238,24,GraphSAGE
144990,-1.13166,1.8699948,5,GraphSAGE
84058,-2.7053456,-0.9263193,6,GraphSAGE
48978,-3.4630337,-3.0172882,39,GraphSAGE
87289,4.195645,-2.43966,16,GraphSAGE
113424,-1.11056,5.0161724,30,GraphSAGE
32944,-2.47477,0.7388035,6,GraphSAGE
6389,-0.9756654,0.44138396,27,GraphSAGE
105747,-2.937159,-1.2031245,11,GraphSAGE
153418,-4.005527,-2.4241104,4,GraphSAGE
76829,2.483929,-1.5554485,16,GraphSAGE
158771,-3.2774684,-2.9177685,34,GraphSAGE
59569,-1.7892647,2.9039521,24,GraphSAGE
85851,1.7664132,3.8736916,24,GraphSAGE
32993,-1.7859685,2.7287416,24,GraphSAGE
5950,-0.56192565,0.56580436,24,GraphSAGE
58388,0.83388525,0.40623772,16,GraphSAGE
68965,-0.75470376,2.030764,24,GraphSAGE
22017,2.9539301,1.9227899,16,GraphSAGE
68872,5.2280636,-3.4090767,16,GraphSAGE
58169,-2.5103774,-1.6016324,1,GraphSAGE
101746,1.4562511,-1.0190824,16,GraphSAGE
141522,-4.2663703,-4.2247596,28,GraphSAGE
139945,-3.6140997,-3.8659859,27,GraphSAGE
158649,4.3192987,-1.2988486,16,GraphSAGE
104390,-4.0735736,-3.7797942,28,GraphSAGE
93774,4.5281615,-2.2717724,16,GraphSAGE
13027,-3.12353,-3.8657408,34,GraphSAGE
39691,-3.2712877,-3.519936,34,GraphSAGE
155976,-1.0424112,3.1331081,30,GraphSAGE
66950,2.5945203,-1.5463558,16,GraphSAGE
130258,1.1260047,1.8559257,25,GraphSAGE
36534,-3.3922608,-3.894638,8,GraphSAGE
162235,-0.11104359,1.7378355,24,GraphSAGE
32468,1.3565717,-1.6610475,16,GraphSAGE
151969,-0.54112995,3.5546885,30,GraphSAGE
82048,-4.747243,-0.6231466,24,GraphSAGE
15765,3.4291081,0.45437598,16,GraphSAGE
162707,1.0395985,2.2938004,30,GraphSAGE
55637,-1.0124099,3.8673615,30,GraphSAGE
79317,4.670253,-1.2250626,16,GraphSAGE
30354,3.4591346,-0.5287981,16,GraphSAGE
92449,-1.409647,3.711873,30,GraphSAGE
23204,-3.2011178,-2.84023,28,GraphSAGE
72044,4.775649,-1.8327084,16,GraphSAGE
35015,-2.7452588,-3.2923007,4,GraphSAGE
149480,-1.8613265,0.58180845,8,GraphSAGE
84089,-3.2054167,-1.4145942,8,GraphSAGE
154224,4.5612254,-3.1147604,16,GraphSAGE
74259,-3.114885,-1.9811399,4,GraphSAGE
93728,-2.9964128,-1.2596061,23,GraphSAGE
6377,0.3432727,2.3922048,24,GraphSAGE
22350,0.28353587,2.5975118,24,GraphSAGE
99193,-2.1386962,2.6817327,24,GraphSAGE
126892,2.8765094,-2.0068455,16,GraphSAGE
60857,-0.67618644,3.2708788,30,GraphSAGE
18477,4.368636,-0.9436349,16,GraphSAGE
107111,-2.7993457,-3.9196043,4,GraphSAGE
100473,2.276165,-1.1586126,16,GraphSAGE
26414,2.8774335,-2.4448862,16,GraphSAGE
93419,-0.6619526,3.684516,24,GraphSAGE
110949,-1.8947127,-0.4614185,26,GraphSAGE
69804,1.3619785,2.6024046,24,GraphSAGE
74997,-0.24768879,-0.5263596,4,GraphSAGE
81583,5.271849,-1.5111444,16,GraphSAGE
84012,1.6243689,-0.5327669,16,GraphSAGE
150756,2.6818845,-0.18959504,27,GraphSAGE
169168,-1.9335907,1.6133989,24,GraphSAGE
11044,-2.5372603,0.2044934,24,GraphSAGE
140152,-2.357579,-3.680921,32,GraphSAGE
117580,3.0384276,-2.777733,16,GraphSAGE
49094,-3.4649944,-3.931068,28,GraphSAGE
113580,-0.18705566,3.918476,30,GraphSAGE
46265,-2.2611446,-1.3931174,2,GraphSAGE
11435,2.81652,-3.4516516,16,GraphSAGE
134751,-0.6310575,-0.8079325,4,GraphSAGE
35680,-4.127697,-4.376261,28,GraphSAGE
128015,-1.6210089,0.75603557,13,GraphSAGE
141434,4.3672585,-2.587358,16,GraphSAGE
19628,1.9661424,3.0380244,24,GraphSAGE
21071,1.61251,2.0979972,24,GraphSAGE
67443,0.38091558,2.3330998,24,GraphSAGE
162708,-2.884976,-1.5537763,8,GraphSAGE
59625,-2.9995,-1.335974,28,GraphSAGE
150302,-3.2837863,1.81561,8,GraphSAGE
68410,2.3210564,3.11701,30,GraphSAGE
146387,1.0590999,1.9451543,13,GraphSAGE
97753,1.1653421,-0.37165123,27,GraphSAGE
117432,-1.9609776,3.8547196,30,GraphSAGE
157351,0.97846454,1.4788996,24,GraphSAGE
102642,-2.4026942,-3.3062005,28,GraphSAGE
91081,-2.504941,1.4770755,36,GraphSAGE
39674,-1.7398555,-0.37692755,23,GraphSAGE
77897,2.0199203,-1.2558098,16,GraphSAGE
81495,-3.4079866,-1.9616015,4,GraphSAGE
130676,0.058495045,1.6555094,6,GraphSAGE
63066,3.9494762,0.68370736,16,GraphSAGE
16661,0.08848128,4.912545,30,GraphSAGE
19326,-1.943371,1.9722391,34,GraphSAGE
60520,1.1185107,4.04317,24,GraphSAGE
93437,2.472794,1.4045535,24,GraphSAGE
141104,4.622527,-2.160266,16,GraphSAGE
154571,0.9373252,1.9897319,24,GraphSAGE
166506,4.630901,-2.9026508,16,GraphSAGE
149516,-0.6402351,1.2752973,24,GraphSAGE
30325,-4.1961007,-4.2343087,31,GraphSAGE
136973,-3.0581272,-4.9852943,28,GraphSAGE
137404,2.5223427,-0.92693466,10,GraphSAGE
127641,-1.0251846,-0.27355474,27,GraphSAGE
154668,1.2955854,1.171589,16,GraphSAGE
12840,0.94808584,-0.3757605,24,GraphSAGE
154756,-2.3604302,-2.0316637,6,GraphSAGE
39221,-3.1755078,-3.6499653,28,GraphSAGE
85997,5.1168413,-3.1909876,16,GraphSAGE
35133,4.5422463,-2.6470025,16,GraphSAGE
80193,-2.385873,-2.6006908,36,GraphSAGE
24636,-0.04138823,-2.136507,20,GraphSAGE
125015,3.0794654,-1.7944431,16,GraphSAGE
70140,-2.0660691,1.3483695,24,GraphSAGE
26295,-2.7007632,-2.7680187,28,GraphSAGE
108260,4.460596,0.18643439,16,GraphSAGE
43748,4.967769,-1.8131442,16,GraphSAGE
9527,-3.336157,-2.9384074,10,GraphSAGE
91150,2.3512955,-0.6742438,38,GraphSAGE
136960,-0.5684948,0.793434,27,GraphSAGE
60463,-0.3185085,4.5706196,30,GraphSAGE
158641,1.3419211,1.857925,24,GraphSAGE
141364,3.324334,1.8009578,16,GraphSAGE
141450,2.199634,-0.7683804,16,GraphSAGE
53827,-3.7553294,-1.3882953,19,GraphSAGE
150550,3.3360617,-2.8411336,16,GraphSAGE
126772,1.5299752,1.4304203,31,GraphSAGE
91284,3.1097527,-1.8005811,16,GraphSAGE
1189,2.3292124,0.24354184,24,GraphSAGE
72855,-0.22138041,0.9570471,24,GraphSAGE
75403,-0.8008337,2.6145906,30,GraphSAGE
32954,3.2990928,-2.0101829,16,GraphSAGE
80196,5.6435394,-4.5522275,16,GraphSAGE
39168,-0.4780556,2.3005733,10,GraphSAGE
137031,5.5995164,-4.3627877,16,GraphSAGE
24930,-3.4621623,-0.8889469,36,GraphSAGE
119849,-2.5194745,-0.0102247,36,GraphSAGE
54332,-3.559347,-3.1318026,28,GraphSAGE
161368,-0.18818979,3.4425654,30,GraphSAGE
13839,-4.314589,-3.8237906,8,GraphSAGE
90797,-1.6988637,0.68896353,19,GraphSAGE
146869,4.007556,-2.461509,16,GraphSAGE
109581,-2.8724217,-3.7622647,28,GraphSAGE
150426,0.14943108,5.199502,24,GraphSAGE
6306,-3.7802427,-2.8897014,2,GraphSAGE
99154,5.028755,0.20799899,16,GraphSAGE
165179,-2.0638745,1.1822838,24,GraphSAGE
157256,2.3753042,0.8471552,16,GraphSAGE
93439,-0.060754955,3.5334969,37,GraphSAGE
148178,4.305589,-3.7710423,16,GraphSAGE
148301,4.9075975,-1.875942,16,GraphSAGE
17105,-1.4725466,3.6012778,30,GraphSAGE
63477,-0.6422647,3.3385253,30,GraphSAGE
136163,-2.08413,-4.1515265,4,GraphSAGE
152007,-2.9868808,-1.7635859,8,GraphSAGE
105656,3.683706,-1.1386817,27,GraphSAGE
8762,-2.9650412,-4.004019,8,GraphSAGE
159531,-2.8382454,-1.7464371,2,GraphSAGE
107900,-2.3452368,-0.8434068,37,GraphSAGE
17137,-1.1966491,-2.4023776,20,GraphSAGE
96422,5.650043,-3.3046675,16,GraphSAGE
29805,1.0436065,1.0358051,25,GraphSAGE
149404,-0.56684,-0.21965218,7,GraphSAGE
155938,4.393115,-1.4867512,16,GraphSAGE
133395,2.7332947,-3.3400784,16,GraphSAGE
84602,-3.016454,-0.9647596,10,GraphSAGE
163106,-2.360069,1.1253601,13,GraphSAGE
85836,1.317153,-0.69226575,3,GraphSAGE
162589,3.1487527,-1.0258293,16,GraphSAGE
122378,-3.2184627,-0.8231305,36,GraphSAGE
90814,-3.2227554,-2.9318457,4,GraphSAGE
125589,-1.8642943,-3.5544,28,GraphSAGE
35132,3.6692245,-3.0976105,16,GraphSAGE
138808,-3.111583,-2.3070517,28,GraphSAGE
63071,-1.0986667,-1.059969,5,GraphSAGE
155606,-2.5956717,-0.036604047,26,GraphSAGE
116390,3.9420915,-0.5032135,16,GraphSAGE
80677,-0.97936636,-0.14566481,23,GraphSAGE
27217,-0.9099296,-0.25128084,6,GraphSAGE
49859,-0.72629875,-1.7430136,4,GraphSAGE
15679,-0.5596,3.4194722,16,GraphSAGE
85830,0.99714917,2.9660306,24,GraphSAGE
60994,4.049216,-1.0558368,16,GraphSAGE
11521,-0.46167436,3.1352687,30,GraphSAGE
55767,0.5953826,0.9421128,25,GraphSAGE
155940,0.4038667,-0.26296133,25,GraphSAGE
51749,2.7522547,-3.5413246,16,GraphSAGE
59659,-3.048674,-1.4926502,9,GraphSAGE
89522,-0.9233097,3.2476158,30,GraphSAGE
56873,4.437884,-3.743835,16,GraphSAGE
161300,-4.350231,-0.038439274,4,GraphSAGE
47544,-1.13198,-0.93948483,37,GraphSAGE
165291,-2.7500806,-3.188398,5,GraphSAGE
62159,-2.131523,3.232184,30,GraphSAGE
91328,-1.4261675,4.072565,30,GraphSAGE
155904,-1.0588909,3.009582,26,GraphSAGE
72832,0.23607674,-5.010095,28,GraphSAGE
43797,-4.1547,-0.06090015,11,GraphSAGE
53775,-0.038448572,2.1752853,25,GraphSAGE
124933,-1.20449,2.915607,30,GraphSAGE
163953,-0.88260245,-2.6651592,7,GraphSAGE
117681,2.3184705,-1.2522593,16,GraphSAGE
150318,-1.7569675,-4.7304554,35,GraphSAGE
129437,-1.1746004,-1.4608213,20,GraphSAGE
149409,4.2870283,-1.8585107,16,GraphSAGE
61024,1.6917007,2.992803,24,GraphSAGE
101818,-1.9712706,2.5137944,24,GraphSAGE
166564,-3.9623349,-2.5215979,28,GraphSAGE
69759,-3.7608857,1.1585659,34,GraphSAGE
71088,4.923313,-1.6577957,16,GraphSAGE
66141,0.8298045,0.17856479,27,GraphSAGE
107143,-1.2329466,-3.563634,8,GraphSAGE
58193,-1.3020425,3.4176078,26,GraphSAGE
93403,-0.41242123,0.48647594,24,GraphSAGE
95160,3.0590875,-3.5772424,27,GraphSAGE
5094,-2.9546535,-0.40198433,2,GraphSAGE
139635,-3.0317004,-5.426059,8,GraphSAGE
128998,4.5183644,-2.9031858,16,GraphSAGE
17081,4.3614154,-1.3169763,16,GraphSAGE
157472,1.1024113,-0.40021884,27,GraphSAGE
31579,-3.2256465,0.5386504,36,GraphSAGE
35506,2.3329842,0.83586586,10,GraphSAGE
52380,4.6529684,-1.6968504,16,GraphSAGE
105608,0.94204146,3.7268,30,GraphSAGE
21057,0.06313966,3.9462047,30,GraphSAGE
76292,-0.38921908,0.70369554,18,GraphSAGE
94671,0.8081147,2.5179515,30,GraphSAGE
128147,-0.6383792,4.1188116,30,GraphSAGE
64434,-2.884572,-2.06391,3,GraphSAGE
129610,1.8067827,2.1014228,24,GraphSAGE
61784,4.0690627,-0.17390889,16,GraphSAGE
154194,3.0498831,-0.17884219,24,GraphSAGE
168829,4.3343673,-0.67830217,16,GraphSAGE
47251,-3.1060023,-2.7681484,5,GraphSAGE
80077,4.072596,-1.8245635,16,GraphSAGE
85798,-2.3621101,2.0852323,10,GraphSAGE
80613,-2.221171,-0.66047895,24,GraphSAGE
53015,-2.7312157,-1.2367246,34,GraphSAGE
157340,-1.8259671,3.5918622,24,GraphSAGE
129433,-4.025891,-3.1134553,28,GraphSAGE
27705,-1.17706,2.266285,13,GraphSAGE
149089,0.13864312,2.448388,24,GraphSAGE
130380,-3.528179,-1.9221008,24,GraphSAGE
147759,3.9131975,-2.731282,16,GraphSAGE
93395,3.5310385,-3.8671489,16,GraphSAGE
14290,-3.2899761,-3.48498,8,GraphSAGE
152902,4.462177,-3.7197695,16,GraphSAGE
75584,-3.3094676,-1.3447497,4,GraphSAGE
52920,-0.4284386,3.1909323,24,GraphSAGE
162747,-1.3770738,3.8704624,24,GraphSAGE
64879,-0.51661897,3.8238134,30,GraphSAGE
34256,1.9820762,1.5293785,24,GraphSAGE
7366,-2.632458,-2.5276341,22,GraphSAGE
71513,-1.6069999,3.3615942,24,GraphSAGE
160078,-1.1245115,0.4321077,4,GraphSAGE
23678,2.3269155,3.2069092,30,GraphSAGE
84646,-1.6280396,-0.6529944,13,GraphSAGE
111874,2.1313295,3.275931,24,GraphSAGE
132264,-0.047387436,1.4414767,24,GraphSAGE
17092,4.384983,-1.1714702,16,GraphSAGE
121617,-1.8918355,1.4523522,24,GraphSAGE
154777,-3.4720314,-4.7584558,4,GraphSAGE
137391,0.4223324,2.245173,30,GraphSAGE
32539,0.22979808,4.4667783,30,GraphSAGE
19850,1.7655976,1.64339,16,GraphSAGE
66099,4.8297973,-1.4595183,16,GraphSAGE
100021,1.2585027,0.34542727,24,GraphSAGE
74274,2.3015058,0.72164845,16,GraphSAGE
19251,0.40723854,2.721703,24,GraphSAGE
8446,0.13960144,2.909955,3,GraphSAGE
17938,3.3705783,0.41886044,16,GraphSAGE
121574,-1.2271044,2.2073302,30,GraphSAGE
16617,-1.1073056,1.4011222,37,GraphSAGE
113164,-1.4287748,-1.4030259,34,GraphSAGE
149616,2.0743067,1.9129015,24,GraphSAGE
5155,-4.05109,-3.4041057,28,GraphSAGE
143600,-1.3610787,-1.8839667,34,GraphSAGE
129454,1.918174,2.2165217,24,GraphSAGE
33748,-0.511912,3.0401616,24,GraphSAGE
67579,-0.15566787,4.29376,30,GraphSAGE
98695,2.262384,1.407998,16,GraphSAGE
149607,3.7340953,1.1143698,16,GraphSAGE
43236,4.545682,-1.0688894,16,GraphSAGE
55636,-3.4732378,-2.2529638,23,GraphSAGE
58150,0.67695606,-0.17429864,24,GraphSAGE
84618,-3.6552966,-2.8432446,28,GraphSAGE
8922,-3.4969237,-3.3535967,28,GraphSAGE
39716,-4.2468843,-2.526764,28,GraphSAGE
58318,-1.9471343,0.383855,24,GraphSAGE
55715,0.5693021,2.3588157,30,GraphSAGE
51767,-2.7159376,1.1665059,7,GraphSAGE
29772,3.970717,0.8125725,16,GraphSAGE
138771,-3.0546522,-2.91622,28,GraphSAGE
105251,-2.3772304,-0.5189768,9,GraphSAGE
22306,-0.8640106,2.0815368,31,GraphSAGE
12912,-3.322597,-3.1135464,28,GraphSAGE
28950,-1.2853136,4.726462,10,GraphSAGE
84450,-3.0075066,-1.4057343,23,GraphSAGE
68398,-3.8956547,-1.4468541,29,GraphSAGE
17156,1.6592641,-2.4616418,16,GraphSAGE
33830,6.09283,-2.991101,16,GraphSAGE
67111,-3.1376524,-2.8453317,5,GraphSAGE
161376,5.327507,-3.3802514,16,GraphSAGE
144072,-0.60376513,3.939313,24,GraphSAGE
35139,0.21084061,3.283454,24,GraphSAGE
4662,4.8251395,-1.5964446,16,GraphSAGE
109652,-1.157169,-0.701668,21,GraphSAGE
49043,0.53881145,2.1721635,24,GraphSAGE
31702,-2.143456,2.7473454,30,GraphSAGE
75400,-1.9650061,2.5463023,24,GraphSAGE
94810,2.1898298,4.163142,24,GraphSAGE
76772,-2.3886566,1.403057,24,GraphSAGE
35193,-1.492727,2.3541288,11,GraphSAGE
55317,-1.6141231,0.14574862,32,GraphSAGE
9800,-2.9998279,-1.8303294,34,GraphSAGE
76799,2.980495,-1.0523857,27,GraphSAGE
150791,-1.2155595,-0.48993903,38,GraphSAGE
135765,-0.529952,0.16315079,37,GraphSAGE
76867,-2.0917497,4.066789,24,GraphSAGE
134377,3.6147866,-1.0078933,16,GraphSAGE
76329,-3.771504,-2.6243916,8,GraphSAGE
168035,-0.6216761,2.9471111,30,GraphSAGE
143901,3.9317646,-1.0088909,16,GraphSAGE
135713,-0.85811645,1.9245898,24,GraphSAGE
28496,4.269402,-1.7732875,16,GraphSAGE
125602,0.5413336,0.66568124,25,GraphSAGE
104341,4.5157356,1.2672316,25,GraphSAGE
125226,-3.9220068,-1.552463,24,GraphSAGE
144198,0.16333261,1.9626085,24,GraphSAGE
96558,-2.770269,0.83145857,37,GraphSAGE
34381,1.590816,0.6367346,24,GraphSAGE
164015,0.27346307,2.5364146,24,GraphSAGE
724,3.7888718,-0.66953003,16,GraphSAGE
59093,3.2166471,-3.128099,16,GraphSAGE
11064,0.25381526,0.031540155,27,GraphSAGE
136184,-3.2184002,-2.550974,28,GraphSAGE
109434,4.2132764,-0.9070159,16,GraphSAGE
103117,0.23737994,3.0052638,30,GraphSAGE
91230,4.6384144,-1.4106288,16,GraphSAGE
72871,-3.0652962,-2.6201756,28,GraphSAGE
51311,-0.6882125,2.178464,24,GraphSAGE
26419,-2.0066724,-0.6225095,4,GraphSAGE
84498,-1.9465227,4.619301,30,GraphSAGE
162542,-1.9232285,3.230257,24,GraphSAGE
43826,-2.869489,-4.021266,8,GraphSAGE
122346,-0.92471105,2.1878328,24,GraphSAGE
62300,-0.49368727,1.9756771,24,GraphSAGE
26016,-1.8387747,-2.3357944,20,GraphSAGE
91094,-1.2244859,1.9464787,26,GraphSAGE
163480,0.2913956,-2.0169132,20,GraphSAGE
133552,4.450889,-2.0418615,16,GraphSAGE
17121,2.2996964,1.661775,16,GraphSAGE
122782,1.0374649,3.5632958,24,GraphSAGE
42265,2.2440586,-0.00795567,31,GraphSAGE
67609,-1.833466,0.7550075,10,GraphSAGE
47222,-0.99584883,1.7567381,30,GraphSAGE
42342,5.2175145,-2.1193485,17,GraphSAGE
100277,1.5585699,2.0108523,24,GraphSAGE
78935,-1.019763,3.0556736,13,GraphSAGE
60506,3.579876,-2.3678117,17,GraphSAGE
97442,-2.3417573,-3.3606887,9,GraphSAGE
150384,0.92170185,3.3044353,24,GraphSAGE
8384,2.5290008,1.9965428,24,GraphSAGE
85852,2.3148365,-0.50994426,16,GraphSAGE
4645,-0.54003084,0.15721941,27,GraphSAGE
75439,-3.0110998,-1.2603283,24,GraphSAGE
114987,0.052361026,1.8459052,24,GraphSAGE
60461,5.176726,-1.4620388,16,GraphSAGE
134346,-4.0629916,-3.8308043,28,GraphSAGE
62241,-2.1338067,-3.869607,29,GraphSAGE
89459,-0.87969863,1.7554861,24,GraphSAGE
121054,5.7483273,-3.108458,16,GraphSAGE
92002,-4.976634,-1.9777696,4,GraphSAGE
1236,2.8997529,1.6257795,16,GraphSAGE
118903,-1.1194916,1.0368451,24,GraphSAGE
41017,1.9616809,2.2792687,24,GraphSAGE
47260,2.9997106,-3.7139502,27,GraphSAGE
166075,-0.75634074,2.3012547,24,GraphSAGE
105780,-0.5148523,0.98995054,16,GraphSAGE
76760,4.0161448,-2.3967438,16,GraphSAGE
35731,-0.64749706,-0.3085317,36,GraphSAGE
99977,-3.0022345,-1.4749284,26,GraphSAGE
31566,-0.4706943,2.5375147,30,GraphSAGE
73863,-2.719854,-2.3708162,28,GraphSAGE
141186,-3.0078847,-4.114326,8,GraphSAGE
154430,-0.9260996,4.942786,30,GraphSAGE
157345,4.825875,-2.128804,16,GraphSAGE
154180,-0.26433808,4.4689655,13,GraphSAGE
141428,-3.8836129,-2.6781921,28,GraphSAGE
30194,-1.1982868,3.8428187,30,GraphSAGE
63592,-4.096722,-0.52387804,2,GraphSAGE
148246,-0.105386354,0.34725392,27,GraphSAGE
72814,-2.1197035,-2.5166383,34,GraphSAGE
29757,4.370587,-1.7200193,16,GraphSAGE
105673,-2.1831248,0.030447602,24,GraphSAGE
159556,3.741307,0.44124115,24,GraphSAGE
22437,0.61315435,1.9166211,24,GraphSAGE
138275,1.2665777,2.3369322,28,GraphSAGE
159928,-1.5776119,4.6623006,24,GraphSAGE
113242,4.0698504,-4.1939416,16,GraphSAGE
64810,2.8884544,-3.204595,27,GraphSAGE
10161,-3.050521,-1.670399,34,GraphSAGE
133428,-0.7908986,3.5433197,30,GraphSAGE
7336,4.110971,-0.6966691,16,GraphSAGE
28932,0.20063171,1.1566967,24,GraphSAGE
26420,-0.653147,0.16810298,24,GraphSAGE
28977,-1.0802467,2.4723868,27,GraphSAGE
55175,4.5879173,-3.0522337,27,GraphSAGE
14286,0.84517306,-0.047699213,20,GraphSAGE
122913,0.56589824,2.8506618,30,GraphSAGE
19721,3.4867718,1.5884267,16,GraphSAGE
155526,-0.36515272,1.0396017,2,GraphSAGE
121603,0.7643628,2.9485717,24,GraphSAGE
105194,-2.0717013,-2.9311347,19,GraphSAGE
34217,3.949966,-1.8013037,16,GraphSAGE
101305,6.29919,-2.8469028,17,GraphSAGE
35662,-3.862797,-2.0495706,26,GraphSAGE
67009,0.909105,3.753777,24,GraphSAGE
59656,-0.4682173,3.5860882,24,GraphSAGE
50347,-3.2248533,-2.8962245,4,GraphSAGE
75491,-3.3658028,-3.6389012,28,GraphSAGE
115902,-1.0135057,2.2912111,24,GraphSAGE
121554,3.6727364,-4.278982,16,GraphSAGE
87225,4.3880095,-2.6531777,17,GraphSAGE
81882,-0.5193637,0.4678855,24,GraphSAGE
32938,-1.1824417,0.2575072,28,GraphSAGE
122297,4.693096,-2.2672253,16,GraphSAGE
53444,-0.6077795,-3.2046008,7,GraphSAGE
42232,-1.1258473,1.912115,24,GraphSAGE
162598,-0.18706292,2.9043717,13,GraphSAGE
119771,0.25922993,0.6175014,24,GraphSAGE
88527,2.306679,1.1631323,25,GraphSAGE
64370,3.7915068,-3.500667,16,GraphSAGE
68789,-0.16198802,2.9580894,30,GraphSAGE
15573,-4.007058,-2.8668594,28,GraphSAGE
7184,-1.1094344,-1.5350145,19,GraphSAGE
133027,-4.1930237,-0.9710548,19,GraphSAGE
165211,-1.6167035,0.40809643,26,GraphSAGE
167415,4.1424446,-1.3959486,16,GraphSAGE
161447,-0.33672482,1.0924228,24,GraphSAGE
133463,-1.0543305,-1.0810279,34,GraphSAGE
43746,4.699427,-0.8627552,16,GraphSAGE
139578,-3.2672782,-4.8435907,8,GraphSAGE
11012,-0.4127779,0.8515893,30,GraphSAGE
24536,1.3580253,2.790699,24,GraphSAGE
4637,4.681017,-2.6057944,16,GraphSAGE
27630,-5.0425854,-4.2677803,28,GraphSAGE
55694,-4.412497,-2.1230097,28,GraphSAGE
133470,-1.4637034,-3.1913939,5,GraphSAGE
121376,-3.966431,-3.1196995,36,GraphSAGE
105650,2.7192285,-0.8428064,16,GraphSAGE
55231,-3.8568733,-0.4236319,28,GraphSAGE
5917,3.4282546,0.40152812,16,GraphSAGE
166638,-1.114892,3.9589143,30,GraphSAGE
125538,2.2557197,0.30720675,24,GraphSAGE
137482,1.2903056,0.0691843,24,GraphSAGE
71038,-2.7375934,0.6514684,22,GraphSAGE
14330,-1.6143098,4.290604,30,GraphSAGE
699,-4.3022795,-1.8717341,8,GraphSAGE
36983,-1.7621093,-0.8254238,34,GraphSAGE
8815,5.156808,-3.8358388,16,GraphSAGE
82818,-0.36567634,3.3036146,24,GraphSAGE
11238,-1.421391,-3.123766,28,GraphSAGE
45902,5.0946345,-2.8132067,16,GraphSAGE
86742,0.24877864,-0.026946902,24,GraphSAGE
50300,-2.5313263,-2.4980369,34,GraphSAGE
25100,1.663178,-0.30150712,7,GraphSAGE
53085,2.6677797,1.6829671,16,GraphSAGE
15775,4.4596353,-0.23641276,16,GraphSAGE
148215,-0.33476394,-3.6609783,20,GraphSAGE
142582,-1.6718059,2.851891,30,GraphSAGE
92496,-0.18029086,0.04730034,24,GraphSAGE
23740,-3.5335765,-3.3177123,28,GraphSAGE
43708,-0.946776,2.0235171,30,GraphSAGE
144956,-4.1837897,-3.2884536,5,GraphSAGE
36511,0.052249968,1.388847,13,GraphSAGE
80126,-2.5600026,-4.167365,34,GraphSAGE
27605,3.4875762,0.363891,27,GraphSAGE
130346,3.954368,-0.31578493,16,GraphSAGE
115952,2.504273,0.9537636,16,GraphSAGE
121528,1.1844237,0.5664706,16,GraphSAGE
38358,-4.272955,-3.1330485,28,GraphSAGE
52585,0.440592,-2.9963756,34,GraphSAGE
64401,3.6021192,-0.82577354,16,GraphSAGE
67571,-1.8795872,4.40878,30,GraphSAGE
151681,3.0135148,-5.593377,27,GraphSAGE
133408,-1.0743285,-0.18336761,4,GraphSAGE
146845,-0.8846654,-3.0894804,28,GraphSAGE
134845,-2.3072608,0.34630048,28,GraphSAGE
110543,2.2658312,0.61522186,6,GraphSAGE
165329,-1.7597544,5.0518074,30,GraphSAGE
52992,-3.2388403,-1.4814577,4,GraphSAGE
57760,0.26757613,3.4840403,24,GraphSAGE
124092,-1.3184605,2.4415789,23,GraphSAGE
109187,-0.64335537,3.5144086,30,GraphSAGE
59723,-1.3753364,4.0767164,30,GraphSAGE
8485,-4.238269,-3.107761,37,GraphSAGE
34309,0.4748838,1.3707837,24,GraphSAGE
68883,-1.0684419,2.6685314,30,GraphSAGE
29067,-3.0870733,4.5050073,24,GraphSAGE
75100,-3.2971032,2.1804729,36,GraphSAGE
48607,1.606524,3.2599406,25,GraphSAGE
51738,-3.7690587,1.7100936,26,GraphSAGE
52541,-0.80108684,3.514285,24,GraphSAGE
158141,0.8383239,2.2987351,24,GraphSAGE
19700,-1.7865198,1.4452063,27,GraphSAGE
118433,0.22753689,-3.574479,28,GraphSAGE
110948,0.71018463,1.1005343,16,GraphSAGE
15737,3.2869537,0.957955,30,GraphSAGE
17239,0.70791256,-3.3209195,20,GraphSAGE
84065,-1.6628282,3.0887084,10,GraphSAGE
164011,-2.61622,0.42956042,8,GraphSAGE
161411,-2.1326387,-1.296062,4,GraphSAGE
3829,-0.08812213,3.2600265,24,GraphSAGE
160126,-1.3181756,0.88821256,24,GraphSAGE
732,-3.723985,-2.3019123,19,GraphSAGE
105714,-0.45505604,3.3077836,24,GraphSAGE
129430,-3.0598028,-2.8169386,28,GraphSAGE
111085,-2.557519,-4.242747,8,GraphSAGE
48521,-0.33135432,3.3314543,30,GraphSAGE
81502,3.9926372,-0.06560522,16,GraphSAGE
167481,-1.6103222,2.1998692,24,GraphSAGE
89888,-2.984229,0.68512774,24,GraphSAGE
82039,0.19367623,0.41994298,13,GraphSAGE
166521,-3.6504982,-2.9846473,28,GraphSAGE
25889,-3.2100432,-1.4049298,24,GraphSAGE
29001,4.2768955,-3.716948,16,GraphSAGE
93749,-1.8687084,-1.9191303,6,GraphSAGE
134898,4.360055,-2.4941888,16,GraphSAGE
115121,1.874553,-0.28488576,24,GraphSAGE
18450,0.8171948,-0.5864624,24,GraphSAGE
73770,-2.608798,0.16408563,24,GraphSAGE
107896,-0.13020349,-1.2406479,20,GraphSAGE
36851,-0.384507,2.659296,24,GraphSAGE
163886,6.142822,-3.8121219,16,GraphSAGE
77656,-1.7368402,-3.3922324,4,GraphSAGE
44504,0.54320496,0.30004895,24,GraphSAGE
40939,-2.5584388,1.7947937,31,GraphSAGE
128206,-1.1341832,1.3907474,24,GraphSAGE
95979,-3.7836661,-2.3967679,3,GraphSAGE
23198,-1.6396091,-1.2019691,2,GraphSAGE
152045,0.57007456,5.0627093,30,GraphSAGE
11506,-0.9949765,4.2144322,30,GraphSAGE
102930,5.261862,-0.75007176,16,GraphSAGE
158710,-1.3510816,-2.878546,5,GraphSAGE
47579,-0.6203693,4.487898,30,GraphSAGE
151533,-2.9737098,-1.9966946,28,GraphSAGE
142626,-2.610665,3.5405278,24,GraphSAGE
100458,-0.35440266,2.1349387,24,GraphSAGE
64990,4.610521,-4.7629776,16,GraphSAGE
68811,-3.3141396,2.8376398,24,GraphSAGE
4642,-0.7325062,1.3917326,34,GraphSAGE
25134,1.2938342,-2.5768042,4,GraphSAGE
153350,-0.016618967,3.630917,24,GraphSAGE
31616,-1.0044365,3.3678918,30,GraphSAGE
47189,-2.0796318,-0.7058064,5,GraphSAGE
161417,-1.410542,3.906942,24,GraphSAGE
73685,0.54080594,1.0902697,24,GraphSAGE
63525,-0.71740955,2.8705292,30,GraphSAGE
19289,-1.1277522,0.97551525,10,GraphSAGE
19307,3.4859352,-1.3483604,16,GraphSAGE
98578,-2.8532908,-0.14122766,2,GraphSAGE
125608,-0.14375663,3.6977444,24,GraphSAGE
113643,0.8460234,0.4683119,24,GraphSAGE
23220,-2.9231777,-3.517519,28,GraphSAGE
38344,-3.2047777,-3.4316726,4,GraphSAGE
136141,-3.0595455,-1.7681242,5,GraphSAGE
22325,-3.8250337,2.98412,36,GraphSAGE
129520,3.984511,-1.2401171,16,GraphSAGE
74163,-3.0987709,-2.8599195,4,GraphSAGE
55178,-2.6914282,0.963729,37,GraphSAGE
6353,3.8915658,-1.3940841,16,GraphSAGE
1286,-1.181354,3.1225362,24,GraphSAGE
59623,-1.0524471,-3.9005742,4,GraphSAGE
27637,1.8155699,-2.7138166,16,GraphSAGE
92610,-0.8058203,2.9777737,24,GraphSAGE
139773,-0.49338764,1.3870727,30,GraphSAGE
47640,-1.7809541,-0.62739384,24,GraphSAGE
132953,4.0908594,-1.7421905,16,GraphSAGE
106953,4.162929,-0.52966565,16,GraphSAGE
35684,4.508053,-2.7876012,16,GraphSAGE
47194,-2.8669295,-3.6464267,39,GraphSAGE
66983,1.0657015,1.2072383,24,GraphSAGE
59204,-4.1375923,-2.9145055,28,GraphSAGE
95222,4.745112,-1.9969944,16,GraphSAGE
75431,-2.6991043,1.1836404,24,GraphSAGE
42291,4.31934,-1.0323572,16,GraphSAGE
50221,4.779542,-1.9387463,16,GraphSAGE
47576,5.240859,-1.1124324,16,GraphSAGE
103019,5.0892205,-2.0125766,16,GraphSAGE
104443,-2.283952,-2.8669891,36,GraphSAGE
98687,0.3479129,-3.8099084,6,GraphSAGE
39599,-0.37672335,0.5310049,23,GraphSAGE
113661,-0.0012901574,-2.0363662,27,GraphSAGE
74268,-1.9509554,-1.1618258,14,GraphSAGE
101741,1.9904172,-2.9226875,16,GraphSAGE
78123,-2.1359246,-1.1826816,26,GraphSAGE
17215,-2.5985339,-1.8344698,37,GraphSAGE
124153,0.6042731,3.3408422,30,GraphSAGE
38288,-1.6623001,2.7150922,30,GraphSAGE
124251,-1.5361946,-2.8051052,28,GraphSAGE
161373,-3.4913077,-3.3261786,8,GraphSAGE
121441,2.9836178,-3.2809606,16,GraphSAGE
3695,3.5466278,-0.38759512,16,GraphSAGE
158646,4.81067,-1.6964655,16,GraphSAGE
151996,0.6240273,3.790905,24,GraphSAGE
137023,1.7784142,3.747549,30,GraphSAGE
51665,2.0865822,0.9440621,24,GraphSAGE
150281,3.8745685,-0.06064856,16,GraphSAGE
154731,2.7461689,-0.25355935,16,GraphSAGE
148202,4.403944,-0.9030032,16,GraphSAGE
65778,-1.8368018,-1.6030465,34,GraphSAGE
39792,4.255803,-2.6043215,16,GraphSAGE
131759,-0.38014135,3.8013973,30,GraphSAGE
54425,-0.7404045,-1.0412787,4,GraphSAGE
132239,3.093515,-3.5824752,16,GraphSAGE
102959,-1.0357035,1.9702741,6,GraphSAGE
72331,-2.1286538,0.22408521,24,GraphSAGE
80129,0.5329611,1.6730152,24,GraphSAGE
114803,-0.5906043,1.7638899,24,GraphSAGE
88583,0.56145394,2.8711376,24,GraphSAGE
138886,-1.025193,2.6260223,30,GraphSAGE
52963,2.9680395,1.9522325,30,GraphSAGE
53874,0.8495093,0.8152745,24,GraphSAGE
138764,-1.5922189,2.5941734,24,GraphSAGE
137466,-4.281527,-1.0358675,36,GraphSAGE
152008,1.1333563,0.9341091,24,GraphSAGE
29024,-0.063975126,2.3758926,31,GraphSAGE
72393,-0.23940119,1.3863758,24,GraphSAGE
59271,-0.24740309,2.5865135,30,GraphSAGE
99157,-0.87488264,2.3885612,24,GraphSAGE
156014,-2.064859,-2.954752,34,GraphSAGE
142349,4.864404,-3.8320131,16,GraphSAGE
113735,0.22168958,-0.9049944,27,GraphSAGE
64977,-1.6866426,0.10785556,24,GraphSAGE
88061,-2.2203465,1.5270029,22,GraphSAGE
3804,-0.23596585,3.7929945,24,GraphSAGE
88589,1.3430035,-0.122418344,16,GraphSAGE
111828,-1.2645588,0.6402683,28,GraphSAGE
71582,-0.93161595,2.005777,31,GraphSAGE
64961,0.9083279,1.2572054,24,GraphSAGE
84541,-0.26646006,1.7660106,31,GraphSAGE
158459,5.198776,-1.8358377,16,GraphSAGE
117093,-3.1627963,-4.7694726,28,GraphSAGE
52606,-1.2032797,-3.7743702,29,GraphSAGE
10321,-2.5814114,2.6962461,24,GraphSAGE
101738,-1.1861851,0.2820158,16,GraphSAGE
50350,0.26888835,3.1558309,24,GraphSAGE
41904,-0.37313145,2.2786684,30,GraphSAGE
121502,-0.49103868,1.1223019,24,GraphSAGE
99161,-1.3029137,2.7017274,30,GraphSAGE
95093,2.1483634,2.1320882,16,GraphSAGE
154701,-0.7044574,2.3836713,30,GraphSAGE
125430,0.11751962,-0.2884488,24,GraphSAGE
114476,-0.71054196,4.798774,30,GraphSAGE
88673,3.2073631,-1.9311872,16,GraphSAGE
88485,-0.59893763,-0.29512978,4,GraphSAGE
155949,-3.0446334,-2.1835265,22,GraphSAGE
33036,-2.7547736,-3.3836503,28,GraphSAGE
121065,3.5820663,0.4102788,16,GraphSAGE
148136,4.405072,-1.9470887,16,GraphSAGE
148331,2.7969053,2.265458,24,GraphSAGE
109671,-3.625289,-3.0596604,8,GraphSAGE
46281,-3.6922014,-3.3053713,28,GraphSAGE
167889,-3.358833,-0.1199435,10,GraphSAGE
46255,5.3756433,-1.53058,16,GraphSAGE
23250,4.9729514,-3.0882316,16,GraphSAGE
125026,-4.4768577,-1.8696797,4,GraphSAGE
45062,5.2366366,-0.8716645,16,GraphSAGE
141494,-1.7101982,3.8612576,3,GraphSAGE
21179,-1.1255081,4.4626613,24,GraphSAGE
28570,1.0614791,3.3296123,30,GraphSAGE
108442,0.9175368,-0.6784512,24,GraphSAGE
148288,-0.8705926,2.171646,24,GraphSAGE
40549,-1.5162852,3.934381,30,GraphSAGE
122707,-1.4342074,0.8687744,4,GraphSAGE
167805,-4.0918965,-5.2712493,8,GraphSAGE
152896,-0.88068706,0.7554996,24,GraphSAGE
126811,-1.3762789,3.2152376,30,GraphSAGE
27080,4.376668,-1.3718686,16,GraphSAGE
32754,-3.029351,-3.15828,28,GraphSAGE
130919,4.6661296,-1.3925562,16,GraphSAGE
53818,-1.5677261,2.5158782,24,GraphSAGE
144183,-2.2208457,-1.379467,23,GraphSAGE
3517,3.3774905,2.3598595,16,GraphSAGE
50235,2.7032647,0.8585737,16,GraphSAGE
108060,-0.53616774,2.7430735,30,GraphSAGE
119740,-3.3135679,-2.263513,4,GraphSAGE
106933,-1.5750883,2.6663256,30,GraphSAGE
21934,3.9303617,1.3501734,16,GraphSAGE
108437,3.2460432,1.9867233,16,GraphSAGE
53111,4.3365507,-3.749878,16,GraphSAGE
15325,-1.4017398,2.9813466,30,GraphSAGE
134788,-2.3616126,-3.0870452,34,GraphSAGE
21013,-3.3500242,-3.2890148,28,GraphSAGE
42355,-3.3631551,-2.3324184,28,GraphSAGE
71592,-1.2305937,4.5493813,30,GraphSAGE
75607,-1.6224301,-1.6850591,32,GraphSAGE
66316,4.7102327,-2.2605813,16,GraphSAGE
113581,-1.2781248,3.0861511,31,GraphSAGE
55789,4.019582,-0.34638697,27,GraphSAGE
65818,-0.39639604,4.1174574,24,GraphSAGE
105568,-1.4297097,4.064372,30,GraphSAGE
31490,1.160959,-0.5245275,13,GraphSAGE
68411,-2.9078467,1.088293,34,GraphSAGE
54281,-0.7880041,3.4945865,24,GraphSAGE
147781,1.378784,2.8621807,13,GraphSAGE
118454,-1.6375465,0.1708256,38,GraphSAGE
83145,-5.1457305,-4.0418644,28,GraphSAGE
96383,-1.2884419,-1.1459131,20,GraphSAGE
117550,-1.9347231,-2.5700302,9,GraphSAGE
24946,0.5713209,-3.500718,34,GraphSAGE
91780,4.2163815,-1.3826077,16,GraphSAGE
145504,3.4672773,-0.34270412,24,GraphSAGE
66047,-2.4852142,3.5710206,30,GraphSAGE
64664,-1.5599265,-0.3829965,22,GraphSAGE
120312,-3.5499663,-3.0671182,8,GraphSAGE
120131,3.4212272,2.069785,16,GraphSAGE
59694,6.0320096,-4.0050874,16,GraphSAGE
116382,-3.8696077,-2.7330894,32,GraphSAGE
154247,4.6553025,-2.1596045,16,GraphSAGE
59190,2.9928432,1.421043,24,GraphSAGE
49876,-3.5037541,-4.676904,28,GraphSAGE
28632,-2.9561403,-1.4366174,2,GraphSAGE
107860,1.6088164,1.6486126,25,GraphSAGE
122738,-3.4673343,-2.7768264,34,GraphSAGE
86769,-0.828691,3.3592148,27,GraphSAGE
74161,5.366484,-2.6480012,16,GraphSAGE
161268,-0.45202097,3.8525853,30,GraphSAGE
45844,3.4490502,-1.2793021,16,GraphSAGE
122501,1.1151192,-4.1678433,20,GraphSAGE
121606,-2.6324728,-1.9615703,39,GraphSAGE
145434,4.706412,0.008926034,30,GraphSAGE
47635,-3.3106177,2.5133476,24,GraphSAGE
73724,1.3605208,3.0143428,16,GraphSAGE
160824,-2.119841,0.99744,3,GraphSAGE
6412,-3.863088,-1.6227722,36,GraphSAGE
95204,-0.59562266,3.5656471,30,GraphSAGE
137503,-3.0817673,-4.839196,5,GraphSAGE
160073,-1.0463892,-0.5323948,5,GraphSAGE
110571,-1.1121459,3.843638,13,GraphSAGE
15271,0.15630561,1.9412585,24,GraphSAGE
29083,3.369292,-1.7407919,27,GraphSAGE
90823,-4.300859,-2.5963907,5,GraphSAGE
56457,-3.0073986,-4.455722,22,GraphSAGE
85824,2.5069208,-2.36625,16,GraphSAGE
154657,4.5188446,-2.3150935,16,GraphSAGE
100244,-0.88387364,2.3350387,24,GraphSAGE
77598,-2.9853573,-3.924337,8,GraphSAGE
12441,-1.0639026,2.0132875,30,GraphSAGE
97810,-0.5749481,1.9698225,24,GraphSAGE
107108,-1.0976428,2.3062081,24,GraphSAGE
107877,-0.115998216,3.7768111,24,GraphSAGE
163446,1.8465409,1.7356282,30,GraphSAGE
75479,0.81021327,3.0876675,24,GraphSAGE
117574,-2.3768563,0.07233584,39,GraphSAGE
118600,-3.2334702,-4.6585526,8,GraphSAGE
67558,-3.425727,-1.7831688,2,GraphSAGE
52562,-1.574126,0.35651195,24,GraphSAGE
105637,4.392025,-2.3239555,16,GraphSAGE
150331,1.6242046,-1.9730932,27,GraphSAGE
25129,-1.1294706,0.19393349,27,GraphSAGE
64431,3.405331,-2.3818703,16,GraphSAGE
81433,0.7709203,1.2207364,16,GraphSAGE
103059,2.3267999,2.0094614,16,GraphSAGE
128241,-0.7819155,-0.73128045,4,GraphSAGE
25090,1.2049441,1.0830115,24,GraphSAGE
71069,-0.9554807,0.6500374,11,GraphSAGE
21176,-2.3335397,1.4895855,26,GraphSAGE
130420,-0.054093465,2.1982183,24,GraphSAGE
75078,-0.71711504,3.9441862,30,GraphSAGE
64913,-1.4057269,-0.8249819,6,GraphSAGE
10231,-0.9582986,-0.7128197,5,GraphSAGE
142887,2.561237,-2.360687,16,GraphSAGE
46302,-3.4259145,-1.9627101,28,GraphSAGE
46291,-2.4535103,-2.83447,28,GraphSAGE
161390,-0.8139033,3.8246498,30,GraphSAGE
90052,-0.15930733,4.688833,24,GraphSAGE
783,0.35339016,-2.167797,34,GraphSAGE
122925,3.4092329,1.1512171,16,GraphSAGE
104294,2.9721794,1.1951479,24,GraphSAGE
47527,-3.2571344,-4.8096585,8,GraphSAGE
71532,-0.8652738,3.711442,24,GraphSAGE
86781,2.7172034,1.5573894,24,GraphSAGE
150676,-2.8073924,-2.3065424,28,GraphSAGE
34401,4.2625456,-1.1390164,16,GraphSAGE
35143,-2.4686902,-3.630138,4,GraphSAGE
134870,-0.19434942,4.1415424,30,GraphSAGE
129515,-0.36140826,0.93830824,24,GraphSAGE
104215,4.8946667,-1.8663051,16,GraphSAGE
122785,-2.3896909,2.4823155,31,GraphSAGE
8895,-1.3688517,4.080942,10,GraphSAGE
101700,-0.7939493,2.1574554,27,GraphSAGE
107104,-3.2644165,-3.8925524,8,GraphSAGE
129559,3.818241,-2.9949346,16,GraphSAGE
166137,4.241504,-1.7688377,16,GraphSAGE
56460,-3.5312781,-1.9038742,34,GraphSAGE
151972,-1.7508099,2.3095002,10,GraphSAGE
8438,-0.97194266,2.5920286,0,GraphSAGE
91259,4.1668725,-1.755198,16,GraphSAGE
55777,0.45399398,3.9480023,24,GraphSAGE
111079,-2.4817328,-2.666565,28,GraphSAGE
150313,-2.1986346,-3.6835823,23,GraphSAGE
169235,3.2011578,-1.142581,16,GraphSAGE
25122,4.600111,-1.9354887,16,GraphSAGE
136999,2.7276907,-2.6447985,16,GraphSAGE
76757,-4.1123176,-3.3080158,4,GraphSAGE
60869,-0.89970976,3.7329345,30,GraphSAGE
121437,-0.43328577,1.3627473,31,GraphSAGE
133477,2.5129626,-0.20747447,25,GraphSAGE
133545,2.7138078,1.5461403,20,GraphSAGE
23725,3.101314,0.20538116,24,GraphSAGE
160933,-2.6282454,-2.172192,19,GraphSAGE
137028,-0.3459687,3.4568453,30,GraphSAGE
31120,-2.5408185,-1.867845,34,GraphSAGE
107944,0.11457905,4.347923,24,GraphSAGE
87005,-0.6125553,1.30296,4,GraphSAGE
86652,-2.535344,-3.7305799,37,GraphSAGE
65751,-3.4715867,-4.2017803,28,GraphSAGE
158226,2.977351,-3.199139,16,GraphSAGE
76333,2.3720822,-1.1679236,27,GraphSAGE
11628,-0.47870177,3.0571795,30,GraphSAGE
99178,0.34805942,1.8225719,24,GraphSAGE
149459,-0.27549452,3.391172,30,GraphSAGE
52996,-0.06454491,3.2884817,30,GraphSAGE
753,4.818027,-2.128368,16,GraphSAGE
149529,-0.4194501,1.6702858,24,GraphSAGE
26243,4.840905,-3.300099,16,GraphSAGE
19775,-3.7018185,-2.3177938,8,GraphSAGE
62239,-1.8666031,1.1957496,24,GraphSAGE
163956,-2.6345775,3.4121914,10,GraphSAGE
168033,-0.43695137,-4.4798293,20,GraphSAGE
41829,-3.042857,-0.15116388,5,GraphSAGE
27289,-0.6135931,2.2635088,30,GraphSAGE
34273,-2.4708202,-1.3264173,2,GraphSAGE
156091,3.4151409,-0.34501028,16,GraphSAGE
90804,1.0758891,2.1896467,24,GraphSAGE
60962,-1.99088,1.9113334,10,GraphSAGE
27210,-3.385877,-3.6602597,8,GraphSAGE
24591,-3.6549816,-1.8194728,33,GraphSAGE
155537,-1.981561,-0.56183296,37,GraphSAGE
136144,2.47365,-0.17069012,16,GraphSAGE
79072,-2.9345791,0.8104447,36,GraphSAGE
15219,-1.4851267,-0.009135246,3,GraphSAGE
155471,-3.4535472,-3.3565722,28,GraphSAGE
30226,-3.9233844,-3.0549316,28,GraphSAGE
21025,-0.702062,4.033458,30,GraphSAGE
59164,-0.10134744,3.3213434,24,GraphSAGE
22200,1.8797519,1.5758022,24,GraphSAGE
59502,3.7032387,-2.2315602,16,GraphSAGE
71373,-1.9217715,-3.7843313,18,GraphSAGE
134836,-1.7259455,2.7318478,24,GraphSAGE
88053,-2.3224304,2.0726786,19,GraphSAGE
64734,-1.1788943,1.880977,30,GraphSAGE
86759,-1.4515986,-2.595058,9,GraphSAGE
74158,-2.1861396,0.694713,31,GraphSAGE
80546,-2.659637,-0.32408315,23,GraphSAGE
46391,-0.52852046,-2.2064877,20,GraphSAGE
84568,4.877144,-4.4573197,16,GraphSAGE
54237,3.8476276,-1.4765624,16,GraphSAGE
126919,-0.69651884,3.3691602,10,GraphSAGE
937,4.3905444,0.8471112,30,GraphSAGE
145073,4.6829786,-1.4428972,16,GraphSAGE
12521,-1.2247815,1.1462969,26,GraphSAGE
153370,-2.83186,-1.9769169,33,GraphSAGE
6241,4.1590495,-0.099841,16,GraphSAGE
26447,1.2069447,1.3114942,24,GraphSAGE
48977,-0.49289468,5.5173593,30,GraphSAGE
163785,4.5724325,-2.514463,16,GraphSAGE
54462,4.4447207,0.40192783,16,GraphSAGE
40976,-0.23029977,3.4616485,30,GraphSAGE
117677,-0.70649487,3.9955864,30,GraphSAGE
166714,1.8030252,2.7718048,27,GraphSAGE
87286,4.8509026,-4.3529363,16,GraphSAGE
55706,0.78144294,1.6599411,24,GraphSAGE
122454,-0.93321407,3.5489812,24,GraphSAGE
142807,0.7866302,3.0021029,24,GraphSAGE
93895,4.137964,-3.460834,16,GraphSAGE
138860,-3.9429572,-1.4755516,5,GraphSAGE
22357,4.2728286,-2.6866558,16,GraphSAGE
116298,-4.231762,-3.9386973,5,GraphSAGE
143722,3.776109,-3.690071,16,GraphSAGE
40534,2.2962396,-1.6693673,27,GraphSAGE
30362,-2.8301787,-1.4517764,2,GraphSAGE
74084,4.0177937,-2.505513,16,GraphSAGE
10208,2.6239107,1.1116179,24,GraphSAGE
67594,-0.72325253,0.48588872,23,GraphSAGE
106579,2.5598402,-1.401001,16,GraphSAGE
29846,-1.4221988,2.606697,24,GraphSAGE
101241,2.3724139,0.7227206,24,GraphSAGE
138362,-2.0056317,2.5177283,24,GraphSAGE
29765,-1.0524021,-3.0500746,19,GraphSAGE
43686,0.27844098,2.8729563,24,GraphSAGE
63193,-2.7595565,-3.341216,28,GraphSAGE
17011,-0.7018492,3.0896764,24,GraphSAGE
118912,-2.8566337,0.07990539,34,GraphSAGE
146645,4.007433,-3.609088,20,GraphSAGE
38348,4.115332,0.55331993,16,GraphSAGE
19865,-4.3864126,-2.6709824,5,GraphSAGE
67066,-3.6113255,-1.4953121,19,GraphSAGE
153475,0.3060882,2.4165673,24,GraphSAGE
98977,-2.1872735,-1.9790025,3,GraphSAGE
34245,-1.026147,2.6562042,30,GraphSAGE
7191,0.504656,2.3171182,24,GraphSAGE
126513,4.6048174,-2.083121,16,GraphSAGE
5074,4.233955,-1.3310405,16,GraphSAGE
124268,-2.4057837,1.9763817,24,GraphSAGE
18452,-0.6429732,3.48984,24,GraphSAGE
66248,-4.5762525,-4.2221527,29,GraphSAGE
136767,2.8402681,1.0779508,16,GraphSAGE
166105,2.9910016,-2.3200538,27,GraphSAGE
138724,-0.52597344,1.6431767,10,GraphSAGE
48986,1.554096,1.4611908,25,GraphSAGE
167419,-3.2441516,-2.3221028,4,GraphSAGE
120300,-5.2501307,-1.0451063,33,GraphSAGE
85841,-2.1228094,4.896038,10,GraphSAGE
95997,-1.1579547,3.2518454,10,GraphSAGE
61777,0.81740546,1.5369779,25,GraphSAGE
139574,-0.56161404,3.838613,24,GraphSAGE
17975,1.881891,-2.3002255,27,GraphSAGE
26411,-2.1343164,0.37667596,26,GraphSAGE
164832,-3.7627287,-1.2387774,34,GraphSAGE
41855,3.7391968,0.2730571,16,GraphSAGE
13837,-0.64487064,4.029155,30,GraphSAGE
27582,1.8069243,1.8291363,16,GraphSAGE
85432,-3.3114653,-3.1009512,28,GraphSAGE
88652,-1.3929648,1.7612149,24,GraphSAGE
66148,-1.6029904,1.4445697,24,GraphSAGE
101218,-2.473277,-0.9391028,5,GraphSAGE
121593,-3.3770604,-2.6685987,8,GraphSAGE
138365,-0.3941223,-0.91058207,4,GraphSAGE
169121,-3.3019803,-2.6974492,8,GraphSAGE
16434,3.163284,-3.6744099,16,GraphSAGE
69775,3.8726225,-1.1533618,16,GraphSAGE
90787,-2.550348,-0.42756402,2,GraphSAGE
36886,4.229268,-4.0543494,16,GraphSAGE
50286,-1.3206155,2.360032,24,GraphSAGE
153497,2.5179977,2.2427545,27,GraphSAGE
23248,-2.6110456,-3.964499,28,GraphSAGE
67454,1.0367341,0.8915758,27,GraphSAGE
11640,3.6594744,-1.0877287,16,GraphSAGE
96477,0.55062777,-0.9716378,24,GraphSAGE
155687,-1.1663957,4.66542,30,GraphSAGE
58278,-1.1766121,3.82788,24,GraphSAGE
167432,1.1189561,2.693131,24,GraphSAGE
100438,-3.05977,-3.2194958,4,GraphSAGE
160875,-3.4543517,-2.7117643,28,GraphSAGE
17621,-1.9808166,-2.3511524,23,GraphSAGE
147744,3.5484304,-2.9321482,27,GraphSAGE
126764,-1.6536782,-0.49807495,24,GraphSAGE
143674,-0.3383401,3.8266401,26,GraphSAGE
49905,0.13181114,3.6260853,24,GraphSAGE
125463,1.3040633,2.2831326,24,GraphSAGE
51616,-0.84714824,1.564948,24,GraphSAGE
48931,-3.0853748,-0.4974497,2,GraphSAGE
22430,-0.3860402,2.9253416,27,GraphSAGE
41825,-1.1845663,1.9539574,31,GraphSAGE
38414,-0.8021678,3.358316,10,GraphSAGE
18444,-2.0720484,-1.0108753,2,GraphSAGE
144864,-3.4472399,-1.3794649,4,GraphSAGE
81475,-2.7745154,-3.8429432,8,GraphSAGE
110504,4.0133657,-1.1222245,16,GraphSAGE
106977,1.9919283,0.058040142,16,GraphSAGE
40530,0.19701087,4.6970987,30,GraphSAGE
156873,1.4227738,2.5396776,24,GraphSAGE
15252,4.4409423,-3.5565872,16,GraphSAGE
79271,6.1649675,-2.4189866,16,GraphSAGE
1944,3.6641006,-0.21726698,16,GraphSAGE
7551,-2.875794,-2.8550644,34,GraphSAGE
21152,-1.3602977,2.3459415,24,GraphSAGE
43165,-1.4304421,0.71168756,30,GraphSAGE
75000,0.21626472,1.0450171,26,GraphSAGE
76818,-1.8853803,-0.97565556,32,GraphSAGE
9048,-0.94310147,-2.0374703,28,GraphSAGE
85740,4.0600753,-3.0524087,27,GraphSAGE
78890,-3.233802,-1.7913467,19,GraphSAGE
31076,0.41160387,3.357944,24,GraphSAGE
159567,1.7618041,1.6879886,31,GraphSAGE
33707,5.1644816,-3.22755,16,GraphSAGE
78854,3.5112183,-1.5124245,16,GraphSAGE
46218,-4.369021,-1.4489429,38,GraphSAGE
56840,3.535142,-0.9424763,16,GraphSAGE
144153,-1.4670725,4.0225306,10,GraphSAGE
96040,3.6905322,-3.5381665,16,GraphSAGE
123739,-3.3845353,-5.1591325,8,GraphSAGE
77940,2.5393124,-4.6771054,16,GraphSAGE
16650,-3.5802572,-1.3125056,11,GraphSAGE
32898,-0.3417185,4.280998,30,GraphSAGE
40480,-4.4243617,-2.2958117,28,GraphSAGE
119009,-3.6590757,-0.7383373,36,GraphSAGE
156006,0.6369647,-1.1556932,15,GraphSAGE
3837,-3.139107,-4.518328,28,GraphSAGE
166127,0.6178481,-0.65596765,27,GraphSAGE
7626,1.3504868,2.7780552,24,GraphSAGE
112288,-2.6069722,2.3092246,10,GraphSAGE
51138,-1.7195253,-2.8617344,19,GraphSAGE
27203,-1.1286741,1.5037674,37,GraphSAGE
169171,-0.4243562,-0.74659324,6,GraphSAGE
22088,-0.6280037,3.9924293,30,GraphSAGE
126359,-1.0216305,-1.4828637,23,GraphSAGE
64844,-0.48271117,1.0597802,27,GraphSAGE
59624,3.6255164,-1.1787019,16,GraphSAGE
62166,-0.07220417,3.9717445,30,GraphSAGE
55689,-1.2391725,2.7565026,30,GraphSAGE
32831,-0.71228355,2.6082716,24,GraphSAGE
11445,-1.7029412,0.48147225,31,GraphSAGE
167857,-3.5042782,-3.5018811,4,GraphSAGE
82827,-0.22189829,2.1656818,24,GraphSAGE
153285,4.3618164,-3.241538,16,GraphSAGE
94710,2.3916123,-2.705457,16,GraphSAGE
98919,-1.0149534,2.4008002,31,GraphSAGE
2062,1.2601638,1.3643447,16,GraphSAGE
67436,-1.8928165,-1.363813,33,GraphSAGE
63446,-0.7031089,-1.3799543,5,GraphSAGE
95241,-2.2877018,-3.5772758,4,GraphSAGE
93836,-0.62853694,3.4301267,30,GraphSAGE
99975,1.3242109,2.119082,16,GraphSAGE
57055,2.93172,-1.37931,16,GraphSAGE
52944,-1.293308,2.5356793,10,GraphSAGE
102954,2.0941813,2.3542356,24,GraphSAGE
64877,0.4850536,3.3918805,30,GraphSAGE
103056,3.5850623,1.6477801,16,GraphSAGE
145462,1.0525553,2.582821,30,GraphSAGE
152631,4.306276,-0.88326293,16,GraphSAGE
118332,3.42857,-1.9756839,16,GraphSAGE
132197,-4.5471377,-4.810055,28,GraphSAGE
62173,3.790513,-0.8556521,16,GraphSAGE
161389,0.6927927,3.5436296,24,GraphSAGE
160031,0.69129413,2.6710157,13,GraphSAGE
35119,-0.1121804,0.89115846,13,GraphSAGE
3811,-0.4571684,3.8546195,30,GraphSAGE
75082,3.2767198,0.053385735,24,GraphSAGE
122349,-0.5371673,3.323429,30,GraphSAGE
71042,0.4191153,3.8047247,10,GraphSAGE
34023,-3.9489386,-3.6550326,8,GraphSAGE
1011,0.91847795,1.3539752,10,GraphSAGE
17000,-0.13054866,0.93986106,6,GraphSAGE
82777,-3.9909003,-2.511708,36,GraphSAGE
130882,-3.2555625,0.091008544,10,GraphSAGE
141344,-1.278244,-1.7227218,9,GraphSAGE
142257,3.8464675,-1.1631515,16,GraphSAGE
114945,-1.4855444,1.6724266,24,GraphSAGE
148188,-3.3991733,-3.776291,8,GraphSAGE
128036,-2.3921678,-3.0329428,28,GraphSAGE
17232,5.236283,-1.5297796,16,GraphSAGE
72904,-2.231165,-1.1521881,2,GraphSAGE
93781,3.9684691,1.036286,30,GraphSAGE
155573,-2.6800556,3.6052403,24,GraphSAGE
128245,-0.97459763,2.9237466,24,GraphSAGE
87927,2.5519083,1.7799643,16,GraphSAGE
120211,-0.09034996,4.981222,30,GraphSAGE
107049,-0.32611066,4.4395804,30,GraphSAGE
122224,-2.6452029,3.3388228,13,GraphSAGE
15096,-4.2661324,-2.1708107,36,GraphSAGE
84640,4.868463,-4.290099,16,GraphSAGE
67637,3.8238773,-0.731679,16,GraphSAGE
62277,0.13961282,2.716734,24,GraphSAGE
105748,0.07090348,2.538538,6,GraphSAGE
144090,-1.3007352,0.049178362,34,GraphSAGE
105680,-3.0402884,-2.0928125,28,GraphSAGE
120331,-0.636544,3.743742,24,GraphSAGE
144173,-3.436679,-3.1590514,28,GraphSAGE
77608,-1.7052872,1.509266,30,GraphSAGE
56672,0.965599,0.11498678,16,GraphSAGE
35213,-3.2552764,-1.8218292,26,GraphSAGE
40509,-3.719332,-0.73419863,2,GraphSAGE
149549,0.0043371916,4.001358,24,GraphSAGE
167879,3.303857,-1.2619878,16,GraphSAGE
140989,0.083296984,4.153491,24,GraphSAGE
150761,0.36238825,3.2273345,10,GraphSAGE
32979,-1.4563818,3.2496758,24,GraphSAGE
112218,1.8630183,2.5854816,16,GraphSAGE
29830,-0.78595114,-2.6922572,9,GraphSAGE
43774,-0.81746274,2.2653613,24,GraphSAGE
157357,-0.23212363,1.3506166,24,GraphSAGE
59504,-3.3019056,-2.7333686,28,GraphSAGE
24995,-1.4468346,0.7835007,13,GraphSAGE
76886,3.8186715,0.008977413,16,GraphSAGE
112253,1.5766196,3.0329828,16,GraphSAGE
26423,-3.410446,1.3679062,24,GraphSAGE
64918,1.2653744,1.7382461,24,GraphSAGE
108086,-3.3658109,-0.50981385,24,GraphSAGE
145617,1.8424239,2.1639795,16,GraphSAGE
126849,-0.65935457,3.355668,30,GraphSAGE
15739,0.18832979,1.3229989,26,GraphSAGE
154213,-2.5072308,-1.3161039,4,GraphSAGE
67132,-1.2266464,3.8285623,30,GraphSAGE
70251,3.042715,2.4538555,24,GraphSAGE
166159,0.24456841,0.6459701,24,GraphSAGE
59194,-3.7809289,-5.324442,28,GraphSAGE
130825,0.03838259,2.8698196,24,GraphSAGE
5956,-4.2121525,-2.155417,19,GraphSAGE
2417,-1.4854512,0.9983138,23,GraphSAGE
154637,-0.36920762,2.7041392,31,GraphSAGE
84546,0.045567527,3.6513367,24,GraphSAGE
151664,0.66238314,0.2690884,24,GraphSAGE
68878,5.233813,0.58588934,16,GraphSAGE
167872,3.318474,-0.5230301,16,GraphSAGE
161238,3.2415073,-1.3431859,1,GraphSAGE
117735,4.8878922,-3.3438425,16,GraphSAGE
125007,-2.5858293,-2.4916039,34,GraphSAGE
44519,4.0047345,-1.3776901,16,GraphSAGE
93425,2.406789,1.2525924,24,GraphSAGE
125499,-0.2705788,3.60431,24,GraphSAGE
119023,-1.1248018,3.030479,30,GraphSAGE
164813,-1.1272345,-2.661203,4,GraphSAGE
111087,-1.3401351,-0.877404,23,GraphSAGE
123745,-1.2754819,1.9368416,30,GraphSAGE
64984,3.2008343,0.16066706,16,GraphSAGE
86618,-1.7481108,1.9515573,37,GraphSAGE
91170,4.3921237,-1.5077062,16,GraphSAGE
31077,-2.1994414,-0.58122885,23,GraphSAGE
100390,1.5099206,-1.0492479,27,GraphSAGE
101759,-0.85070074,2.8603826,24,GraphSAGE
42231,-1.9977405,3.943101,24,GraphSAGE
137495,4.7560787,-1.7726979,16,GraphSAGE
143688,3.2476218,0.973523,24,GraphSAGE
138878,-2.722266,-1.5404875,5,GraphSAGE
38320,-2.9851253,-2.985589,28,GraphSAGE
164799,-4.2599087,-3.178321,28,GraphSAGE
97845,-1.4475503,1.8923093,38,GraphSAGE
8807,-0.9761076,4.0607047,24,GraphSAGE
3344,4.1781316,-0.61969817,16,GraphSAGE
31593,-2.3051262,-1.4648056,34,GraphSAGE
137368,-2.3772817,-3.9289246,28,GraphSAGE
160008,3.4711385,0.5438465,24,GraphSAGE
109206,-3.1418393,-3.143137,39,GraphSAGE
56876,5.884432,-3.6357517,16,GraphSAGE
48990,-4.282734,-1.2434105,4,GraphSAGE
22292,-0.082858905,-4.500592,4,GraphSAGE
97796,-3.8411624,-3.312172,28,GraphSAGE
73819,0.026456282,2.1274018,30,GraphSAGE
8475,-0.14246196,-1.6521063,27,GraphSAGE
169335,-0.5906985,3.648386,30,GraphSAGE
45097,-3.0029566,-1.3350723,8,GraphSAGE
30273,0.010138184,2.781086,24,GraphSAGE
102533,0.67147124,0.58387053,6,GraphSAGE
27624,0.3178483,-0.88032323,24,GraphSAGE
88470,-3.1465085,-3.9629736,8,GraphSAGE
68393,-1.7307832,0.7356844,26,GraphSAGE
144957,2.455946,0.084279895,31,GraphSAGE
15460,-3.554069,-4.00379,28,GraphSAGE
147714,-3.77278,-3.8738756,28,GraphSAGE
94612,3.5268233,0.088466406,16,GraphSAGE
21124,-3.5726159,-2.8746223,28,GraphSAGE
64355,-2.776038,1.0851394,13,GraphSAGE
96411,0.2167117,3.0037894,30,GraphSAGE
95168,-0.20282407,3.2602134,30,GraphSAGE
162686,-2.4142404,-0.039280176,3,GraphSAGE
91183,1.7695835,0.6682093,16,GraphSAGE
2613,-1.1812203,3.1639085,11,GraphSAGE
151941,4.5039325,-0.9734019,16,GraphSAGE
1124,-1.7708201,3.658033,24,GraphSAGE
43776,-1.4040866,-2.4427676,20,GraphSAGE
162630,-0.31193835,3.9314275,30,GraphSAGE
165320,-2.0058923,1.9237412,10,GraphSAGE
83297,-2.814854,-2.2656813,39,GraphSAGE
130800,-0.5556351,-0.57232803,24,GraphSAGE
28952,-0.31994778,2.4448133,24,GraphSAGE
10165,-2.5400395,-3.4211268,8,GraphSAGE
113742,4.1925044,-0.126472,16,GraphSAGE
166701,-5.1138535,-2.8549304,36,GraphSAGE
23831,4.609769,-1.4937183,16,GraphSAGE
128021,-3.4236724,-3.767271,28,GraphSAGE
21082,3.0927892,-0.007166624,16,GraphSAGE
39342,-1.5097733,4.926216,24,GraphSAGE
97783,0.1344651,3.8803873,24,GraphSAGE
24940,-2.9909003,-2.7316482,28,GraphSAGE
146434,-4.2405143,-3.3191414,8,GraphSAGE
20995,-0.5193929,3.7024975,30,GraphSAGE
52760,-0.922592,2.593727,13,GraphSAGE
136020,-1.7961195,2.3736267,31,GraphSAGE
121567,2.5536106,1.5783843,24,GraphSAGE
50218,4.0624022,-2.2981997,16,GraphSAGE
116407,-1.1280876,3.733521,24,GraphSAGE
138826,3.9112935,0.29547524,16,GraphSAGE
119725,-4.2989273,-3.1390805,28,GraphSAGE
108369,3.5703678,-3.2991538,16,GraphSAGE
168806,-1.2558384,2.1272316,27,GraphSAGE
115857,1.010004,2.0217724,16,GraphSAGE
3386,-3.134453,-2.4012542,5,GraphSAGE
63447,-2.5491235,-2.9887109,29,GraphSAGE
57037,-3.5024574,-2.4252262,5,GraphSAGE
121447,-0.8508352,3.3792782,30,GraphSAGE
5067,-0.6078544,3.6535902,24,GraphSAGE
141507,-1.8290894,-3.057735,18,GraphSAGE
12998,3.8913803,-0.6684692,24,GraphSAGE
135657,-2.3291283,3.5894732,3,GraphSAGE
52928,0.5877648,0.54921794,17,GraphSAGE
104401,2.766808,-1.7473197,24,GraphSAGE
68365,-3.0329685,-4.0449386,4,GraphSAGE
84635,-1.8931401,-4.5378213,39,GraphSAGE
35701,-0.3052246,-2.57642,6,GraphSAGE
49090,0.5234636,1.6526331,25,GraphSAGE
168879,-0.13040061,2.7093716,24,GraphSAGE
19247,-1.1893866,0.039931536,4,GraphSAGE
131763,-1.2274711,-0.20016754,11,GraphSAGE
90702,-4.218852,-4.247139,28,GraphSAGE
52969,-0.9459234,4.5122027,30,GraphSAGE
24971,4.297558,-1.6189559,16,GraphSAGE
133623,-4.1874766,-3.0286028,28,GraphSAGE
121121,-1.4550052,3.1830049,30,GraphSAGE
59644,-4.724961,-0.8464882,4,GraphSAGE
13062,0.06286898,2.0521054,24,GraphSAGE
161408,-2.6805513,0.6164099,24,GraphSAGE
149528,-1.0916785,3.4225326,30,GraphSAGE
99190,-0.78004175,-0.82895803,5,GraphSAGE
158775,-0.4777016,2.8180103,24,GraphSAGE
166100,4.703354,-2.0649817,16,GraphSAGE
92032,4.0743656,-1.2273561,16,GraphSAGE
150841,-1.3040798,-1.4496702,29,GraphSAGE
41069,-0.8866904,4.313818,30,GraphSAGE
42286,-2.6373332,-1.3165382,11,GraphSAGE
48540,4.485638,-2.784055,16,GraphSAGE
140947,-2.3253415,-1.9017403,36,GraphSAGE
163489,-2.3346467,2.4033318,10,GraphSAGE
127631,-0.3177657,-2.8577104,20,GraphSAGE
147755,-2.721667,-2.0912688,28,GraphSAGE
27233,3.700884,0.06384003,16,GraphSAGE
75542,-0.8630711,-1.1794118,24,GraphSAGE
101799,-2.1837797,0.87663996,2,GraphSAGE
167945,2.1125276,-1.2513632,16,GraphSAGE
140178,-0.49963003,2.918859,24,GraphSAGE
46422,-1.000459,3.259471,30,GraphSAGE
165237,1.0670009,1.2426144,24,GraphSAGE
81622,-4.612645,-3.6579537,28,GraphSAGE
139993,-0.7239506,2.433495,24,GraphSAGE
113511,4.557761,-2.8451376,16,GraphSAGE
97369,-2.0423503,-1.7366475,21,GraphSAGE
38319,5.0768437,-3.4173594,16,GraphSAGE
93857,-2.4899588,0.025908828,4,GraphSAGE
15228,1.3562927,-0.318955,27,GraphSAGE
167824,-3.3756828,-3.3687701,28,GraphSAGE
78855,-3.021338,-3.816855,8,GraphSAGE
102516,-2.9931219,-3.1678371,28,GraphSAGE
116363,2.2822955,-1.9428823,16,GraphSAGE
18471,-2.6780744,-2.7196145,34,GraphSAGE
25898,3.4344935,0.99426043,16,GraphSAGE
5137,-1.261564,2.2731547,31,GraphSAGE
134732,-4.653433,-4.364642,28,GraphSAGE
31544,4.0062466,1.319462,16,GraphSAGE
153389,-2.268542,-0.3798296,38,GraphSAGE
2019,-3.073948,-0.8379493,36,GraphSAGE
15276,-3.1874614,-4.2785454,4,GraphSAGE
151486,-1.5258493,-3.6607924,19,GraphSAGE
3692,3.105192,-0.76751107,6,GraphSAGE
23314,-0.8601035,3.3724504,24,GraphSAGE
53014,1.9267812,-1.8057907,27,GraphSAGE
7667,3.6369686,-1.5682273,16,GraphSAGE
99224,-1.6668079,4.3722816,24,GraphSAGE
25076,0.18894231,-0.87969476,6,GraphSAGE
31692,-1.9057307,1.6492361,31,GraphSAGE
117553,4.842722,-1.2774272,16,GraphSAGE
142368,-1.9539378,0.31774783,34,GraphSAGE
76335,-1.7835815,2.342154,2,GraphSAGE
81854,-2.2422917,-1.0192816,36,GraphSAGE
8386,-1.378573,-3.2999377,27,GraphSAGE
79467,3.2742157,0.24567199,10,GraphSAGE
153283,0.7992508,-0.85493475,24,GraphSAGE
41001,4.4683714,-3.0578365,16,GraphSAGE
55155,-0.9872904,4.566763,30,GraphSAGE
122815,-1.0247946,3.053432,30,GraphSAGE
38206,-4.436596,-3.9405227,28,GraphSAGE
55401,2.2406433,2.7439823,24,GraphSAGE
112416,-2.4926205,-0.68021,24,GraphSAGE
142345,2.8786786,1.8966087,16,GraphSAGE
79339,4.289599,1.4566675,16,GraphSAGE
150668,2.9221942,1.9383968,16,GraphSAGE
40498,0.03036663,2.007537,24,GraphSAGE
98685,-0.53855914,0.8101804,11,GraphSAGE
53819,-0.3143574,1.9521922,10,GraphSAGE
38248,-0.9259689,3.9914126,30,GraphSAGE
43586,-2.0568757,3.025206,30,GraphSAGE
87259,1.3138387,-3.5610633,20,GraphSAGE
138716,-3.2489357,-1.2889363,6,GraphSAGE
77517,-0.08228537,3.2752442,30,GraphSAGE
128999,-2.6081107,-0.49379748,23,GraphSAGE
91149,2.7325935,2.197205,24,GraphSAGE
71433,-0.62020874,0.054352283,26,GraphSAGE
67595,4.378299,-2.175242,16,GraphSAGE
55333,-3.8200836,-3.7342248,28,GraphSAGE
5042,-3.8781085,-3.5249653,28,GraphSAGE
80705,-2.0357914,-0.13471621,23,GraphSAGE
45862,3.7846227,-3.122974,16,GraphSAGE
84074,4.0773396,-2.2650187,16,GraphSAGE
18501,-2.6805937,0.4536929,24,GraphSAGE
733,-3.1435115,0.8574797,26,GraphSAGE
27236,-0.68258065,3.6785502,24,GraphSAGE
142341,-0.3016336,-0.62000483,19,GraphSAGE
68689,-0.68913245,3.3036766,24,GraphSAGE
18547,5.297496,-0.91421556,27,GraphSAGE
48509,0.8980132,4.0474286,24,GraphSAGE
754,-2.8074949,-2.961722,22,GraphSAGE
25131,0.13960105,0.528787,24,GraphSAGE
68836,4.3779373,-1.2219992,31,GraphSAGE
38327,3.070704,0.10263193,16,GraphSAGE
64962,-3.2009656,-0.09881306,34,GraphSAGE
81321,-1.375983,0.60047853,18,GraphSAGE
50284,3.8002856,-1.8953711,16,GraphSAGE
160872,4.610116,-1.3934478,16,GraphSAGE
34339,-0.25469387,4.2144256,24,GraphSAGE
74252,-2.7414615,-0.8337416,22,GraphSAGE
115072,-1.1366417,1.8219882,30,GraphSAGE
148130,-2.21665,0.8221936,23,GraphSAGE
10188,2.6162376,-1.9967947,4,GraphSAGE
128189,-3.4930382,-4.3339114,28,GraphSAGE
63554,-2.3226976,0.92080176,24,GraphSAGE
105154,3.814746,-3.0753474,16,GraphSAGE
18527,1.4254684,2.4743843,24,GraphSAGE
140187,3.1899033,0.9755801,16,GraphSAGE
167417,1.1258917,-0.2794391,18,GraphSAGE
7676,2.43871,2.182726,16,GraphSAGE
51725,-1.4363558,2.2356887,26,GraphSAGE
130723,-4.0284657,-2.5455766,22,GraphSAGE
85401,0.27822328,0.17803788,27,GraphSAGE
43765,-3.5699103,-0.544061,36,GraphSAGE
75454,0.5476334,3.388269,30,GraphSAGE
162182,-1.0377086,2.4528995,30,GraphSAGE
11103,3.435766,-2.331077,16,GraphSAGE
94716,2.917338,-2.1663508,16,GraphSAGE
40978,-1.3937645,-2.9698648,5,GraphSAGE
8741,-0.9466532,3.4942546,30,GraphSAGE
7103,0.35755062,2.8885384,10,GraphSAGE
48995,-1.5714998,2.8088555,30,GraphSAGE
17185,-0.6514184,-2.7735589,27,GraphSAGE
122362,0.62414527,0.5172415,25,GraphSAGE
158189,-1.5032985,-1.4646424,14,GraphSAGE
154641,2.7323868,0.84288347,16,GraphSAGE
6224,4.716318,-3.287809,16,GraphSAGE
23663,-0.49749956,4.6354103,30,GraphSAGE
71535,-1.9152291,1.4845446,24,GraphSAGE
154217,0.37557966,3.3259249,24,GraphSAGE
84581,0.1950348,2.2956896,27,GraphSAGE
128994,3.5288746,-1.2861043,16,GraphSAGE
157313,0.14979833,3.6260724,30,GraphSAGE
53040,-1.9084115,-1.9921911,24,GraphSAGE
107932,3.4113634,-3.3861423,16,GraphSAGE
70318,1.1332679,1.8161,24,GraphSAGE
17133,3.3563218,-0.7270429,24,GraphSAGE
53066,2.2953122,1.5239068,24,GraphSAGE
167462,3.2936366,-2.8915963,16,GraphSAGE
28901,1.5099299,1.1969134,16,GraphSAGE
31122,-3.7606168,-3.2857194,28,GraphSAGE
77993,0.4212168,3.686222,30,GraphSAGE
130391,0.7859611,2.5788512,16,GraphSAGE
44554,-0.013941318,1.5894986,24,GraphSAGE
149053,4.6968026,-1.3107247,16,GraphSAGE
110965,-0.12973745,3.1826596,31,GraphSAGE
134731,-1.0107341,2.810627,10,GraphSAGE
42389,-2.7670953,-1.5348132,2,GraphSAGE
111110,-3.748534,-1.414694,33,GraphSAGE
97487,-1.2535374,3.6402183,30,GraphSAGE
163873,1.0042961,2.5822916,24,GraphSAGE
156123,-0.40293992,1.9700705,29,GraphSAGE
78950,4.6960897,-0.8638283,13,GraphSAGE
142314,-3.1787558,-2.5986316,3,GraphSAGE
72758,2.8109162,0.27771783,16,GraphSAGE
105155,-2.348674,-2.164517,34,GraphSAGE
129505,1.4991536,2.5945554,16,GraphSAGE
96555,0.05418724,-0.9584479,22,GraphSAGE
130850,3.2381027,-1.8769267,16,GraphSAGE
41841,-0.12653337,4.3363004,30,GraphSAGE
92611,1.3097451,0.6037116,16,GraphSAGE
10197,0.5868647,2.54076,24,GraphSAGE
47383,-1.762747,1.1284584,3,GraphSAGE
748,1.8048074,0.5726229,16,GraphSAGE
144174,0.96230346,2.673123,24,GraphSAGE
57772,-2.2305772,-1.7930967,8,GraphSAGE
26252,1.2927487,1.801134,24,GraphSAGE
29833,-0.29792568,2.5008135,24,GraphSAGE
53852,1.1889501,1.7267214,30,GraphSAGE
50140,-1.6979401,4.317294,24,GraphSAGE
40469,-1.6228945,2.904636,25,GraphSAGE
141220,-1.2182164,-5.306267,8,GraphSAGE
49954,1.8792596,-1.3658025,5,GraphSAGE
4596,-1.2328079,1.718352,10,GraphSAGE
108187,3.0854843,0.41050684,24,GraphSAGE
102594,-2.0535917,-2.676697,38,GraphSAGE
97762,-0.13206308,-2.0695686,20,GraphSAGE
35707,0.011696115,1.3865222,24,GraphSAGE
122826,0.4914055,1.9797131,24,GraphSAGE
162221,2.988786,-0.04856074,16,GraphSAGE
87307,0.80236256,0.78618324,27,GraphSAGE
51175,-0.38916552,4.1604686,24,GraphSAGE
150300,-4.1236672,0.30164206,28,GraphSAGE
146944,1.0717504,2.4581814,31,GraphSAGE
54266,3.6238303,0.9995364,24,GraphSAGE
92577,-2.2494173,1.9864773,4,GraphSAGE
39325,4.105471,-3.1020813,16,GraphSAGE
64362,-0.38525423,-2.1976976,21,GraphSAGE
148173,-3.9756165,-3.6144075,4,GraphSAGE
57764,4.8234644,-0.75903434,16,GraphSAGE
47583,-0.5741194,2.04921,3,GraphSAGE
167891,0.9006278,-2.0130503,27,GraphSAGE
89685,-0.024804175,1.3313352,24,GraphSAGE
83220,-2.2160075,4.274777,24,GraphSAGE
124260,-2.7509515,1.84839,26,GraphSAGE
158674,-0.29846993,-0.5036628,24,GraphSAGE
158239,0.1183005,3.256887,24,GraphSAGE
146784,-1.0608768,2.9272919,24,GraphSAGE
69746,1.9594681,3.6693182,24,GraphSAGE
74941,4.9407687,-2.9383636,16,GraphSAGE
56961,-0.3328933,1.7481705,24,GraphSAGE
145478,5.5159,-2.9497676,16,GraphSAGE
105168,-1.781594,1.8118993,26,GraphSAGE
158720,-2.9093401,2.1877632,24,GraphSAGE
75408,-0.8546122,3.2568479,24,GraphSAGE
50304,-2.7472124,-3.3483787,28,GraphSAGE
3325,-2.223956,-1.3344593,34,GraphSAGE
92044,3.2629156,-0.06643474,16,GraphSAGE
33823,-2.8824472,0.9687344,2,GraphSAGE
58256,-0.33726305,0.85591125,24,GraphSAGE
11449,-2.7226756,-2.8506699,28,GraphSAGE
14100,1.6450098,0.7443025,16,GraphSAGE
60833,5.121817,1.2368122,16,GraphSAGE
17196,1.6552207,0.87119067,24,GraphSAGE
22443,-2.2245085,-2.099959,8,GraphSAGE
57004,1.0551419,3.678453,24,GraphSAGE
82043,-2.938718,-3.9929628,5,GraphSAGE
36856,-1.0970652,2.5866857,6,GraphSAGE
151310,-3.2155137,-1.5522972,28,GraphSAGE
81990,4.2560678,-0.12743556,16,GraphSAGE
64929,-2.3476858,0.116832495,5,GraphSAGE
10184,-4.0148096,-1.7630539,34,GraphSAGE
98671,4.4816885,-2.5122552,16,GraphSAGE
121571,0.3703478,3.3334012,24,GraphSAGE
116001,-2.4928312,-4.155995,4,GraphSAGE
141420,-3.4326198,-4.6394386,28,GraphSAGE
164745,-3.2440903,-2.9956982,8,GraphSAGE
31496,-1.064503,2.5563602,24,GraphSAGE
95193,-0.75753736,-0.057983875,5,GraphSAGE
19868,4.5092707,-0.58293724,16,GraphSAGE
23273,5.0189753,-3.5669599,17,GraphSAGE
88534,-0.47941643,2.3136744,24,GraphSAGE
67554,4.5975995,-1.7777532,16,GraphSAGE
128184,-1.6065173,1.2422286,11,GraphSAGE
49158,4.487069,-1.6519971,16,GraphSAGE
105631,-1.2770514,-3.4583383,34,GraphSAGE
164810,3.912805,-4.3240447,16,GraphSAGE
88509,-1.4760034,3.810596,30,GraphSAGE
133547,-0.25825804,4.54843,30,GraphSAGE
70255,3.0219777,0.88563275,16,GraphSAGE
118879,-1.8828478,-1.6849682,3,GraphSAGE
74985,2.9452577,1.5908879,16,GraphSAGE
56911,-1.113242,-1.5625315,39,GraphSAGE
111894,3.9772272,-3.590622,17,GraphSAGE
14321,1.175353,0.72181916,24,GraphSAGE
112352,-0.8451617,-0.5014548,29,GraphSAGE
31549,3.2545724,0.28579712,31,GraphSAGE
143615,0.978684,-1.6427255,39,GraphSAGE
146790,-0.17669995,4.42792,24,GraphSAGE
91175,-0.57467985,-0.21851194,23,GraphSAGE
45945,1.950921,3.4464135,24,GraphSAGE
19432,-2.193102,-1.7261522,36,GraphSAGE
66091,-0.9387798,4.284872,24,GraphSAGE
74308,0.70072985,1.4573368,16,GraphSAGE
97789,-1.3571775,4.725649,24,GraphSAGE
117611,-4.1331105,-3.4760752,28,GraphSAGE
50017,1.556936,-1.9725269,16,GraphSAGE
149430,-0.19185576,-3.4885168,7,GraphSAGE
141332,-0.3577516,-0.22584772,27,GraphSAGE
129199,-3.7218192,-4.8110933,18,GraphSAGE
57966,2.3706641,-3.505766,17,GraphSAGE
86819,-3.0763643,-0.17088139,31,GraphSAGE
141109,-1.2843561,3.01545,30,GraphSAGE
68830,2.9497275,-0.76330733,16,GraphSAGE
39690,-1.0299635,4.2713895,30,GraphSAGE
42372,-1.6363022,-0.41496408,28,GraphSAGE
111047,0.037721142,2.362248,24,GraphSAGE
101265,-3.3805823,-1.4798428,28,GraphSAGE
148180,0.098988235,0.033985615,5,GraphSAGE
167753,-0.6189145,4.0565553,30,GraphSAGE
66310,-3.7450297,-3.5304284,28,GraphSAGE
125619,2.40382,1.5393273,16,GraphSAGE
5065,-2.860507,-0.9482232,2,GraphSAGE
88108,1.3271844,4.192995,24,GraphSAGE
112274,-1.3761108,3.051855,30,GraphSAGE
43767,-1.373172,-2.062573,24,GraphSAGE
85417,0.6997206,2.1320825,24,GraphSAGE
157276,-0.63785,-3.8009758,28,GraphSAGE
1148,-3.1898656,0.73153245,10,GraphSAGE
73790,-1.532181,3.1889396,24,GraphSAGE
142287,-1.4073002,3.6511521,30,GraphSAGE
39218,1.1372235,2.629952,24,GraphSAGE
103023,1.7211673,-2.7570448,27,GraphSAGE
17150,2.6911578,2.7868838,24,GraphSAGE
39306,0.45305657,0.48787868,27,GraphSAGE
150337,3.2538419,-4.6791544,16,GraphSAGE
8417,4.1469517,0.91901386,16,GraphSAGE
63498,-1.7219472,-1.7655125,33,GraphSAGE
133023,-1.8610148,-0.63230217,34,GraphSAGE
65680,1.3149593,-1.967772,26,GraphSAGE
122772,1.3400869,1.9013826,24,GraphSAGE
122793,-0.30908966,-3.8932118,4,GraphSAGE
143581,0.20222619,3.497826,24,GraphSAGE
1322,0.06871082,4.1560106,30,GraphSAGE
128158,-0.053508967,0.16237426,39,GraphSAGE
108964,-2.5494306,-1.9430552,36,GraphSAGE
118467,-3.2291522,-4.3936,28,GraphSAGE
126563,0.25489783,0.017967463,16,GraphSAGE
111960,-1.1090741,3.0566154,30,GraphSAGE
154230,-1.412368,-3.8861408,19,GraphSAGE
18437,0.5918567,3.2601285,24,GraphSAGE
61648,4.3577094,-1.5697248,16,GraphSAGE
8406,5.3023863,-3.290883,16,GraphSAGE
157374,-2.751314,-2.304694,39,GraphSAGE
62142,-1.891243,3.5005374,10,GraphSAGE
8984,3.1310139,0.95039046,24,GraphSAGE
6285,3.1424227,-0.62802565,16,GraphSAGE
39734,-2.793074,2.0195222,36,GraphSAGE
136148,1.0399253,2.2094026,16,GraphSAGE
74117,-3.589959,-2.925191,5,GraphSAGE
153130,-2.020046,2.415763,24,GraphSAGE
44555,3.352732,0.65054965,16,GraphSAGE
133102,-3.575654,-4.1805205,5,GraphSAGE
89878,-3.321516,-2.7566376,34,GraphSAGE
92347,-0.050149888,0.21042001,3,GraphSAGE
36997,2.4133363,0.7534944,24,GraphSAGE
14328,0.26922357,1.9753894,30,GraphSAGE
107906,-1.6734617,-1.750812,9,GraphSAGE
131760,-0.13788185,6.0890512,30,GraphSAGE
12664,-1.0348179,0.9414449,24,GraphSAGE
167429,-0.83979553,3.2676988,24,GraphSAGE
40533,-4.5656414,-3.9383616,8,GraphSAGE
161404,-0.2995959,3.2594047,24,GraphSAGE
54308,-0.10713221,2.1924996,16,GraphSAGE
77596,-2.4951723,-2.781884,5,GraphSAGE
142673,-4.3496013,-2.0295358,28,GraphSAGE
162706,-1.3340712,-2.9251804,16,GraphSAGE
145051,2.4552739,-0.6631253,24,GraphSAGE
81483,1.7537801,1.4086024,24,GraphSAGE
159516,2.80896,2.4341483,16,GraphSAGE
129050,-0.7203077,3.504037,30,GraphSAGE
84468,-2.6373153,-0.3779657,23,GraphSAGE
7106,-1.6825659,1.7938997,24,GraphSAGE
49899,-1.2998157,-2.871194,2,GraphSAGE
21027,3.1929584,-0.29645962,16,GraphSAGE
1159,3.394065,2.1236906,24,GraphSAGE
57809,-4.487579,-5.5021105,28,GraphSAGE
105638,0.7761803,3.0114017,24,GraphSAGE
124274,-1.1413388,2.4382567,24,GraphSAGE
160117,0.3484571,3.0047555,27,GraphSAGE
121612,2.6134999,0.035498977,16,GraphSAGE
136121,0.4884023,3.8378968,24,GraphSAGE
48497,4.5351954,-2.1281772,16,GraphSAGE
26082,-1.7844939,3.1369634,2,GraphSAGE
162678,-0.23218521,0.27204597,11,GraphSAGE
18341,1.8242314,0.7255355,27,GraphSAGE
160096,1.9351478,0.86372876,16,GraphSAGE
68953,-4.3569627,-3.347371,28,GraphSAGE
108376,-2.1158588,1.0347346,24,GraphSAGE
158788,-3.140661,2.64848,6,GraphSAGE
92043,-0.6305182,1.510151,24,GraphSAGE
107920,1.3757145,1.8294686,30,GraphSAGE
72927,3.4756148,-0.5280445,16,GraphSAGE
134419,-2.3105705,-1.8119123,37,GraphSAGE
167999,0.25747603,1.150927,24,GraphSAGE
84425,4.3763433,-3.2751741,16,GraphSAGE
19347,-3.3699641,-1.431278,36,GraphSAGE
12793,-2.564112,0.1750207,36,GraphSAGE
143830,2.073915,2.162756,24,GraphSAGE
76730,-2.872484,-3.014522,28,GraphSAGE
129579,4.1500726,-2.3115287,16,GraphSAGE
103548,-3.1442735,-1.353726,36,GraphSAGE
159548,2.6258402,0.62179685,24,GraphSAGE
47644,3.0817645,-2.5405216,16,GraphSAGE
119801,0.5216687,1.8375834,24,GraphSAGE
85553,1.0287647,1.1135241,24,GraphSAGE
149569,-1.9483535,0.66942215,24,GraphSAGE
108230,1.4052176,2.7070813,24,GraphSAGE
126475,-0.837227,2.9919152,30,GraphSAGE
162711,-3.2426114,-3.4054008,28,GraphSAGE
79374,-4.044369,-3.1634884,5,GraphSAGE
145549,4.274414,-1.8278737,16,GraphSAGE
103005,-3.1188788,-3.2950149,28,GraphSAGE
133429,2.9575799,-2.7853036,16,GraphSAGE
162569,0.70834297,2.45151,25,GraphSAGE
118553,-0.5927522,1.7513455,13,GraphSAGE
105245,-0.17092545,2.4849682,24,GraphSAGE
87233,3.2340105,-0.2601096,16,GraphSAGE
116455,3.3640976,-1.0627401,16,GraphSAGE
28899,5.7669673,-0.6942489,16,GraphSAGE
46396,4.3327074,-0.89887166,16,GraphSAGE
68905,-3.1298397,-3.325954,28,GraphSAGE
1284,-3.9659548,-3.0496917,28,GraphSAGE
93932,-1.1343157,3.1785507,10,GraphSAGE
99185,-3.0784192,-0.4182719,34,GraphSAGE
23830,1.9953985,0.6287699,16,GraphSAGE
51569,-2.1911895,2.658732,24,GraphSAGE
70085,5.988059,-4.59001,16,GraphSAGE
74972,4.2300243,-2.0626101,16,GraphSAGE
114915,3.8481646,-3.0905118,16,GraphSAGE
153459,-0.75592685,2.7072468,10,GraphSAGE
101081,-1.1642182,-3.096148,0,GraphSAGE
4585,-0.72126234,4.314814,24,GraphSAGE
43617,2.941189,-4.8140864,5,GraphSAGE
32438,1.6672366,1.6511368,24,GraphSAGE
53005,-1.9150159,2.820753,31,GraphSAGE
56690,3.460757,-0.7140604,16,GraphSAGE
1978,-3.7912767,0.2323488,31,GraphSAGE
30045,2.7308729,0.9443852,16,GraphSAGE
64958,4.0308504,-2.896673,16,GraphSAGE
104432,-0.92041636,-3.0003366,7,GraphSAGE
104345,0.61277515,-0.021999478,31,GraphSAGE
152041,3.1669445,-0.66575515,24,GraphSAGE
165220,-0.183945,3.5895123,24,GraphSAGE
66231,0.6465047,-2.9543781,6,GraphSAGE
3765,-3.0368183,0.7722689,11,GraphSAGE
17969,1.7742329,-0.89962554,27,GraphSAGE
85871,-1.7676632,2.642519,30,GraphSAGE
88496,0.97490245,3.2442894,10,GraphSAGE
140928,2.5559733,1.2722882,16,GraphSAGE
83121,-3.5219576,-3.1262426,5,GraphSAGE
96605,3.0473387,1.6736189,16,GraphSAGE
56905,-1.7948723,-3.7713633,8,GraphSAGE
64350,4.585059,-1.0150338,16,GraphSAGE
141285,3.6024542,-4.1402836,27,GraphSAGE
20609,4.129551,-0.057286263,16,GraphSAGE
97732,-0.31123322,4.385652,30,GraphSAGE
51200,3.313517,0.091842294,25,GraphSAGE
150777,3.6907125,-1.4844668,16,GraphSAGE
71561,-0.11098048,3.8710046,24,GraphSAGE
84086,-0.8936946,3.756731,24,GraphSAGE
61799,0.15988374,4.1241827,30,GraphSAGE
141415,-1.0142008,3.2526684,24,GraphSAGE
114583,0.4287567,1.0409623,24,GraphSAGE
128010,-1.6188965,-0.79014325,3,GraphSAGE
166165,4.3564835,-2.7180233,16,GraphSAGE
80543,-2.3168318,1.058525,24,GraphSAGE
55565,-4.2807193,-3.175394,8,GraphSAGE
140104,-2.168842,0.4822638,2,GraphSAGE
154610,-0.7583256,0.62379897,6,GraphSAGE
56627,-4.196763,-3.5210814,8,GraphSAGE
146428,-2.653667,-2.167544,34,GraphSAGE
89903,-0.6880047,2.7138443,30,GraphSAGE
123848,-0.51046765,3.1254907,13,GraphSAGE
60976,-3.2351134,-2.701772,34,GraphSAGE
120786,-4.1982994,-3.2302723,28,GraphSAGE
9815,3.9471512,-2.9002664,16,GraphSAGE
101807,1.8274794,1.6958278,24,GraphSAGE
126836,1.7470481,1.186742,23,GraphSAGE
132192,-3.6406436,-3.3171587,8,GraphSAGE
111098,-0.9069542,-0.13090593,5,GraphSAGE
67586,4.9417453,-2.5982776,16,GraphSAGE
107955,-3.327641,3.9919353,24,GraphSAGE
92515,0.17301309,4.0238314,24,GraphSAGE
105735,0.3830964,1.810613,30,GraphSAGE
141992,-2.479393,-2.1419184,28,GraphSAGE
140076,2.8399718,0.8871101,16,GraphSAGE
139664,3.1015916,0.62809134,16,GraphSAGE
40944,1.0131197,3.280488,24,GraphSAGE
45033,2.181767,0.48229337,16,GraphSAGE
14304,-2.734283,-1.7345248,21,GraphSAGE
2494,4.452701,-3.454702,1,GraphSAGE
81986,1.3024158,2.893804,24,GraphSAGE
120281,1.4451308,2.698863,24,GraphSAGE
97722,-2.6054714,-0.65637994,9,GraphSAGE
165144,-2.5349379,-2.0677338,28,GraphSAGE
81836,-1.2165174,1.8327445,24,GraphSAGE
32851,-2.268813,-0.037311077,39,GraphSAGE
49018,-0.7381037,2.22959,24,GraphSAGE
32500,-0.6459204,3.1430292,10,GraphSAGE
39222,-2.9932897,-2.5180373,5,GraphSAGE
105217,4.5107903,-3.1235108,16,GraphSAGE
7557,-2.477532,3.872788,24,GraphSAGE
155975,-2.4888263,4.4273977,31,GraphSAGE
150699,0.92681116,4.540265,24,GraphSAGE
40969,-2.2135644,-1.6959629,22,GraphSAGE
30302,-1.5512888,3.7331638,30,GraphSAGE
51529,-1.6116595,3.881732,24,GraphSAGE
25822,4.2879744,-0.9998996,16,GraphSAGE
152841,-3.2634225,-1.0119245,28,GraphSAGE
78103,-0.88150644,4.2357693,30,GraphSAGE
80168,-3.6427116,-3.1104646,28,GraphSAGE
72374,-1.2089198,-1.8283956,10,GraphSAGE
7125,-2.5298517,-2.7167768,22,GraphSAGE
125568,1.945734,0.6784557,24,GraphSAGE
138785,-0.5030714,3.5322657,30,GraphSAGE
13812,-2.0514853,1.2538501,11,GraphSAGE
55194,-1.5147314,2.3307629,13,GraphSAGE
65721,1.2471595,-1.9130373,27,GraphSAGE
140074,4.5246625,-3.5465178,16,GraphSAGE
75018,-0.93115324,1.4002203,37,GraphSAGE
84023,-0.66193056,2.0170097,24,GraphSAGE
23805,-2.606271,2.807777,24,GraphSAGE
108313,0.0012170523,1.5503267,31,GraphSAGE
164000,-3.6333504,-2.868719,28,GraphSAGE
133469,-2.0919785,0.93007934,4,GraphSAGE
139623,-3.6376047,-2.745289,4,GraphSAGE
33808,-4.281428,-1.8418822,36,GraphSAGE
92531,-1.614327,3.9586387,24,GraphSAGE
158755,-0.5679821,3.206668,30,GraphSAGE
163948,-0.4007422,1.4378053,9,GraphSAGE
152933,-1.4956942,-0.11265838,26,GraphSAGE
138840,3.8431468,-2.2965903,16,GraphSAGE
69745,-1.0258855,-4.280731,20,GraphSAGE
27742,-1.0764564,0.92073107,24,GraphSAGE
118528,-2.6323225,3.0442262,24,GraphSAGE
27638,-2.9894326,0.057830215,26,GraphSAGE
77992,-1.4127805,3.2294555,30,GraphSAGE
87264,1.5357239,-0.95132077,16,GraphSAGE
125644,4.358868,-2.1954622,16,GraphSAGE
35201,-1.9311974,-1.3021742,26,GraphSAGE
112318,-2.6491282,3.4574332,24,GraphSAGE
2096,-2.0861566,4.417081,24,GraphSAGE
55718,-2.0244622,1.7144321,24,GraphSAGE
106800,-0.5274056,1.609269,24,GraphSAGE
153479,0.6481884,1.7276481,24,GraphSAGE
64825,-3.915313,-2.732592,4,GraphSAGE
125485,-3.097941,-2.3511662,4,GraphSAGE
117589,-0.8283665,4.353893,24,GraphSAGE
24593,1.004698,1.111184,24,GraphSAGE
114571,-2.516786,-3.0750232,34,GraphSAGE
128177,-2.6832755,3.2966814,10,GraphSAGE
52253,-2.9985409,-1.2371552,4,GraphSAGE
71023,5.2381105,-2.2634015,16,GraphSAGE
128252,2.3796742,-3.2114196,1,GraphSAGE
75180,-1.0273991,2.4822388,31,GraphSAGE
165203,1.3007553,0.42203128,24,GraphSAGE
12966,4.12733,0.3471794,16,GraphSAGE
158804,-1.1939278,3.511465,24,GraphSAGE
83320,0.8171793,1.3185774,27,GraphSAGE
60927,-0.62125826,3.5804214,30,GraphSAGE
84571,-0.82068515,4.152599,30,GraphSAGE
20598,0.5922514,4.0246687,24,GraphSAGE
111071,0.44365484,-0.6148871,26,GraphSAGE
100049,-0.53730893,-2.6247864,7,GraphSAGE
40461,-1.3511004,3.4683228,30,GraphSAGE
26137,-0.8296009,4.1626754,30,GraphSAGE
118435,3.4665089,-2.0626597,16,GraphSAGE
62206,4.098121,-1.0923835,16,GraphSAGE
68951,0.052329883,2.3438067,24,GraphSAGE
142697,0.64308304,3.1448712,6,GraphSAGE
117643,2.7926717,2.0137353,16,GraphSAGE
137446,0.7693434,1.9380673,30,GraphSAGE
72843,-1.9683943,-2.0762377,2,GraphSAGE
2532,-1.5182943,-1.8304951,34,GraphSAGE
150323,2.6811907,-1.1026614,16,GraphSAGE
124070,-1.9068184,2.0992103,24,GraphSAGE
11438,2.7043643,0.46497822,27,GraphSAGE
52925,-2.4142363,-2.5683656,22,GraphSAGE
121616,-0.90670663,1.3649629,16,GraphSAGE
29058,3.0484488,0.76270974,13,GraphSAGE
81485,-3.66885,-2.6534832,2,GraphSAGE
55754,-1.1709709,-3.2792902,5,GraphSAGE
94498,-3.510563,-0.95553535,19,GraphSAGE
47253,3.020565,1.0078417,16,GraphSAGE
13020,-1.667465,1.9667097,30,GraphSAGE
9021,2.1020312,2.205223,24,GraphSAGE
136967,3.2761264,-3.6341114,16,GraphSAGE
140088,-3.894575,1.3742198,26,GraphSAGE
144235,3.0989501,-3.243393,16,GraphSAGE
12478,4.817963,-2.7269292,16,GraphSAGE
167851,2.485279,0.81938636,10,GraphSAGE
19735,-0.13151526,3.363923,30,GraphSAGE
7153,-2.6555653,-0.3599357,23,GraphSAGE
82593,2.917271,-2.4870548,1,GraphSAGE
64391,-4.311199,-3.132815,8,GraphSAGE
139599,-2.8803344,-0.50414175,19,GraphSAGE
86741,0.33137637,2.2523904,25,GraphSAGE
52959,-1.2106771,-2.6472461,4,GraphSAGE
41085,-1.2082267,4.329113,30,GraphSAGE
133443,0.1603362,-0.502233,23,GraphSAGE
45058,0.018750742,3.601663,24,GraphSAGE
86790,-0.5033959,-0.99292207,19,GraphSAGE
122561,-0.7366079,2.8442993,30,GraphSAGE
84103,0.41076136,-0.3521707,24,GraphSAGE
141453,-1.8755105,1.8576301,24,GraphSAGE
153314,2.7744186,1.4096888,24,GraphSAGE
21932,1.144068,1.0930873,24,GraphSAGE
147760,-1.4587531,0.4784658,13,GraphSAGE
93393,-4.054559,-3.0943832,28,GraphSAGE
122850,-0.10443023,2.8104782,24,GraphSAGE
134779,-0.5215803,-5.330083,4,GraphSAGE
85515,-3.7638516,-2.18955,33,GraphSAGE
159930,-3.05269,1.1725503,31,GraphSAGE
60492,-1.2334411,1.0178119,37,GraphSAGE
88065,5.105952,-2.7220204,16,GraphSAGE
104314,4.6053815,-2.545404,16,GraphSAGE
88504,-1.1980877,-2.62538,3,GraphSAGE
72304,2.4411156,1.9243501,24,GraphSAGE
32999,1.06211,0.4626577,16,GraphSAGE
91335,4.4926667,-2.0250392,16,GraphSAGE
57066,4.4031577,-1.9315693,16,GraphSAGE
131669,-1.6099582,3.8435082,30,GraphSAGE
41108,1.7324181,2.762126,24,GraphSAGE
53054,-0.07992215,2.5159354,24,GraphSAGE
102958,2.8950331,-2.5570185,24,GraphSAGE
108454,-0.9943779,0.40585542,36,GraphSAGE
97836,-1.0730655,2.9508004,24,GraphSAGE
108234,1.404135,2.1662507,24,GraphSAGE
91237,-1.2118063,0.11726594,34,GraphSAGE
117199,2.8840044,1.3482774,16,GraphSAGE
98626,0.98760587,-0.6030519,27,GraphSAGE
94684,-2.7596786,-2.0130918,28,GraphSAGE
58392,0.4240892,1.1275264,24,GraphSAGE
95600,0.58889866,-3.1225371,16,GraphSAGE
16479,4.601024,-0.6976776,16,GraphSAGE
38201,3.102915,0.50476575,16,GraphSAGE
25037,2.0362227,1.6274894,25,GraphSAGE
79322,-3.7474976,-1.2509729,4,GraphSAGE
79475,1.6110468,-0.60025537,24,GraphSAGE
70087,-1.8944275,2.902059,30,GraphSAGE
50274,-0.11536077,3.0330782,30,GraphSAGE
6252,0.64357865,3.0301232,30,GraphSAGE
153319,-0.529131,-0.6231284,11,GraphSAGE
53100,-2.8117468,-1.2071817,38,GraphSAGE
100377,0.49358827,3.1034393,24,GraphSAGE
97903,4.1923895,-1.4472196,16,GraphSAGE
157474,-1.0182211,1.1090399,24,GraphSAGE
36852,-0.5195805,-1.8836241,5,GraphSAGE
140048,0.1855484,1.1225601,23,GraphSAGE
68373,-3.5057387,-2.8314874,28,GraphSAGE
26225,-0.21348144,-3.7778382,37,GraphSAGE
68823,-2.3973737,-2.3821993,39,GraphSAGE
161379,3.9309053,-0.67613745,16,GraphSAGE
105701,-1.1599911,-3.5101523,23,GraphSAGE
67075,-2.3479986,-3.469953,9,GraphSAGE
101782,-2.9237375,-2.2925923,34,GraphSAGE
130910,0.48935544,3.2356744,24,GraphSAGE
71505,-0.5975201,3.5097756,30,GraphSAGE
102621,-0.880284,2.7188716,22,GraphSAGE
51249,0.58633393,0.55746174,24,GraphSAGE
15777,-2.9654,-2.4757318,34,GraphSAGE
46467,2.3224611,1.9994303,24,GraphSAGE
168046,3.4360259,2.2350373,24,GraphSAGE
22932,-4.5452,-3.6696858,39,GraphSAGE
162150,1.894583,-0.1345141,24,GraphSAGE
20588,2.708842,2.6681008,30,GraphSAGE
22252,1.5228586,2.1809845,24,GraphSAGE
79338,-1.7471719,0.29950154,38,GraphSAGE
152080,4.317447,-2.6735725,16,GraphSAGE
67531,2.980163,-0.51033473,16,GraphSAGE
115095,4.816826,-2.9293232,16,GraphSAGE
84631,-0.66315794,2.2368689,24,GraphSAGE
77490,-3.3385243,-0.3226648,36,GraphSAGE
25067,4.887758,-3.6917267,16,GraphSAGE
26445,-1.6758614,-4.7137046,5,GraphSAGE
156139,4.521948,-4.2410192,16,GraphSAGE
74179,-2.247167,-1.9848267,34,GraphSAGE
108333,-2.2410376,1.9521471,24,GraphSAGE
43600,-2.7250738,-2.8507097,8,GraphSAGE
117017,-1.7991898,-2.244544,9,GraphSAGE
89921,1.0888422,0.7860615,24,GraphSAGE
96504,-0.69898695,4.4663544,10,GraphSAGE
70112,0.498545,2.9840956,31,GraphSAGE
50416,-0.620034,2.0512629,10,GraphSAGE
90734,-1.5411129,3.0269365,24,GraphSAGE
157361,-2.899632,-2.6645842,28,GraphSAGE
41853,-4.061856,-2.2198765,28,GraphSAGE
24905,-0.50287044,1.4495715,30,GraphSAGE
75012,-2.7652645,-3.8224058,8,GraphSAGE
95980,-0.8937117,2.8911881,10,GraphSAGE
145492,-0.2853155,4.0019474,6,GraphSAGE
106520,4.2113547,-1.7917128,16,GraphSAGE
43158,3.3887591,-1.1397283,16,GraphSAGE
130866,-2.4396398,-0.90009904,3,GraphSAGE
90936,-2.5107646,0.7096038,26,GraphSAGE
76763,-0.6517621,2.0722475,25,GraphSAGE
99034,0.576435,3.9771724,24,GraphSAGE
162770,3.0828729,-3.1590815,16,GraphSAGE
63123,-2.289342,1.9398774,24,GraphSAGE
31141,-0.45769456,1.3373662,26,GraphSAGE
128861,-1.5685351,-2.3599868,31,GraphSAGE
15700,-1.849292,-2.2978463,4,GraphSAGE
62204,-1.9197443,-3.8953238,34,GraphSAGE
29086,-2.696939,-1.9603052,34,GraphSAGE
68833,-1.3162897,2.202577,24,GraphSAGE
118790,-1.3774419,0.047286272,24,GraphSAGE
76786,-2.581969,0.45030224,10,GraphSAGE
147740,-1.6467204,3.3467193,24,GraphSAGE
36941,0.13711637,0.8415576,24,GraphSAGE
7230,2.8219748,-1.6402985,16,GraphSAGE
1144,-3.465083,-3.9081168,4,GraphSAGE
102998,-1.9727111,0.28019452,10,GraphSAGE
11629,-0.7706304,1.0223497,24,GraphSAGE
8977,1.2977817,-0.06949663,1,GraphSAGE
85368,-4.499582,-4.94293,4,GraphSAGE
102484,-0.4044125,2.0516772,30,GraphSAGE
125436,-2.8231902,-1.2041298,22,GraphSAGE
163427,-0.5078894,1.7511326,24,GraphSAGE
87236,-2.4670482,3.5903792,24,GraphSAGE
118824,0.9747173,0.29132152,16,GraphSAGE
17096,-1.777936,-1.0124574,10,GraphSAGE
45831,4.302997,-3.324175,16,GraphSAGE
2585,2.873644,-0.6773216,16,GraphSAGE
32827,-2.0795276,-0.27646583,4,GraphSAGE
8903,-4.238093,-4.0003295,8,GraphSAGE
122836,0.1690906,3.2062654,30,GraphSAGE
136009,-1.7295616,3.7408495,24,GraphSAGE
26323,-3.4349036,-1.41808,28,GraphSAGE
75413,0.43459612,-2.193809,27,GraphSAGE
142307,2.1539829,0.59190047,16,GraphSAGE
14419,0.80900985,2.9406204,25,GraphSAGE
105266,-1.6649837,-1.0699221,8,GraphSAGE
91999,1.9390929,-0.7641722,6,GraphSAGE
124312,-2.9691854,-0.23959404,38,GraphSAGE
90060,-1.2882812,0.95597136,31,GraphSAGE
84480,-2.5104735,-1.2134926,23,GraphSAGE
116408,-1.9796097,3.295452,30,GraphSAGE
21125,-3.1372397,-1.4661491,28,GraphSAGE
19560,0.6593029,0.66917014,25,GraphSAGE
34212,0.61657685,1.3922368,24,GraphSAGE
76669,4.206764,-1.5034567,16,GraphSAGE
7069,3.2412279,-0.50659806,16,GraphSAGE
168808,3.6062665,-1.4269412,16,GraphSAGE
140026,0.7835191,0.5017109,6,GraphSAGE
136997,-2.5380707,-3.142313,28,GraphSAGE
116451,5.136544,-2.7744832,16,GraphSAGE
141377,-0.28784692,0.7447274,1,GraphSAGE
129094,-1.8991692,1.1829396,26,GraphSAGE
20648,-1.9696927,-0.6441978,23,GraphSAGE
154702,-2.5767467,3.3243184,24,GraphSAGE
161317,0.16508138,3.4602408,24,GraphSAGE
133622,0.017168611,-0.77492154,24,GraphSAGE
111932,1.3353693,0.036605,24,GraphSAGE
9787,-3.417276,-1.2165148,19,GraphSAGE
41073,-1.5492005,-0.7601993,23,GraphSAGE
142140,-0.61535096,-1.437228,23,GraphSAGE
48589,-0.5400437,3.3129973,24,GraphSAGE
40466,-3.5141244,-3.71695,28,GraphSAGE
160812,-3.589921,-4.5768824,8,GraphSAGE
134321,-2.6315029,0.30054772,19,GraphSAGE
163469,2.2520704,3.0429745,10,GraphSAGE
101320,-2.0569146,-3.653181,18,GraphSAGE
137021,1.4924154,0.03909886,24,GraphSAGE
8838,3.8690119,1.781972,16,GraphSAGE
26382,-3.3675382,-2.9881754,4,GraphSAGE
1197,-0.5045686,1.9163007,6,GraphSAGE
1199,5.1811113,-2.21735,16,GraphSAGE
6262,-1.6111522,-4.8776255,28,GraphSAGE
151960,-1.0220304,-2.7190077,15,GraphSAGE
109646,-1.8682005,-2.147707,37,GraphSAGE
48941,-0.8938832,-3.1094956,17,GraphSAGE
152024,1.6771557,1.8764478,24,GraphSAGE
2530,3.262688,1.5520228,16,GraphSAGE
33745,-3.8538074,-3.0244005,3,GraphSAGE
134917,1.3255603,2.130115,24,GraphSAGE
130339,4.269258,-2.6265497,16,GraphSAGE
142771,3.943142,-0.24309683,16,GraphSAGE
24577,1.9108245,1.0006121,24,GraphSAGE
76293,2.7256503,0.2134651,16,GraphSAGE
40785,-1.7646036,-1.8948001,20,GraphSAGE
41755,2.7795165,1.4338716,24,GraphSAGE
5050,-0.694354,3.2876148,13,GraphSAGE
144161,2.5643435,-0.45647377,16,GraphSAGE
149611,0.9083758,1.7643574,24,GraphSAGE
113696,1.3288004,2.6889305,24,GraphSAGE
15646,-3.8999202,-1.7457771,36,GraphSAGE
104291,3.898447,-1.2857385,16,GraphSAGE
108448,-3.1428194,-3.4174418,5,GraphSAGE
23469,-1.888185,-0.17372167,24,GraphSAGE
111090,-0.2828853,1.6542023,30,GraphSAGE
3873,-0.7698409,4.5088973,30,GraphSAGE
166566,0.29432142,3.370525,24,GraphSAGE
169340,-0.28044197,4.0283494,10,GraphSAGE
18347,2.5155153,-0.884883,27,GraphSAGE
7501,4.556911,-2.3729692,16,GraphSAGE
140018,3.0815053,0.5710099,16,GraphSAGE
130419,1.44894,1.7060992,10,GraphSAGE
47718,2.6169043,1.5746926,24,GraphSAGE
114646,-0.28811267,0.9928032,25,GraphSAGE
146899,0.4624107,2.4280066,24,GraphSAGE
7548,0.08230853,-0.051097512,24,GraphSAGE
166475,-3.6451192,-4.391452,8,GraphSAGE
65755,3.8118172,1.17268,16,GraphSAGE
18552,3.90451,-3.1089578,16,GraphSAGE
91231,-2.8571901,-5.0660095,4,GraphSAGE
130820,-1.7569122,4.736823,24,GraphSAGE
166674,0.2710913,0.40944672,24,GraphSAGE
153378,-1.051304,2.489552,24,GraphSAGE
85996,-2.6799135,2.3363333,3,GraphSAGE
51160,-0.6429879,-3.0017023,28,GraphSAGE
2410,1.7360547,-0.6117907,24,GraphSAGE
74222,0.59057367,2.1808453,24,GraphSAGE
53075,-0.42255396,2.5491476,27,GraphSAGE
76817,-2.1598232,-1.8370771,34,GraphSAGE
161386,0.73573756,3.81034,13,GraphSAGE
49915,-0.39031214,0.8915949,24,GraphSAGE
72389,-1.5503883,-0.27004755,24,GraphSAGE
138273,-2.1553965,2.706346,24,GraphSAGE
121226,-1.0822903,-1.9095109,23,GraphSAGE
76363,-1.5315814,3.0006342,24,GraphSAGE
16588,-1.7793963,2.591857,3,GraphSAGE
2420,-3.7479022,-4.948938,5,GraphSAGE
91222,0.99848074,0.43407345,24,GraphSAGE
114968,-2.1862614,0.8695593,19,GraphSAGE
5851,-1.161108,1.1826166,19,GraphSAGE
98674,-1.9829936,-2.096793,23,GraphSAGE
80362,-0.5745845,1.8747247,30,GraphSAGE
20988,3.9924521,-2.1610188,16,GraphSAGE
21029,0.2755269,0.67370176,24,GraphSAGE
106831,-2.1069038,-2.2001977,9,GraphSAGE
146863,0.38469315,1.52576,27,GraphSAGE
142365,-2.4579527,-0.89419496,8,GraphSAGE
45873,-3.0711114,-0.6640073,10,GraphSAGE
20571,-3.7387195,-1.3156136,37,GraphSAGE
71202,0.46143025,1.5704006,24,GraphSAGE
158719,-0.71522903,-0.32825583,4,GraphSAGE
141465,-3.829589,0.13018584,36,GraphSAGE
120268,4.6970825,0.4940474,16,GraphSAGE
1170,4.1465693,-2.7869995,16,GraphSAGE
164794,4.1859007,-0.89096576,16,GraphSAGE
109229,-1.8386438,-2.959199,5,GraphSAGE
63426,-3.5110927,-3.5131674,5,GraphSAGE
23771,-3.0000863,-4.537417,8,GraphSAGE
80573,-0.32008725,3.709216,30,GraphSAGE
102706,0.51466334,3.0489655,24,GraphSAGE
130804,4.698667,-4.882947,16,GraphSAGE
60831,1.153569,-0.39546102,24,GraphSAGE
156086,1.0860498,3.199469,24,GraphSAGE
158628,-2.8144197,-0.5585333,36,GraphSAGE
168984,2.5379243,1.8594373,30,GraphSAGE
30069,0.36321443,1.1874403,26,GraphSAGE
169024,-2.8553941,0.99569094,36,GraphSAGE
21947,0.74104667,2.4930944,24,GraphSAGE
64567,-1.9939764,-0.2515099,24,GraphSAGE
123751,-0.97025895,2.1818914,30,GraphSAGE
73740,3.8604283,-2.385869,16,GraphSAGE
93373,-2.168674,-2.1997175,36,GraphSAGE
156096,-1.1596127,2.782733,24,GraphSAGE
14441,-1.8020904,-0.95446503,34,GraphSAGE
25063,-1.8522594,4.5511303,24,GraphSAGE
160819,-4.6076503,-0.11510682,36,GraphSAGE
26994,3.2165058,0.44448638,16,GraphSAGE
52975,4.2418413,1.4494673,16,GraphSAGE
53044,0.6110265,-0.92615306,24,GraphSAGE
89478,-2.894675,-3.8771706,34,GraphSAGE
61004,0.73273605,0.18464816,30,GraphSAGE
133434,-0.8641675,2.1177635,31,GraphSAGE
45861,-0.82426715,-0.45708698,26,GraphSAGE
106543,-3.1631973,-4.237809,4,GraphSAGE
128034,5.45744,-1.8352053,16,GraphSAGE
136972,-1.5549383,-3.634067,0,GraphSAGE
150382,-1.6356778,0.89540553,31,GraphSAGE
124078,4.001043,-0.81011873,16,GraphSAGE
56465,-3.0281432,-2.7726068,28,GraphSAGE
122746,-2.4746678,0.020879269,4,GraphSAGE
112368,-1.2852871,0.9658493,23,GraphSAGE
35371,-3.1813176,2.264626,24,GraphSAGE
129585,0.27299803,3.0662484,16,GraphSAGE
154260,1.8973134,1.6324722,16,GraphSAGE
70209,-2.961628,-0.55874914,22,GraphSAGE
122431,-1.468507,-0.17325008,24,GraphSAGE
109796,1.0650754,0.060819626,24,GraphSAGE
81935,-0.748248,2.217577,30,GraphSAGE
15246,-0.9264547,3.872212,24,GraphSAGE
121124,-1.0103439,1.1362561,24,GraphSAGE
19834,-4.746861,-2.5561228,28,GraphSAGE
132108,-2.3164427,2.2846155,24,GraphSAGE
20641,-1.1989601,0.42243493,23,GraphSAGE
141445,0.55408156,4.9098916,3,GraphSAGE
155809,0.76279,-0.1845358,16,GraphSAGE
23739,-1.627748,3.44246,30,GraphSAGE
100430,-2.4326503,2.0441017,24,GraphSAGE
39736,5.2552066,-2.9078736,16,GraphSAGE
82776,-2.0460396,-0.49059862,13,GraphSAGE
86820,-1.0730988,2.0654316,30,GraphSAGE
134337,-1.5469196,3.0742354,10,GraphSAGE
154200,3.4044273,-0.72584736,16,GraphSAGE
128124,-0.54785895,1.7411,30,GraphSAGE
122355,-2.8138204,0.7207273,23,GraphSAGE
87893,2.1835303,-0.5671415,1,GraphSAGE
113705,-2.9932249,2.6979961,24,GraphSAGE
78128,0.3042432,0.42035782,16,GraphSAGE
80174,-2.7568438,3.8375716,30,GraphSAGE
96362,-2.327063,-2.1262817,34,GraphSAGE
1314,-0.37814355,2.8265252,10,GraphSAGE
95083,-2.4503913,4.425983,24,GraphSAGE
22288,-2.5295062,-2.8697388,4,GraphSAGE
29031,2.8405182,2.6483335,24,GraphSAGE
28726,-0.7812504,2.7561994,27,GraphSAGE
103114,1.2958791,1.6633457,24,GraphSAGE
87240,0.4828546,-3.4320245,30,GraphSAGE
16566,-0.2223782,4.4637713,24,GraphSAGE
8602,0.09519598,2.688396,30,GraphSAGE
99072,-2.0678742,-4.16665,4,GraphSAGE
121431,-0.60609055,-3.5247464,24,GraphSAGE
43163,-0.3666557,-0.04333377,24,GraphSAGE
15641,-0.37704712,0.52360547,24,GraphSAGE
158262,0.87261444,-0.6208178,27,GraphSAGE
155915,-3.1622958,-4.607544,34,GraphSAGE
133473,1.2359724,2.1163769,16,GraphSAGE
166577,1.1455307,0.90887105,24,GraphSAGE
131675,-2.5144794,-1.5057,28,GraphSAGE
75053,-2.931233,-1.7895142,28,GraphSAGE
99611,-2.7925224,-2.00929,34,GraphSAGE
68387,-3.993367,-4.636861,28,GraphSAGE
134451,4.876251,-3.0854383,16,GraphSAGE
28943,-0.41603723,0.9576796,24,GraphSAGE
160098,-1.9072311,-0.1715799,36,GraphSAGE
160821,-1.9484401,1.1562732,3,GraphSAGE
23661,-1.7436721,2.5859127,30,GraphSAGE
121519,-2.3550005,-2.8555617,23,GraphSAGE
156641,-3.2013075,-3.5084615,8,GraphSAGE
88083,2.6474607,0.113448024,16,GraphSAGE
14362,1.3997126,2.5554242,16,GraphSAGE
97710,4.5649457,-4.478446,27,GraphSAGE
122279,2.077069,1.5600554,6,GraphSAGE
104316,0.8453147,1.1161219,25,GraphSAGE
16571,1.0379877,1.4446431,24,GraphSAGE
106934,4.465839,-4.3225365,16,GraphSAGE
103047,-2.375804,-2.323134,5,GraphSAGE
159554,-2.2991912,-0.79687345,16,GraphSAGE
22427,0.37307316,0.9183655,24,GraphSAGE
154186,-0.28786248,2.8960314,24,GraphSAGE
144169,-2.9640703,-0.73162097,28,GraphSAGE
84526,4.77952,-0.2203775,16,GraphSAGE
116431,3.7368999,-3.034246,27,GraphSAGE
100360,4.348949,-0.9061723,16,GraphSAGE
167464,4.2894516,0.7800602,16,GraphSAGE
6207,-2.275301,-2.0272636,36,GraphSAGE
123696,5.252256,-0.7806829,16,GraphSAGE
30178,-3.8775494,-3.3639445,5,GraphSAGE
48961,-1.1157011,-1.0384398,6,GraphSAGE
12525,1.8615861,1.1951174,30,GraphSAGE
106519,3.3271265,1.7438229,16,GraphSAGE
128911,-3.4295974,0.40700984,3,GraphSAGE
89690,-1.8540585,-3.6236482,8,GraphSAGE
92631,2.909788,-1.889548,16,GraphSAGE
134873,-0.26459777,4.3892255,30,GraphSAGE
34285,5.6728454,-1.2676104,16,GraphSAGE
109594,-3.3020036,-3.351562,4,GraphSAGE
82025,-3.3490665,-1.6486902,36,GraphSAGE
142447,-3.2590442,-4.3680024,8,GraphSAGE
160881,-2.8938408,0.034160614,22,GraphSAGE
89972,-2.702203,-3.112412,4,GraphSAGE
77663,-3.9430304,-3.9442954,8,GraphSAGE
55601,3.1934955,1.1403786,16,GraphSAGE
129459,-4.0988126,-2.7965841,5,GraphSAGE
80708,4.631182,-1.0619988,16,GraphSAGE
143627,4.4106493,-2.1568384,16,GraphSAGE
153426,1.4094024,0.8178874,16,GraphSAGE
112414,-0.90121037,3.2137823,30,GraphSAGE
158737,-3.4583507,-3.8926873,28,GraphSAGE
133386,-0.7747893,3.7591076,30,GraphSAGE
50287,0.10593349,1.2706474,24,GraphSAGE
39744,2.672469,-0.69063413,17,GraphSAGE
115058,-1.6152351,-0.9859328,24,GraphSAGE
31164,-3.0360103,-1.5855906,37,GraphSAGE
63634,0.5693673,-1.6667348,27,GraphSAGE
72888,-3.9160836,-1.5308242,28,GraphSAGE
55522,0.5390858,3.5048566,30,GraphSAGE
124099,-3.8378015,3.2055182,2,GraphSAGE
61825,-0.0034173727,3.754519,1,GraphSAGE
84630,-1.0023413,1.8106965,31,GraphSAGE
62131,0.25770032,0.5610615,6,GraphSAGE
56974,-0.6959022,1.100114,26,GraphSAGE
39606,-1.273319,-0.09805912,6,GraphSAGE
101655,0.018369913,2.0054216,30,GraphSAGE
70171,1.3495,2.2265015,24,GraphSAGE
28482,-1.7640243,-0.23084432,3,GraphSAGE
80571,1.518265,4.1036577,24,GraphSAGE
72880,-1.3697472,4.547886,24,GraphSAGE
23784,3.8818316,-2.1581779,16,GraphSAGE
10273,4.8664274,1.088899,16,GraphSAGE
45053,0.25576842,2.1240058,30,GraphSAGE
42313,-3.8504238,-2.861094,28,GraphSAGE
107138,1.5101824,2.1828809,27,GraphSAGE
115094,-1.4266675,-0.09800333,3,GraphSAGE
64869,-3.7611356,-2.014148,36,GraphSAGE
132109,-1.7229569,-1.8485036,36,GraphSAGE
78020,-1.9196823,2.310689,24,GraphSAGE
140036,-1.1851897,2.7820039,31,GraphSAGE
144064,1.7576182,3.8829284,24,GraphSAGE
162171,-2.8516073,0.18262255,23,GraphSAGE
86708,-0.48592204,-0.88145113,26,GraphSAGE
54415,1.323786,3.164999,27,GraphSAGE
90026,1.4260137,1.1726319,24,GraphSAGE
167870,0.8296582,3.2533073,24,GraphSAGE
23263,1.6674964,-0.993973,27,GraphSAGE
124222,-0.6985629,4.4484644,30,GraphSAGE
130870,4.0848002,0.3240316,16,GraphSAGE
103850,-0.1525951,3.5971985,24,GraphSAGE
108129,1.351527,1.5558687,24,GraphSAGE
105600,4.6123366,-2.1237345,16,GraphSAGE
130897,-1.040376,1.502803,24,GraphSAGE
97666,0.06672014,1.7325934,25,GraphSAGE
134806,0.14748985,2.8121977,30,GraphSAGE
54302,-2.22987,-0.89691377,34,GraphSAGE
163973,1.0695212,2.7048974,24,GraphSAGE
40886,2.8027775,0.62516725,16,GraphSAGE
151612,-2.2824593,2.5183668,24,GraphSAGE
134743,4.513753,-0.21057099,16,GraphSAGE
141489,4.0487976,-0.6985979,16,GraphSAGE
169305,1.8558714,-1.2290043,24,GraphSAGE
17085,0.91874295,1.0547289,24,GraphSAGE
115969,-3.973406,-5.7499475,4,GraphSAGE
154819,-0.88783944,3.104455,30,GraphSAGE
68205,-2.6253192,0.058600664,26,GraphSAGE
8867,3.5245862,-1.7360637,16,GraphSAGE
18389,-4.7816596,-4.1223826,4,GraphSAGE
140049,0.28717074,1.5413886,31,GraphSAGE
15809,0.89994043,1.6827508,24,GraphSAGE
17211,-3.3019001,-0.24123442,36,GraphSAGE
150291,-3.8371642,-3.2534618,28,GraphSAGE
88376,-0.45975256,2.958263,30,GraphSAGE
155512,2.96685,1.492216,17,GraphSAGE
63117,3.8034303,-0.08749652,16,GraphSAGE
1277,-2.5612612,-1.2912655,4,GraphSAGE
8467,0.25117815,2.9118166,24,GraphSAGE
47709,-3.8360307,-1.2598704,29,GraphSAGE
70162,-1.470669,2.4367247,37,GraphSAGE
158806,-2.1291766,-3.409337,34,GraphSAGE
96384,0.33252764,0.40263355,31,GraphSAGE
108246,-0.83786803,4.282618,30,GraphSAGE
42305,1.1116393,0.78450274,16,GraphSAGE
38420,-2.0568254,-1.3266721,34,GraphSAGE
40446,-0.8176716,1.6633917,31,GraphSAGE
149464,-1.9136634,-1.3111858,19,GraphSAGE
169178,-1.5007529,0.54796374,30,GraphSAGE
83149,2.3232355,-2.3443007,16,GraphSAGE
7524,-0.9870976,0.30649734,23,GraphSAGE
90653,0.2303468,2.2728457,24,GraphSAGE
142854,3.4455802,-0.539017,16,GraphSAGE
133460,-1.5037651,-0.93513864,28,GraphSAGE
146922,-0.10133467,1.5392569,28,GraphSAGE
124109,-1.1086301,-4.1460123,4,GraphSAGE
84642,-1.6671636,2.8556285,24,GraphSAGE
165169,3.983099,0.3981216,16,GraphSAGE
53913,0.94730836,0.9896337,24,GraphSAGE
138892,-2.3842313,-1.5752908,34,GraphSAGE
66240,-3.5308287,1.0679446,28,GraphSAGE
134895,-3.6948977,-4.4929056,28,GraphSAGE
114616,-2.5717535,0.22868145,37,GraphSAGE
86858,-3.6019561,1.3535227,24,GraphSAGE
99216,4.008356,-3.3716135,16,GraphSAGE
72397,-0.52205837,1.4590043,24,GraphSAGE
8939,5.3936725,-1.7859099,16,GraphSAGE
139774,0.059831202,-0.2668411,9,GraphSAGE
29854,1.6657889,3.753252,30,GraphSAGE
32984,3.2634017,-0.11286771,16,GraphSAGE
9041,2.2961059,-0.6388013,27,GraphSAGE
119452,0.35819054,1.8714982,27,GraphSAGE
3741,0.32423288,3.036756,30,GraphSAGE
91154,3.626764,-1.3453368,16,GraphSAGE
19776,-2.6387858,-4.106897,28,GraphSAGE
76798,3.0443087,0.7643454,16,GraphSAGE
26300,0.4851094,0.36171663,16,GraphSAGE
97351,0.33963668,3.5557952,24,GraphSAGE
48531,-1.2738118,-1.1373559,34,GraphSAGE
26409,2.3039048,1.5097493,24,GraphSAGE
28518,4.253207,-3.3932576,16,GraphSAGE
100496,-1.676492,-0.3915555,23,GraphSAGE
154682,2.4311037,-0.4799294,27,GraphSAGE
153478,-0.712089,4.049796,24,GraphSAGE
24901,2.0139952,2.9348307,30,GraphSAGE
154802,-2.1750343,-1.8401341,22,GraphSAGE
52914,0.0011551082,-1.2260898,15,GraphSAGE
54226,0.87605935,0.89005864,27,GraphSAGE
138742,2.2372923,-2.1958477,31,GraphSAGE
32866,-3.5978115,-4.295797,5,GraphSAGE
25020,-0.516225,3.4199777,30,GraphSAGE
60550,-2.3963628,-0.37753284,26,GraphSAGE
100099,-2.8582792,2.4181838,24,GraphSAGE
80315,0.6998581,-0.8988953,27,GraphSAGE
11477,-1.1099203,5.1334248,30,GraphSAGE
148213,0.41487622,-0.83344275,27,GraphSAGE
18320,-1.3215353,3.4231553,11,GraphSAGE
161081,-2.9812844,0.120085955,38,GraphSAGE
137371,2.40504,2.5892453,24,GraphSAGE
141421,-1.846803,4.245755,24,GraphSAGE
125563,-1.4059842,1.743631,24,GraphSAGE
166659,5.1781516,-3.755187,16,GraphSAGE
40457,-3.4282174,-2.863228,28,GraphSAGE
45835,2.6688073,-2.4199533,16,GraphSAGE
42243,-1.3541462,1.6655043,34,GraphSAGE
89635,3.2326827,0.4336257,16,GraphSAGE
76727,2.5119681,-1.5233183,16,GraphSAGE
46397,-1.1179564,-2.6093652,39,GraphSAGE
169337,0.47429168,0.42768192,24,GraphSAGE
161396,0.80225813,0.94708705,24,GraphSAGE
109661,-1.8899839,-2.9677205,34,GraphSAGE
19692,5.7976665,-3.827838,16,GraphSAGE
71605,-1.313061,1.9764386,24,GraphSAGE
155666,1.6114812,0.8194877,13,GraphSAGE
63410,-3.5117097,-1.5794401,3,GraphSAGE
20628,-0.71379244,2.4059873,24,GraphSAGE
69739,-3.0039363,-0.56841135,3,GraphSAGE
49095,3.832117,-2.3341308,16,GraphSAGE
101683,-3.2447362,-2.3702035,28,GraphSAGE
126866,4.144155,1.7981766,16,GraphSAGE
146307,0.30973688,1.498866,25,GraphSAGE
156883,1.2718813,1.1622254,16,GraphSAGE
101828,-2.7179942,-1.3171365,36,GraphSAGE
129049,2.1969593,1.2865778,16,GraphSAGE
89583,-1.883467,-0.14905912,26,GraphSAGE
56797,4.3989067,-2.4684918,16,GraphSAGE
39643,4.2151575,-2.2018504,16,GraphSAGE
78089,-2.9537444,-3.2015147,28,GraphSAGE
134417,-0.7987817,3.9232655,24,GraphSAGE
42382,1.4586039,-2.9287424,27,GraphSAGE
139669,-0.1905803,-0.22261763,31,GraphSAGE
49005,-2.45645,-2.4582183,20,GraphSAGE
18519,-2.7196474,-3.014195,22,GraphSAGE
111917,-3.1950078,-0.60947967,26,GraphSAGE
3350,1.6757848,-2.3832107,27,GraphSAGE
142720,4.782497,-2.7235312,16,GraphSAGE
132250,2.1658998,1.3150243,24,GraphSAGE
106972,-3.0018435,-3.433144,8,GraphSAGE
79070,-0.68164897,-3.6185203,34,GraphSAGE
72870,-2.216609,-3.0182824,34,GraphSAGE
135665,0.63718283,2.323886,24,GraphSAGE
124285,1.9147344,2.4499178,6,GraphSAGE
156893,-2.2297764,-2.3110492,23,GraphSAGE
31121,0.11440864,3.0169182,30,GraphSAGE
100411,-0.8452836,0.44803655,24,GraphSAGE
28553,4.4645677,-1.8970561,16,GraphSAGE
162472,0.16938052,1.7813951,24,GraphSAGE
1251,4.7377214,-3.37812,16,GraphSAGE
71018,0.38446522,3.0846362,30,GraphSAGE
126402,1.6548827,1.4383355,27,GraphSAGE
23834,3.9142613,-1.8701224,27,GraphSAGE
122321,-1.5152783,0.5864471,26,GraphSAGE
18362,4.2559996,0.4961667,16,GraphSAGE
141466,4.0463433,-1.9901434,16,GraphSAGE
106967,-3.0381603,-0.13304228,4,GraphSAGE
25128,-2.079123,-1.3835872,5,GraphSAGE
93798,-1.0341122,2.5144958,30,GraphSAGE
100461,1.9471958,2.3306947,16,GraphSAGE
4613,-0.746584,-0.63506854,33,GraphSAGE
84430,-3.0516403,-2.3184426,29,GraphSAGE
155583,0.8813967,2.0556288,16,GraphSAGE
161333,-0.46922052,3.561576,30,GraphSAGE
48934,1.8135347,1.1320785,24,GraphSAGE
88097,-0.82184035,4.0771146,30,GraphSAGE
160838,2.9236221,-0.32402152,25,GraphSAGE
53106,0.58786786,4.3004117,24,GraphSAGE
111905,-4.1430655,-3.5978742,28,GraphSAGE
85828,0.09729564,4.014139,31,GraphSAGE
82737,4.077191,-2.2731895,16,GraphSAGE
22462,0.41898686,1.2029272,22,GraphSAGE
51224,-3.9392393,-3.368441,28,GraphSAGE
163553,-1.4274871,3.189612,31,GraphSAGE
67220,3.1107178,0.61454046,16,GraphSAGE
14136,-0.70232064,4.034942,30,GraphSAGE
155972,-2.2497904,2.1214714,10,GraphSAGE
96013,-3.2339575,0.7542788,24,GraphSAGE
21123,-2.8383033,-3.7863584,28,GraphSAGE
73681,4.294521,0.24075186,27,GraphSAGE
22408,-0.6929384,2.984496,24,GraphSAGE
138883,4.084487,-0.29969132,3,GraphSAGE
125013,-2.0957744,2.1013331,24,GraphSAGE
14378,1.1602166,0.009799719,24,GraphSAGE
121056,-2.8518832,-1.2515056,2,GraphSAGE
4627,1.7313864,0.6582165,13,GraphSAGE
135692,-0.70813,2.1615005,27,GraphSAGE
145521,1.5109596,2.6861787,30,GraphSAGE
34205,-2.0760899,-1.0087693,29,GraphSAGE
70263,3.059437,-1.7751398,16,GraphSAGE
97875,-1.4518943,2.6858478,24,GraphSAGE
129431,-1.0530965,-4.809913,5,GraphSAGE
117220,-2.3167872,-2.2830853,37,GraphSAGE
155985,-1.720151,4.3927445,30,GraphSAGE
85471,-2.200621,-2.2224479,26,GraphSAGE
50336,-2.3911793,3.087183,10,GraphSAGE
21030,0.7514289,1.5630172,24,GraphSAGE
162741,0.1593673,1.6977538,24,GraphSAGE
114532,3.7275112,-1.5326145,16,GraphSAGE
3357,0.6809339,-1.6614316,27,GraphSAGE
22447,-1.5783155,-1.141252,6,GraphSAGE
47607,0.49480128,2.832921,24,GraphSAGE
39231,-2.7133877,-3.0410104,8,GraphSAGE
29899,4.765573,-1.920043,16,GraphSAGE
2505,4.227725,-1.6596575,16,GraphSAGE
157287,3.1847494,0.3389629,16,GraphSAGE
24923,0.45564157,2.3859673,24,GraphSAGE
73686,-0.8503181,-0.52090955,5,GraphSAGE
84534,5.1914907,-1.5496659,16,GraphSAGE
84466,-1.5742149,2.8774142,24,GraphSAGE
163515,-3.1704092,-4.0775743,28,GraphSAGE
54351,4.21894,-3.1866198,16,GraphSAGE
131616,5.692743,-3.7932448,16,GraphSAGE
167898,2.6464877,1.0710505,16,GraphSAGE
52953,-1.0000983,1.665063,24,GraphSAGE
47672,-0.2760563,-0.79835534,23,GraphSAGE
33747,4.1042037,-1.4247826,24,GraphSAGE
7595,5.193961,-3.4293723,16,GraphSAGE
147727,-0.88940823,2.8719177,24,GraphSAGE
121559,0.593829,2.378046,10,GraphSAGE
101280,1.5766726,1.2234529,31,GraphSAGE
62205,-1.6713245,0.73654485,24,GraphSAGE
30352,-1.7546756,3.7255068,24,GraphSAGE
126354,-4.4354115,-5.0713873,8,GraphSAGE
26307,2.903579,0.7847661,16,GraphSAGE
150386,2.8094323,-0.7260374,16,GraphSAGE
140098,-1.7141879,4.092469,30,GraphSAGE
11540,-1.1717253,0.049584746,23,GraphSAGE
21079,-1.3614414,3.7433128,30,GraphSAGE
5782,4.462937,-1.8277838,16,GraphSAGE
40996,1.9843483,-0.7807549,26,GraphSAGE
159600,4.400631,-1.9268742,16,GraphSAGE
157433,-4.304087,-3.9260268,28,GraphSAGE
1193,5.3935113,-2.3621197,16,GraphSAGE
44913,4.5263333,-3.6930265,27,GraphSAGE
64450,0.11186677,-1.3662463,27,GraphSAGE
126366,-3.761458,-4.112658,28,GraphSAGE
124272,-1.8305278,-1.0123075,24,GraphSAGE
16568,-1.7536292,-1.4962494,28,GraphSAGE
149497,-1.8725038,-5.760373,15,GraphSAGE
63448,-2.3677166,2.6728315,31,GraphSAGE
68989,0.12152523,-3.7126336,39,GraphSAGE
111896,-1.0528253,1.8975168,10,GraphSAGE
56933,-0.21028252,2.1596255,24,GraphSAGE
130669,-3.1403549,-3.8106995,28,GraphSAGE
3791,0.08609688,2.7701802,24,GraphSAGE
53871,4.0556455,-3.6071334,16,GraphSAGE
79390,-2.6403146,-1.8348746,37,GraphSAGE
87878,3.9814801,-2.343865,16,GraphSAGE
19822,-0.96518207,4.560243,10,GraphSAGE
150716,5.0888524,-2.1951194,16,GraphSAGE
38239,-2.2823713,-2.9450557,9,GraphSAGE
150355,-3.6855385,-2.551403,4,GraphSAGE
142755,5.182927,-0.33336055,16,GraphSAGE
126726,-3.018766,-0.14588445,11,GraphSAGE
15712,5.062693,-1.8977126,16,GraphSAGE
150485,-1.4337084,4.108603,24,GraphSAGE
26226,-3.7052763,-2.994066,8,GraphSAGE
166708,-2.995442,-2.1268702,4,GraphSAGE
163434,-2.2006416,0.56033814,26,GraphSAGE
73785,0.17984194,3.244794,30,GraphSAGE
51143,2.7955763,-0.29609782,24,GraphSAGE
7604,-4.4362984,-3.3369718,8,GraphSAGE
90022,-0.43584463,0.95872605,24,GraphSAGE
28503,-2.9409156,1.5478855,24,GraphSAGE
31104,1.6060851,0.13604844,27,GraphSAGE
157427,0.7741458,-1.5096093,18,GraphSAGE
166669,4.859157,-3.779467,16,GraphSAGE
43679,5.352659,-0.5401461,16,GraphSAGE
152892,-3.9087567,-2.7626853,5,GraphSAGE
87161,0.6566567,1.1001636,27,GraphSAGE
105209,-2.042571,2.4805384,37,GraphSAGE
49835,2.4834085,2.2186365,16,GraphSAGE
107085,1.1637876,3.4665866,24,GraphSAGE
160787,1.610415,1.8234388,24,GraphSAGE
34368,-0.11177262,0.30947244,13,GraphSAGE
54153,-0.068904474,-2.1232057,37,GraphSAGE
162309,1.8467023,2.8507724,24,GraphSAGE
136220,1.4470057,0.6554905,16,GraphSAGE
78014,-0.91712344,3.1059203,24,GraphSAGE
140078,-0.6830083,0.85183585,27,GraphSAGE
52956,1.4069924,1.8714331,24,GraphSAGE
63076,-2.5847223,-5.6834965,4,GraphSAGE
92506,0.6374235,2.6232677,30,GraphSAGE
93854,1.8283296,3.3402739,24,GraphSAGE
24560,-3.3258226,-4.0757456,5,GraphSAGE
169223,-0.79989535,-0.043195724,24,GraphSAGE
40492,-2.4950526,0.24421835,37,GraphSAGE
39397,2.693212,0.9996401,24,GraphSAGE
164023,-1.625128,3.4351716,30,GraphSAGE
154632,4.188509,0.03530836,16,GraphSAGE
104020,3.9494534,1.1600662,16,GraphSAGE
18466,1.1063647,2.4267292,24,GraphSAGE
54390,0.013354212,4.1744614,30,GraphSAGE
130349,2.756392,2.5777693,16,GraphSAGE
158266,-0.3670624,2.769548,24,GraphSAGE
122887,-2.9219072,-2.6145744,22,GraphSAGE
123728,2.826037,-0.04607582,16,GraphSAGE
111796,4.6357217,-0.7715015,16,GraphSAGE
41789,0.8793617,4.462355,24,GraphSAGE
47733,-0.6654453,2.1758451,24,GraphSAGE
20649,1.3937888,-0.26830494,16,GraphSAGE
113636,1.1864417,2.4041557,24,GraphSAGE
112401,-2.9373739,0.38926995,26,GraphSAGE
18510,-2.4699728,2.9976087,24,GraphSAGE
53878,-3.4289985,-3.7896776,28,GraphSAGE
93826,1.3758919,0.82303,24,GraphSAGE
51581,-0.7044207,3.5958538,30,GraphSAGE
24448,-1.6748841,-6.2640586,5,GraphSAGE
92054,-4.204869,-1.9848425,4,GraphSAGE
151556,-3.1956618,2.2644506,10,GraphSAGE
2063,3.9305239,0.20219088,16,GraphSAGE
139666,-1.0722501,1.0096706,24,GraphSAGE
61814,0.7171363,-0.031815886,24,GraphSAGE
3768,-3.781973,-3.0284295,28,GraphSAGE
48592,-1.7582691,-1.4019374,34,GraphSAGE
74280,-4.6703196,-3.4231281,28,GraphSAGE
143714,-2.8389428,-0.9703963,4,GraphSAGE
88361,-0.8028478,3.2595754,30,GraphSAGE
92438,-5.038232,-3.9793334,29,GraphSAGE
56515,5.29788,-3.3331347,16,GraphSAGE
160898,-2.822133,-3.925415,28,GraphSAGE
45808,4.711838,-0.83327365,16,GraphSAGE
136225,-0.20511045,1.1355361,10,GraphSAGE
80512,4.784196,-3.4024801,16,GraphSAGE
92033,2.921141,2.4374666,30,GraphSAGE
96572,-1.14769,1.9687434,24,GraphSAGE
27635,-2.285289,-1.2898569,33,GraphSAGE
158251,-4.289921,-1.9260993,2,GraphSAGE
75038,3.5614405,1.137189,16,GraphSAGE
83171,1.9104571,3.4425316,16,GraphSAGE
113602,4.4393935,-1.9286275,16,GraphSAGE
82666,-2.2509978,-1.8893433,33,GraphSAGE
47232,3.726787,1.338781,16,GraphSAGE
14309,0.80317265,-2.0348814,27,GraphSAGE
11412,0.89178914,3.731493,30,GraphSAGE
132307,-1.9699457,-1.6928815,28,GraphSAGE
79313,4.6888,-2.918491,16,GraphSAGE
81870,1.8383746,2.9850965,24,GraphSAGE
71052,-1.621985,-1.1840161,27,GraphSAGE
161423,2.1604319,-1.5571012,16,GraphSAGE
26237,3.820669,1.1470944,16,GraphSAGE
3830,4.413427,-2.9942317,16,GraphSAGE
50294,0.8996721,-1.3485467,24,GraphSAGE
100023,-3.5785484,-3.2473378,8,GraphSAGE
103869,3.1484475,-1.3599405,16,GraphSAGE
59139,2.9457722,0.78074515,16,GraphSAGE
75610,1.5231562,2.8511515,16,GraphSAGE
98630,0.96853846,0.1654799,30,GraphSAGE
166668,3.657597,0.86531985,16,GraphSAGE
156018,0.42598695,-1.4630274,27,GraphSAGE
51231,3.7469225,-4.1838813,27,GraphSAGE
29075,-2.0068238,-3.61933,37,GraphSAGE
134434,1.6006098,2.987125,16,GraphSAGE
99217,-1.6418393,2.3822803,10,GraphSAGE
30175,-0.89234746,4.1738963,30,GraphSAGE
17988,-1.5233912,-2.002997,9,GraphSAGE
114922,-1.6854107,-3.9686737,5,GraphSAGE
24975,-1.3262799,2.635675,30,GraphSAGE
111924,-1.1151845,-1.1636491,24,GraphSAGE
56384,-0.711867,-0.035220146,24,GraphSAGE
32453,-1.561095,2.3689847,13,GraphSAGE
84014,4.0452094,-2.3032944,31,GraphSAGE
31059,1.7061133,0.8270886,25,GraphSAGE
7186,0.013922915,2.4741535,24,GraphSAGE
133423,-3.793701,-2.4369426,4,GraphSAGE
70277,-1.0476415,4.3766236,10,GraphSAGE
128170,0.9745659,2.1157336,27,GraphSAGE
14397,-3.3069756,-2.13764,28,GraphSAGE
106586,-0.18734065,-2.0182602,19,GraphSAGE
109728,0.8066639,2.2641902,24,GraphSAGE
16594,1.5479963,1.3389179,27,GraphSAGE
99052,-0.23851971,-1.3632271,31,GraphSAGE
24521,-3.1366267,-3.115788,28,GraphSAGE
106509,-3.0447288,-3.5270233,8,GraphSAGE
52922,-0.00015424192,1.0190929,24,GraphSAGE
73682,-1.2589753,3.2877254,10,GraphSAGE
112317,0.9497238,0.91922545,16,GraphSAGE
122296,-0.8604685,-0.004887104,26,GraphSAGE
83296,-2.3162515,-4.171887,34,GraphSAGE
128231,-0.26866916,2.637867,10,GraphSAGE
3666,3.564053,0.1930362,16,GraphSAGE
145048,-0.811621,1.062977,24,GraphSAGE
78883,3.0959046,-0.4248007,16,GraphSAGE
30259,3.8978648,0.23120308,16,GraphSAGE
92569,4.274163,-3.2266507,16,GraphSAGE
97897,-3.5308409,-3.293064,4,GraphSAGE
136983,-3.0740545,1.2785686,24,GraphSAGE
52494,-1.1510105,-1.1541849,24,GraphSAGE
122629,-0.77147627,2.7791405,30,GraphSAGE
169334,4.5171757,-2.8385253,16,GraphSAGE
119021,-1.7123396,-2.6934156,34,GraphSAGE
77630,-4.040153,-3.5759392,8,GraphSAGE
22260,0.13745818,2.8917232,13,GraphSAGE
152863,1.0381114,-0.60031223,16,GraphSAGE
76256,-2.36717,-0.8545983,8,GraphSAGE
16804,-3.9001908,-3.0595374,4,GraphSAGE
13846,2.4265952,-1.0552446,16,GraphSAGE
46388,-2.3863356,3.428021,10,GraphSAGE
125073,-2.7137532,-1.1005216,4,GraphSAGE
76449,-0.7196412,2.614737,24,GraphSAGE
133560,2.6866534,0.07635462,27,GraphSAGE
121542,3.7711728,-1.8501507,16,GraphSAGE
44890,-1.439995,2.5525718,31,GraphSAGE
132165,-0.66949314,0.9016651,6,GraphSAGE
45020,-0.5091702,1.0220248,24,GraphSAGE
163839,3.8409147,-0.92599404,24,GraphSAGE
129504,0.88860375,1.5160171,24,GraphSAGE
45767,-0.53892124,2.3363328,24,GraphSAGE
77941,-1.8037176,0.31966698,38,GraphSAGE
118817,-0.26163098,-0.3971237,24,GraphSAGE
84094,0.016933382,2.3589878,24,GraphSAGE
153454,-3.4396467,-2.5429094,23,GraphSAGE
62231,2.7727084,2.1063933,24,GraphSAGE
162588,-0.13210616,3.1796951,30,GraphSAGE
57803,-0.016631529,3.7697158,10,GraphSAGE
20621,-0.9688841,-2.0887775,34,GraphSAGE
58264,-0.77798253,3.807516,30,GraphSAGE
15291,-0.63862413,4.2753544,30,GraphSAGE
162223,-2.2269335,1.1723183,31,GraphSAGE
61763,-2.6858804,-5.112991,8,GraphSAGE
102992,-2.8172102,-3.5693073,5,GraphSAGE
106955,-0.4620692,4.009361,30,GraphSAGE
115967,1.3544288,4.368332,30,GraphSAGE
51584,-3.1566944,-0.7539271,34,GraphSAGE
40933,-1.3631337,-0.94956523,26,GraphSAGE
64835,4.2716837,-3.6091833,16,GraphSAGE
28870,-0.8958411,0.5869255,24,GraphSAGE
75603,-2.8071017,-3.4972305,4,GraphSAGE
84163,-0.059982657,4.2451253,24,GraphSAGE
118423,-2.5520763,-1.6756645,2,GraphSAGE
84481,0.6181394,2.966992,13,GraphSAGE
26292,3.234288,0.4966756,16,GraphSAGE
158648,-3.1959555,-2.1580415,5,GraphSAGE
84664,-3.3263388,-3.722458,28,GraphSAGE
152145,-1.6981666,-2.6792908,5,GraphSAGE
27665,-0.6227926,2.0029168,24,GraphSAGE
121577,0.8944941,-1.5723363,24,GraphSAGE
78843,4.436202,-0.8150415,16,GraphSAGE
118453,-3.4368012,-2.6948647,28,GraphSAGE
122764,-0.51941377,2.849237,24,GraphSAGE
130843,-1.0290926,3.321907,24,GraphSAGE
15686,4.108227,-2.5876174,11,GraphSAGE
18405,-2.6459208,-4.3861623,5,GraphSAGE
3828,0.21157113,3.2567325,31,GraphSAGE
56938,-1.2760026,-0.26424772,5,GraphSAGE
28913,2.1724389,-3.3821297,20,GraphSAGE
55017,4.4988494,-0.22321236,16,GraphSAGE
138002,-1.5824511,-0.25960588,26,GraphSAGE
71091,-4.0751686,-4.5858927,5,GraphSAGE
68889,-2.3878994,1.1778544,24,GraphSAGE
69713,2.5612674,-1.977715,24,GraphSAGE
112419,3.320636,-3.5758877,16,GraphSAGE
168045,-3.7373543,-1.6695348,36,GraphSAGE
133105,-5.228694,-2.5710895,8,GraphSAGE
85811,-3.068597,-5.398384,8,GraphSAGE
94726,2.0475829,0.12877321,16,GraphSAGE
21944,-0.86455697,2.5495667,24,GraphSAGE
112303,-1.4507589,3.2798176,30,GraphSAGE
74118,0.19935957,-3.0901427,20,GraphSAGE
50272,-2.351426,-0.97124934,34,GraphSAGE
155509,-2.0952194,-4.361577,4,GraphSAGE
48196,-0.98051864,-0.74980843,3,GraphSAGE
145071,-0.21255589,2.824164,13,GraphSAGE
10160,-2.4286675,2.1761441,10,GraphSAGE
139559,3.9095182,-1.7558482,16,GraphSAGE
39786,3.3812149,0.55140495,24,GraphSAGE
6184,5.2181063,-1.6084366,16,GraphSAGE
144960,-0.7293422,4.2021155,30,GraphSAGE
167894,2.0470126,0.0143556595,24,GraphSAGE
69645,-0.7379532,2.201912,24,GraphSAGE
47542,0.8910312,-1.2665015,24,GraphSAGE
36887,0.72448885,2.586513,13,GraphSAGE
166299,-0.53164613,1.7113119,31,GraphSAGE
74243,1.3327858,1.260444,6,GraphSAGE
59266,-3.740847,2.132083,10,GraphSAGE
5158,-0.93892115,2.2520256,3,GraphSAGE
102548,-0.831146,0.9212259,28,GraphSAGE
51721,0.7102402,0.4018941,16,GraphSAGE
134831,-0.14417548,0.8021543,11,GraphSAGE
95128,3.8876166,-1.1276019,16,GraphSAGE
15715,2.8905075,-2.2287264,16,GraphSAGE
93904,-1.1764853,0.3778795,30,GraphSAGE
96218,-0.037643537,-0.6679318,24,GraphSAGE
107904,5.265004,-1.6645249,16,GraphSAGE
97728,-1.5088274,1.3185154,24,GraphSAGE
129603,3.4001377,-0.5439328,24,GraphSAGE
13852,3.186981,-0.059171855,16,GraphSAGE
96188,2.9580002,1.6835433,16,GraphSAGE
145065,-1.0819727,2.2279668,13,GraphSAGE
80219,3.613147,-0.70321333,17,GraphSAGE
111009,0.009810746,-0.7601888,31,GraphSAGE
113578,4.4181595,-1.5753994,16,GraphSAGE
75035,2.5229592,-2.3545284,16,GraphSAGE
19777,-1.3744724,1.3310696,31,GraphSAGE
42222,0.8954113,1.8863267,25,GraphSAGE
169240,-2.1279469,-3.3854022,5,GraphSAGE
6341,-1.6091983,-1.4821279,4,GraphSAGE
96525,5.125292,-1.8156703,16,GraphSAGE
85862,-1.1938193,3.2448077,30,GraphSAGE
78062,-1.8087053,-1.8102591,28,GraphSAGE
94683,-1.0759956,3.14257,24,GraphSAGE
132340,5.7336044,-2.4453087,16,GraphSAGE
47585,0.40680736,3.3855042,10,GraphSAGE
120127,5.334997,-2.8030343,16,GraphSAGE
80400,2.8857138,-0.25728863,16,GraphSAGE
113161,-0.6739911,0.9404594,24,GraphSAGE
132326,1.957042,-1.1135854,27,GraphSAGE
133544,3.404539,-1.0059879,1,GraphSAGE
134951,-3.554219,-3.7219105,28,GraphSAGE
1295,-2.7915137,0.6962372,24,GraphSAGE
136781,-0.53345823,-2.2657847,26,GraphSAGE
34277,-1.9654477,3.5077953,30,GraphSAGE
141374,2.3583083,1.2855965,24,GraphSAGE
24509,-1.9157412,-1.0260265,22,GraphSAGE
108269,-1.0369064,3.0900044,30,GraphSAGE
115972,-2.398647,2.0773802,26,GraphSAGE
40997,2.6459148,2.3820505,16,GraphSAGE
49137,5.0228996,-0.17800546,16,GraphSAGE
152098,0.1012581,1.1384324,24,GraphSAGE
66122,3.9030957,-0.45998263,16,GraphSAGE
142791,2.3554292,0.6453724,16,GraphSAGE
136808,-1.7846608,0.6442518,30,GraphSAGE
74191,-2.403982,1.4319199,24,GraphSAGE
141360,-2.614661,-1.7531381,34,GraphSAGE
130724,-1.3851349,-3.1611943,34,GraphSAGE
53770,-3.311363,-4.4753456,8,GraphSAGE
17041,-2.5908666,-1.9452741,5,GraphSAGE
118932,-2.1849706,3.396624,24,GraphSAGE
107000,-2.680969,2.3840742,24,GraphSAGE
141385,-3.2795856,-1.2076986,37,GraphSAGE
27652,2.7316573,-1.4534972,25,GraphSAGE
74290,0.4692194,0.43484187,24,GraphSAGE
159523,-3.1145618,-2.5626106,28,GraphSAGE
113675,-3.292069,-3.6660771,28,GraphSAGE
96100,-3.626135,-2.187673,4,GraphSAGE
39172,-2.730855,0.8227397,11,GraphSAGE
56520,-2.0346394,-2.9582548,34,GraphSAGE
80729,-1.6495264,1.9061209,24,GraphSAGE
116438,-2.6476803,0.28822744,34,GraphSAGE
22400,4.799913,-3.9513254,16,GraphSAGE
78945,1.3227165,3.4435453,24,GraphSAGE
32687,-3.0708284,-0.80680585,11,GraphSAGE
134921,3.7344491,-1.0381049,16,GraphSAGE
80169,-3.5805416,-3.1227117,8,GraphSAGE
13031,-0.34169567,0.7347188,24,GraphSAGE
63156,5.1545835,-3.4703088,16,GraphSAGE
153428,2.3925285,0.95858157,24,GraphSAGE
55670,-3.3059669,-2.7155294,28,GraphSAGE
70107,-3.7506864,-3.8015137,4,GraphSAGE
163904,1.0387471,2.9338818,24,GraphSAGE
62303,-3.4642034,-3.004213,28,GraphSAGE
126773,5.2295294,-1.5744803,16,GraphSAGE
156084,-0.6650368,0.53241587,7,GraphSAGE
116275,4.312097,-2.1776855,17,GraphSAGE
126450,-3.3444483,-3.4063525,4,GraphSAGE
26407,-1.3796802,2.5114589,6,GraphSAGE
93348,4.882479,-3.274753,16,GraphSAGE
7563,-0.471905,3.6257749,10,GraphSAGE
84567,-2.2877982,0.4544481,3,GraphSAGE
79400,0.72999436,1.8365451,16,GraphSAGE
62170,-0.74977386,2.6394043,24,GraphSAGE
33597,4.8832316,-2.4551382,16,GraphSAGE
129410,-1.3628707,2.3387604,30,GraphSAGE
132274,3.1667774,-1.0882457,16,GraphSAGE
115081,0.008630857,2.7605405,24,GraphSAGE
151640,1.176539,1.6446658,24,GraphSAGE
76280,1.901197,2.0587935,24,GraphSAGE
164737,-3.8267603,-0.38084853,34,GraphSAGE
11578,-0.12207177,1.584294,24,GraphSAGE
60638,2.2153866,0.9827379,16,GraphSAGE
118978,-3.5599017,-4.0800037,28,GraphSAGE
129048,-3.6373057,-2.9972959,28,GraphSAGE
28659,-1.2617953,-2.3835268,15,GraphSAGE
107123,0.4589191,2.489954,24,GraphSAGE
47588,-3.277352,-3.15595,8,GraphSAGE
140220,-4.0273113,-3.6304126,28,GraphSAGE
145565,-3.5105047,-3.528131,28,GraphSAGE
11113,-3.4853015,-0.3271137,36,GraphSAGE
150742,-3.8961968,-0.05605483,10,GraphSAGE
94676,-1.2186077,-2.6225371,22,GraphSAGE
15802,-2.1483684,-0.018981218,23,GraphSAGE
39199,-0.2682154,1.5653316,2,GraphSAGE
76776,2.4308262,0.33598602,24,GraphSAGE
75540,-4.3799906,-0.73111415,28,GraphSAGE
92608,1.6677101,1.2000624,6,GraphSAGE
139987,-1.9894004,3.1136794,24,GraphSAGE
68731,0.3579017,3.9236999,30,GraphSAGE
109578,1.2830067,-0.055591464,16,GraphSAGE
133094,4.2346916,-0.65340865,16,GraphSAGE
157274,-2.483287,3.3601904,36,GraphSAGE
31548,4.1957636,-3.1270685,16,GraphSAGE
63441,4.32,-2.3280096,16,GraphSAGE
85379,-2.697623,2.787469,31,GraphSAGE
76777,0.0998072,-3.708675,27,GraphSAGE
142758,-2.3604414,3.7182841,10,GraphSAGE
22318,-0.33201694,-1.4191022,34,GraphSAGE
87241,-1.6873429,-2.2426205,4,GraphSAGE
133573,-0.41457272,2.6452599,30,GraphSAGE
122364,3.61303,-0.97708553,16,GraphSAGE
129501,3.771669,2.531578,24,GraphSAGE
125431,3.8619404,-2.261648,16,GraphSAGE
165279,5.522583,0.79243636,16,GraphSAGE
89875,-0.48496735,3.4035435,10,GraphSAGE
16590,4.875401,-1.5943952,16,GraphSAGE
34373,2.1464267,0.95160973,16,GraphSAGE
118844,5.152784,-3.3369675,16,GraphSAGE
15222,3.9830928,2.2625837,24,GraphSAGE
145607,3.4264486,-1.3323381,27,GraphSAGE
74120,-0.9306543,3.8871126,10,GraphSAGE
75051,-3.2115152,-3.0246344,28,GraphSAGE
111095,-2.1907904,-1.2391661,34,GraphSAGE
132092,-0.034656957,1.1899067,10,GraphSAGE
15662,-0.99673545,4.835694,30,GraphSAGE
